INFO:codette_core:[codette_core] Rust extension loaded — FFT running at native speed
  Identity anchor loaded (1 known identities)
  Behavior Governor loaded (identity + memory + cognitive load governance)
INFO:reasoning_forge.unified_memory:UnifiedMemory: 2840 cocoons in J:\codette-clean\data\codette_memory.db
  Unified Memory loaded (2840 cocoons, FTS5 active)
============================================================
  CODETTE WEB UI
============================================================
  Session: 3c664fd2e28b6f92
  Cocoon: spiderweb=True, metrics=True
  Started 1 worker thread for serial inference
  Started cleanup thread for queue maintenance
  Started worker health monitor thread
  Started heartbeat thread (liveness line every 30s)

  Server: http://localhost:7860
  Press Ctrl+C to stop

  Model loading in background (takes ~60s on first startup)...
  [BACKEND] using backend='openvino' (CODETTE_BACKEND=None)
  [BACKEND] server __file__=J:\codette-clean\inference\codette_server.py

  Loading CodetteOrchestrator (backend: openvino)...
  Memory weighting loaded (unified cocoon feedback active)
  [05:49:50] [  http] "GET /api/aegis/stats?hours=24 HTTP/1.1" 200 -
[OV] Adapters: newton, davinci, empathy, philosophy, quantum, consciousness, multi_perspective, systems_architecture, constraint_tracker, orchestrator, newton-star, newton-star-hard, newton-star-r
  [05:49:50] [  http] "GET /api/governor HTTP/1.1" 200 -
  [05:49:50] [  http] "GET /api/drift HTTP/1.1" 200 -
  [05:49:50] [  http] "GET /api/status HTTP/1.1" 200 -
  [05:49:50] [  http] "GET /api/aegis/stats?hours=24 HTTP/1.1" 200 -
  [05:49:50] [  http] "GET /api/aegis/healing-log?limit=15 HTTP/1.1" 200 -
  [05:49:51] [  http] "GET /api/aegis/recent-events?limit=15 HTTP/1.1" 200 -
  [05:49:51] [  http] "GET /api/drift HTTP/1.1" 200 -
  [05:49:51] [  http] "GET /api/drift HTTP/1.1" 200 -
  [05:49:51] [  http] "GET /api/governor HTTP/1.1" 200 -
  [05:49:51] [  http] "GET /api/governor HTTP/1.1" 200 -
  [05:49:51] [  http] "GET /api/drift HTTP/1.1" 200 -
  [05:49:51] [  http] "GET /api/drift HTTP/1.1" 200 -
  [05:49:52] [  http] "GET /api/status HTTP/1.1" 200 -
  [05:49:52] [  http] "GET /api/drift HTTP/1.1" 200 -
  [05:49:52] [  http] "GET /api/drift HTTP/1.1" 200 -
[OV] MODEL_DIR=J:\codette-clean\openvino_backend\llama-3.1-8b-instruct-int4
[OV] MODEL_DIR exists=True
[OV] Loading llama-3.1-8b-instruct-int4 on AUTO...
  [05:49:52] [  http] "GET /api/status HTTP/1.1" 200 -
  [05:49:52] [  http] "GET /api/drift HTTP/1.1" 200 -
  [05:49:52] [  http] "GET /api/aegis/stats?hours=24 HTTP/1.1" 200 -
  [05:49:53] [  http] "GET /api/drift HTTP/1.1" 200 -
  [05:49:53] [  http] "GET /api/drift HTTP/1.1" 200 -
  [05:49:53] [  http] "GET /api/aegis/stats?hours=24 HTTP/1.1" 200 -
  [05:49:53] [  http] "GET /api/drift HTTP/1.1" 200 -
  [05:49:53] [  http] "GET /api/status HTTP/1.1" 200 -
  [05:49:53] [  http] "GET /api/drift HTTP/1.1" 200 -
  [05:49:54] [  http] "GET /api/status HTTP/1.1" 200 -
  [05:49:54] [  http] "GET /api/health HTTP/1.1" 200 -
  [05:49:54] [  http] "GET /api/status HTTP/1.1" 200 -
  [05:49:54] [  http] "GET /api/drift HTTP/1.1" 200 -
  [05:49:55] [  http] "GET /api/aegis/stats?hours=24 HTTP/1.1" 200 -
  [05:49:55] [  http] "GET /api/aegis/healing-log?limit=15 HTTP/1.1" 200 -
  [05:49:55] [  http] "GET /api/aegis/recent-events?limit=15 HTTP/1.1" 200 -
  [05:49:55] [  http] "GET /api/status HTTP/1.1" 200 -
  [05:49:55] [  http] "GET /api/drift HTTP/1.1" 200 -
  [05:49:56] [  http] "GET /api/drift HTTP/1.1" 200 -
  [05:49:56] [  http] "GET /api/status HTTP/1.1" 200 -
  [05:49:56] [  http] "GET / HTTP/1.1" 200 -
  [05:49:56] [  http] "GET /api/aegis/stats?hours=24 HTTP/1.1" 200 -
  [05:49:56] [  http] "GET /api/status HTTP/1.1" 200 -
  [05:49:57] [  http] "GET /api/aegis/healing-log?limit=15 HTTP/1.1" 200 -
  [05:49:57] [  http] "GET /api/aegis/recent-events?limit=15 HTTP/1.1" 200 -
  [05:49:57] [  http] "GET /api/drift HTTP/1.1" 200 -
  [05:49:57] [  http] "GET /api/status HTTP/1.1" 200 -
  [05:49:57] [  http] "GET /api/sessions HTTP/1.1" 200 -
  [05:49:57] [  http] "GET /api/status HTTP/1.1" 200 -
  [05:49:57] [  http] "GET /api/aegis/stats?hours=24 HTTP/1.1" 200 -
  [05:49:57] [  http] "GET /api/aegis/healing-log?limit=15 HTTP/1.1" 200 -
  [05:49:57] [  http] "GET /api/aegis/recent-events?limit=15 HTTP/1.1" 200 -
  [05:49:57] [  http] "GET /api/drift HTTP/1.1" 200 -
  [05:49:58] [  http] "GET /api/aegis/stats?hours=24 HTTP/1.1" 200 -
  [05:49:58] [  http] "GET /api/aegis/healing-log?limit=15 HTTP/1.1" 200 -
  [05:49:58] [  http] "GET /api/aegis/recent-events?limit=15 HTTP/1.1" 200 -
  [05:49:58] [  http] "GET / HTTP/1.1" 200 -
  [05:49:58] [  http] "GET /api/governor HTTP/1.1" 200 -
  [05:49:59] [  http] "GET /api/drift HTTP/1.1" 200 -
  [05:49:59] [  http] "GET /api/status HTTP/1.1" 200 -
  [05:49:59] [  http] "GET /api/status HTTP/1.1" 200 -
  [05:49:59] [  http] "GET /api/drift HTTP/1.1" 200 -
  [05:49:59] [  http] "GET /api/status HTTP/1.1" 200 -
  [05:49:59] [  http] "GET /api/governor HTTP/1.1" 200 -
  [05:49:59] [  http] "GET /api/drift HTTP/1.1" 200 -
  [05:50:00] [  http] "GET /api/status HTTP/1.1" 200 -
  [05:50:00] [  http] "GET /api/aegis/stats?hours=24 HTTP/1.1" 200 -
  [05:50:00] [  http] "GET /api/drift HTTP/1.1" 200 -
  [05:50:01] [  http] "GET /api/governor HTTP/1.1" 200 -
  [05:50:01] [  http] "GET /api/status HTTP/1.1" 200 -
  [05:50:01] [  http] "GET /api/drift HTTP/1.1" 200 -
  [05:50:02] [  http] "GET /api/status HTTP/1.1" 200 -
  [05:50:02] [  http] "GET /api/aegis/stats?hours=24 HTTP/1.1" 200 -
  [05:50:02] [  http] "GET /api/governor HTTP/1.1" 200 -
  [05:50:02] [  http] "GET /api/status HTTP/1.1" 200 -
  [INFO] Client request queued — model still loading, waiting for ready...
  [05:50:02] [  http] "GET /api/status HTTP/1.1" 200 -
  [05:50:02] [  http] "GET /api/drift HTTP/1.1" 200 -
  [05:50:02] [  http] "GET /api/drift HTTP/1.1" 200 -
  [05:50:02] [  http] "GET /api/aegis/stats?hours=24 HTTP/1.1" 200 -
  [05:50:03] [  http] "GET /api/aegis/stats?hours=24 HTTP/1.1" 200 -
  [05:50:03] [  http] "GET /api/status HTTP/1.1" 200 -
  [05:50:03] [  http] "GET /api/drift HTTP/1.1" 200 -
  [05:50:04] [  http] "GET /api/status HTTP/1.1" 200 -
  [05:50:04] [  http] "GET /api/status HTTP/1.1" 200 -
  [05:50:04] [  http] "GET /api/drift HTTP/1.1" 200 -
  [05:50:05] [  http] "GET /api/status HTTP/1.1" 200 -
  [05:50:05] [  http] "GET /api/aegis/stats?hours=24 HTTP/1.1" 200 -
  [05:50:05] [  http] "GET /api/aegis/healing-log?limit=15 HTTP/1.1" 200 -
  [05:50:05] [  http] "GET /api/aegis/recent-events?limit=15 HTTP/1.1" 200 -
  [05:50:05] [  http] "GET /api/drift HTTP/1.1" 200 -
  [05:50:05] [  http] "GET /api/drift HTTP/1.1" 200 -
  [05:50:06] [  http] "GET /api/status HTTP/1.1" 200 -
  [05:50:06] [  http] "GET /api/status HTTP/1.1" 200 -
  [05:50:06] [  http] "GET /api/status HTTP/1.1" 200 -
  [05:50:06] [  http] "GET /api/aegis/stats?hours=24 HTTP/1.1" 200 -
  [05:50:06] [  http] "GET /api/drift HTTP/1.1" 200 -
  [05:50:07] [  http] "GET /api/aegis/healing-log?limit=15 HTTP/1.1" 200 -
  [05:50:07] [  http] "GET /api/aegis/recent-events?limit=15 HTTP/1.1" 200 -
  [05:50:07] [  http] "GET /api/aegis/stats?hours=24 HTTP/1.1" 200 -
  [05:50:07] [  http] "GET /api/aegis/healing-log?limit=15 HTTP/1.1" 200 -
  [05:50:07] [  http] "GET /api/aegis/recent-events?limit=15 HTTP/1.1" 200 -
  [05:50:08] [  http] "GET /api/aegis/stats?hours=24 HTTP/1.1" 200 -
  [05:50:08] [  http] "GET /api/status HTTP/1.1" 200 -
  [05:50:08] [  http] "GET /api/drift HTTP/1.1" 200 -
  [05:50:08] [  http] "GET /api/aegis/healing-log?limit=15 HTTP/1.1" 200 -
  [05:50:08] [  http] "GET /api/aegis/recent-events?limit=15 HTTP/1.1" 200 -
  [05:50:08] [  http] "GET /api/status HTTP/1.1" 200 -
  [05:50:08] [  http] "GET /api/drift HTTP/1.1" 200 -
  [05:50:08] [  http] "GET /api/status HTTP/1.1" 200 -
  [05:50:08] [  http] "GET /api/governor HTTP/1.1" 200 -
  [05:50:08] [  http] "GET /api/status HTTP/1.1" 200 -
  [05:50:09] [  http] "GET /api/drift HTTP/1.1" 200 -
  [05:50:09] [  http] "GET /api/drift HTTP/1.1" 200 -
  [05:50:10] [  http] "GET /api/aegis/stats?hours=24 HTTP/1.1" 200 -
  [05:50:10] [  http] "GET /api/governor HTTP/1.1" 200 -
  [05:50:10] [  http] "GET /api/status HTTP/1.1" 200 -
  [05:50:10] [  http] "GET /api/drift HTTP/1.1" 200 -
  [05:50:11] [  http] "GET /api/status HTTP/1.1" 200 -
  [05:50:11] [  http] "GET /api/status HTTP/1.1" 200 -
  [05:50:11] [  http] "GET /api/status HTTP/1.1" 200 -
  [05:50:11] [  http] "GET /api/drift HTTP/1.1" 200 -
  [05:50:11] [  http] "GET /api/governor HTTP/1.1" 200 -
  [05:50:11] [  http] "GET /api/aegis/stats?hours=24 HTTP/1.1" 200 -
  [05:50:12] [  http] "GET /api/drift HTTP/1.1" 200 -
  [05:50:12] [  http] "GET /api/governor HTTP/1.1" 200 -
  [05:50:12] [  http] "GET /api/status HTTP/1.1" 200 -
  [05:50:12] [  http] "GET /api/aegis/stats?hours=24 HTTP/1.1" 200 -
  [05:50:12] [  http] "GET /api/drift HTTP/1.1" 200 -
  [05:50:13] [  http] "GET /api/aegis/stats?hours=24 HTTP/1.1" 200 -
  [05:50:13] [  http] "GET /api/status HTTP/1.1" 200 -
  [05:50:13] [  http] "GET /api/status HTTP/1.1" 200 -
  [05:50:13] [  http] "GET /api/drift HTTP/1.1" 200 -
  [05:50:14] [  http] "GET /api/status HTTP/1.1" 200 -
  [05:50:14] [  http] "GET /api/drift HTTP/1.1" 200 -
  [05:50:14] [  http] "GET /api/status HTTP/1.1" 200 -
  [05:50:15] [  http] "GET /api/drift HTTP/1.1" 200 -
  [05:50:15] [  http] "GET /api/status HTTP/1.1" 200 -
  [05:50:15] [  http] "GET /api/aegis/stats?hours=24 HTTP/1.1" 200 -
  [05:50:15] [  http] "GET /api/aegis/healing-log?limit=15 HTTP/1.1" 200 -
  [05:50:15] [  http] "GET /api/aegis/recent-events?limit=15 HTTP/1.1" 200 -
  [05:50:15] [  http] "GET /api/status HTTP/1.1" 200 -
  [05:50:15] [  http] "GET /api/drift HTTP/1.1" 200 -
  [05:50:16] [  http] "GET /api/status HTTP/1.1" 200 -
  [05:50:16] [  http] "GET /api/aegis/stats?hours=24 HTTP/1.1" 200 -
  [05:50:17] [  http] "GET /api/drift HTTP/1.1" 200 -
  [05:50:17] [  http] "GET /api/aegis/healing-log?limit=15 HTTP/1.1" 200 -
  [05:50:17] [  http] "GET /api/aegis/recent-events?limit=15 HTTP/1.1" 200 -
  [05:50:17] [  http] "GET /api/status HTTP/1.1" 200 -
  [05:50:17] [  http] "GET /api/status HTTP/1.1" 200 -
  [05:50:17] [  http] "GET /api/drift HTTP/1.1" 200 -
  [05:50:17] [  http] "GET /api/aegis/stats?hours=24 HTTP/1.1" 200 -
  [05:50:17] [  http] "GET /api/status HTTP/1.1" 200 -
  [05:50:17] [  http] "GET /api/aegis/recent-events?limit=15 HTTP/1.1" 200 -
  [05:50:17] [  http] "GET /api/aegis/healing-log?limit=15 HTTP/1.1" 200 -
  [05:50:18] [  http] "GET /api/drift HTTP/1.1" 200 -
  [05:50:18] [  http] "GET /api/aegis/stats?hours=24 HTTP/1.1" 200 -
  [05:50:18] [  http] "GET /api/aegis/recent-events?limit=15 HTTP/1.1" 200 -
  [05:50:18] [  http] "GET /api/aegis/healing-log?limit=15 HTTP/1.1" 200 -
  [05:50:18] [  http] "GET /api/governor HTTP/1.1" 200 -
  [05:50:18] [  http] "GET /api/drift HTTP/1.1" 200 -
  [05:50:19] [  http] "GET /api/status HTTP/1.1" 200 -
  [05:50:19] [  http] "GET /api/status HTTP/1.1" 200 -
  [05:50:19] [  http] "GET /api/status HTTP/1.1" 200 -
  [05:50:20] [heartbeat] up 0m30s · model=loading · idle · pending=0
  [05:50:20] [  http] "GET /api/drift HTTP/1.1" 200 -
  [05:50:20] [  http] "GET /api/governor HTTP/1.1" 200 -
  [05:50:20] [  http] "GET /api/status HTTP/1.1" 200 -
  [05:50:20] [  http] "GET /api/aegis/stats?hours=24 HTTP/1.1" 200 -
  [05:50:20] [  http] "GET /api/drift HTTP/1.1" 200 -
  [05:50:20] [  http] "GET /api/drift HTTP/1.1" 200 -
  [05:50:21] [  http] "GET /api/status HTTP/1.1" 200 -
  [05:50:21] [  http] "GET /api/status HTTP/1.1" 200 -
  [05:50:21] [  http] "GET /api/drift HTTP/1.1" 200 -
  [05:50:22] [  http] "GET /api/status HTTP/1.1" 200 -
  [05:50:22] [  http] "GET /api/aegis/stats?hours=24 HTTP/1.1" 200 -
  [05:50:22] [  http] "GET /api/governor HTTP/1.1" 200 -
  [05:50:22] [  http] "GET /api/governor HTTP/1.1" 200 -
  [05:50:22] [  http] "GET /api/aegis/stats?hours=24 HTTP/1.1" 200 -
  [05:50:23] [  http] "GET /api/status HTTP/1.1" 200 -
  [05:50:23] [  http] "GET /api/aegis/stats?hours=24 HTTP/1.1" 200 -
  [05:50:23] [  http] "GET /api/drift HTTP/1.1" 200 -
  [05:50:23] [  http] "GET /api/status HTTP/1.1" 200 -
  [05:50:23] [  http] "GET /api/drift HTTP/1.1" 200 -
  [05:50:23] [  http] "GET /api/status HTTP/1.1" 200 -
  [05:50:24] [  http] "GET /api/drift HTTP/1.1" 200 -
  [05:50:24] [  http] "GET /api/status HTTP/1.1" 200 -
  [05:50:24] [  http] "GET /api/drift HTTP/1.1" 200 -
  [05:50:25] [  http] "GET /api/aegis/stats?hours=24 HTTP/1.1" 200 -
  [05:50:25] [  http] "GET /api/status HTTP/1.1" 200 -
  [05:50:25] [  http] "GET /api/aegis/healing-log?limit=15 HTTP/1.1" 200 -
  [05:50:25] [  http] "GET /api/aegis/recent-events?limit=15 HTTP/1.1" 200 -
  [05:50:26] [  http] "GET /api/status HTTP/1.1" 200 -
  [05:50:26] [  http] "GET /api/drift HTTP/1.1" 200 -
  [05:50:26] [  http] "GET /api/drift HTTP/1.1" 200 -
  [05:50:26] [  http] "GET /api/status HTTP/1.1" 200 -
  [05:50:26] [  http] "GET /api/status HTTP/1.1" 200 -
  [05:50:26] [  http] "GET /api/aegis/stats?hours=24 HTTP/1.1" 200 -
  [05:50:27] [  http] "GET /api/aegis/healing-log?limit=15 HTTP/1.1" 200 -
  [05:50:27] [  http] "GET /api/aegis/recent-events?limit=15 HTTP/1.1" 200 -
  [05:50:27] [  http] "GET /api/drift HTTP/1.1" 200 -
  [05:50:27] [  http] "GET /api/status HTTP/1.1" 200 -
  [05:50:27] [  http] "GET /api/aegis/stats?hours=24 HTTP/1.1" 200 -
  [05:50:27] [  http] "GET /api/aegis/healing-log?limit=15 HTTP/1.1" 200 -
  [05:50:27] [  http] "GET /api/aegis/recent-events?limit=15 HTTP/1.1" 200 -
  [05:50:27] [  http] "GET /api/drift HTTP/1.1" 200 -
  [05:50:28] [  http] "GET /api/aegis/stats?hours=24 HTTP/1.1" 200 -
  [05:50:28] [  http] "GET /api/aegis/healing-log?limit=15 HTTP/1.1" 200 -
  [05:50:28] [  http] "GET /api/aegis/recent-events?limit=15 HTTP/1.1" 200 -
  [05:50:28] [  http] "GET /api/status HTTP/1.1" 200 -
  [05:50:28] [  http] "GET /api/governor HTTP/1.1" 200 -
  [05:50:29] [  http] "GET /api/status HTTP/1.1" 200 -
  [05:50:29] [  http] "GET /api/drift HTTP/1.1" 200 -
  [05:50:29] [  http] "GET /api/status HTTP/1.1" 200 -
  [05:50:29] [  http] "GET /api/drift HTTP/1.1" 200 -
  [05:50:29] [  http] "GET /api/status HTTP/1.1" 200 -
  [05:50:29] [  http] "GET /api/drift HTTP/1.1" 200 -
  [05:50:30] [  http] "GET /api/governor HTTP/1.1" 200 -
  [05:50:30] [  http] "GET /api/status HTTP/1.1" 200 -
  [05:50:30] [  http] "GET /api/aegis/stats?hours=24 HTTP/1.1" 200 -
  [05:50:30] [  http] "GET /api/drift HTTP/1.1" 200 -
  [05:50:31] [  http] "GET /api/status HTTP/1.1" 200 -
  [05:50:31] [  http] "GET /api/status HTTP/1.1" 200 -
  [05:50:32] [  http] "GET /api/drift HTTP/1.1" 200 -
  [05:50:32] [  http] "GET /api/aegis/stats?hours=24 HTTP/1.1" 200 -
  [05:50:32] [  http] "GET /api/governor HTTP/1.1" 200 -
  [05:50:32] [  http] "GET /api/status HTTP/1.1" 200 -
  [05:50:32] [  http] "GET /api/drift HTTP/1.1" 200 -
  [05:50:32] [  http] "GET /api/status HTTP/1.1" 200 -
  [05:50:32] [  http] "GET /api/governor HTTP/1.1" 200 -
  [05:50:32] [  http] "GET /api/drift HTTP/1.1" 200 -
  [05:50:32] [  http] "GET /api/aegis/stats?hours=24 HTTP/1.1" 200 -
  [05:50:33] [  http] "GET /api/aegis/stats?hours=24 HTTP/1.1" 200 -
  [05:50:33] [  http] "GET /api/status HTTP/1.1" 200 -
  [05:50:33] [  http] "GET /api/status HTTP/1.1" 200 -
  [05:50:33] [  http] "GET /api/drift HTTP/1.1" 200 -
  [05:50:34] [  http] "GET /api/status HTTP/1.1" 200 -
  [05:50:35] [  http] "GET /api/drift HTTP/1.1" 200 -
  [05:50:35] [  http] "GET /api/status HTTP/1.1" 200 -
  [05:50:35] [  http] "GET /api/aegis/stats?hours=24 HTTP/1.1" 200 -
  [05:50:35] [  http] "GET /api/aegis/healing-log?limit=15 HTTP/1.1" 200 -
  [05:50:35] [  http] "GET /api/aegis/recent-events?limit=15 HTTP/1.1" 200 -
  [05:50:35] [  http] "GET /api/drift HTTP/1.1" 200 -
  [05:50:35] [  http] "GET /api/status HTTP/1.1" 200 -
  [05:50:35] [  http] "GET /api/status HTTP/1.1" 200 -
  [05:50:36] [  http] "GET /api/drift HTTP/1.1" 200 -
  [05:50:36] [  http] "GET /api/status HTTP/1.1" 200 -
  [05:50:36] [  http] "GET /api/aegis/stats?hours=24 HTTP/1.1" 200 -
  [05:50:36] [  http] "GET /api/drift HTTP/1.1" 200 -
  [05:50:37] [  http] "GET /api/aegis/healing-log?limit=15 HTTP/1.1" 200 -
  [05:50:37] [  http] "GET /api/aegis/recent-events?limit=15 HTTP/1.1" 200 -
  [05:50:37] [  http] "GET /api/status HTTP/1.1" 200 -
  [05:50:37] [  http] "GET /api/aegis/stats?hours=24 HTTP/1.1" 200 -
  [05:50:37] [  http] "GET /api/aegis/healing-log?limit=15 HTTP/1.1" 200 -
  [05:50:37] [  http] "GET /api/aegis/recent-events?limit=15 HTTP/1.1" 200 -
  [05:50:38] [  http] "GET /api/status HTTP/1.1" 200 -
  [05:50:38] [  http] "GET /api/drift HTTP/1.1" 200 -
  [05:50:38] [  http] "GET /api/aegis/stats?hours=24 HTTP/1.1" 200 -
  [05:50:38] [  http] "GET /api/aegis/healing-log?limit=15 HTTP/1.1" 200 -
  [05:50:38] [  http] "GET /api/aegis/recent-events?limit=15 HTTP/1.1" 200 -
  [05:50:38] [  http] "GET /api/status HTTP/1.1" 200 -
  [05:50:38] [  http] "GET /api/drift HTTP/1.1" 200 -
  [05:50:38] [  http] "GET /api/governor HTTP/1.1" 200 -
  [05:50:38] [  http] "GET /api/drift HTTP/1.1" 200 -
  [05:50:39] [  http] "GET /api/status HTTP/1.1" 200 -
  [05:50:39] [  http] "GET /api/status HTTP/1.1" 200 -
  [05:50:39] [  http] "GET /api/drift HTTP/1.1" 200 -
  [05:50:40] [  http] "GET /api/governor HTTP/1.1" 200 -
  [05:50:40] [  http] "GET /api/status HTTP/1.1" 200 -
  [05:50:40] [  http] "GET /api/aegis/stats?hours=24 HTTP/1.1" 200 -
  [05:50:40] [  http] "GET /api/drift HTTP/1.1" 200 -
  [05:50:41] [  http] "GET /api/status HTTP/1.1" 200 -
  [05:50:41] [  http] "GET /api/status HTTP/1.1" 200 -
  [05:50:41] [  http] "GET /api/drift HTTP/1.1" 200 -
  [05:50:41] [  http] "GET /api/status HTTP/1.1" 200 -
  [05:50:42] [  http] "GET /api/aegis/stats?hours=24 HTTP/1.1" 200 -
  [05:50:42] [  http] "GET /api/drift HTTP/1.1" 200 -
  [05:50:42] [  http] "GET /api/governor HTTP/1.1" 200 -
  [05:50:42] [  http] "GET /api/status HTTP/1.1" 200 -
  [05:50:42] [  http] "GET /api/aegis/stats?hours=24 HTTP/1.1" 200 -
  [05:50:42] [  http] "GET /api/drift HTTP/1.1" 200 -
  [05:50:43] [  http] "GET /api/governor HTTP/1.1" 200 -
  [05:50:43] [  http] "GET /api/aegis/stats?hours=24 HTTP/1.1" 200 -
  [05:50:43] [  http] "GET /api/status HTTP/1.1" 200 -
  [05:50:44] [  http] "GET /api/status HTTP/1.1" 200 -
  [05:50:44] [  http] "GET /api/drift HTTP/1.1" 200 -
  [05:50:44] [  http] "GET /api/drift HTTP/1.1" 200 -
  [05:50:44] [  http] "GET /api/status HTTP/1.1" 200 -
  [05:50:44] [  http] "GET /api/status HTTP/1.1" 200 -
  [05:50:44] [  http] "GET /api/drift HTTP/1.1" 200 -
  [05:50:45] [  http] "GET /api/aegis/stats?hours=24 HTTP/1.1" 200 -
  [05:50:45] [  http] "GET /api/aegis/healing-log?limit=15 HTTP/1.1" 200 -
  [05:50:45] [  http] "GET /api/aegis/recent-events?limit=15 HTTP/1.1" 200 -
  [05:50:45] [  http] "GET /api/drift HTTP/1.1" 200 -
  [05:50:46] [  http] "GET /api/status HTTP/1.1" 200 -
  [05:50:46] [  http] "GET /api/status HTTP/1.1" 200 -
  [05:50:46] [  http] "GET /api/status HTTP/1.1" 200 -
  [05:50:46] [  http] "GET /api/drift HTTP/1.1" 200 -
  [05:50:47] [  http] "GET /api/aegis/healing-log?limit=15 HTTP/1.1" 200 -
  [05:50:47] [  http] "GET /api/aegis/stats?hours=24 HTTP/1.1" 200 -
  [05:50:47] [  http] "GET /api/aegis/recent-events?limit=15 HTTP/1.1" 200 -
  [05:50:47] [  http] "GET /api/status HTTP/1.1" 200 -
  [05:50:47] [  http] "GET /api/drift HTTP/1.1" 200 -
  [05:50:47] [  http] "GET /api/drift HTTP/1.1" 200 -
  [05:50:47] [  http] "GET /api/aegis/stats?hours=24 HTTP/1.1" 200 -
  [05:50:47] [  http] "GET /api/aegis/healing-log?limit=15 HTTP/1.1" 200 -
  [05:50:47] [  http] "GET /api/aegis/recent-events?limit=15 HTTP/1.1" 200 -
  [05:50:48] [  http] "GET /api/aegis/stats?hours=24 HTTP/1.1" 200 -
  [05:50:48] [  http] "GET /api/aegis/healing-log?limit=15 HTTP/1.1" 200 -
  [05:50:48] [  http] "GET /api/aegis/recent-events?limit=15 HTTP/1.1" 200 -
  [05:50:48] [  http] "GET /api/status HTTP/1.1" 200 -
  [05:50:48] [  http] "GET /api/status HTTP/1.1" 200 -
  [05:50:48] [  http] "GET /api/governor HTTP/1.1" 200 -
  [05:50:48] [  http] "GET /api/drift HTTP/1.1" 200 -
  [05:50:49] [  http] "GET /api/status HTTP/1.1" 200 -
  [05:50:49] [  http] "GET /api/drift HTTP/1.1" 200 -
  [05:50:50] [heartbeat] up 1m00s · model=loading · idle · pending=0
  [05:50:50] [  http] "GET /api/status HTTP/1.1" 200 -
  [05:50:50] [  http] "GET /api/governor HTTP/1.1" 200 -
  [05:50:50] [  http] "GET /api/aegis/stats?hours=24 HTTP/1.1" 200 -
  [05:50:50] [  http] "GET /api/status HTTP/1.1" 200 -
  [05:50:50] [  http] "GET /api/drift HTTP/1.1" 200 -
  [05:50:50] [  http] "GET /api/status HTTP/1.1" 200 -
  [05:50:51] [  http] "GET /api/drift HTTP/1.1" 200 -
  [05:50:51] [  http] "GET /api/status HTTP/1.1" 200 -
  [05:50:51] [  http] "GET /api/drift HTTP/1.1" 200 -
  [05:50:51] [  http] "GET /api/aegis/stats?hours=24 HTTP/1.1" 200 -
  [05:50:52] [  http] "GET /api/governor HTTP/1.1" 200 -
  [05:50:52] [  http] "GET /api/status HTTP/1.1" 200 -
  [05:50:52] [  http] "GET /api/aegis/stats?hours=24 HTTP/1.1" 200 -
  [05:50:53] [  http] "GET /api/status HTTP/1.1" 200 -
  [05:50:53] [  http] "GET /api/drift HTTP/1.1" 200 -
  [05:50:53] [  http] "GET /api/status HTTP/1.1" 200 -
  [05:50:53] [  http] "GET /api/aegis/stats?hours=24 HTTP/1.1" 200 -
  [05:50:53] [  http] "GET /api/drift HTTP/1.1" 200 -
  [05:50:53] [  http] "GET /api/governor HTTP/1.1" 200 -
  [05:50:53] [  http] "GET /api/status HTTP/1.1" 200 -
  [05:50:54] [  http] "GET /api/drift HTTP/1.1" 200 -
  [05:50:54] [  http] "GET /api/drift HTTP/1.1" 200 -
  [05:50:55] [  http] "GET /api/status HTTP/1.1" 200 -
  [05:50:55] [  http] "GET /api/aegis/stats?hours=24 HTTP/1.1" 200 -
  [05:50:55] [  http] "GET /api/status HTTP/1.1" 200 -
  [05:50:55] [  http] "GET /api/aegis/healing-log?limit=15 HTTP/1.1" 200 -
  [05:50:55] [  http] "GET /api/aegis/recent-events?limit=15 HTTP/1.1" 200 -
  [05:50:55] [  http] "GET /api/drift HTTP/1.1" 200 -
  [05:50:56] [  http] "GET /api/status HTTP/1.1" 200 -
  [05:50:56] [  http] "GET /api/status HTTP/1.1" 200 -
  [05:50:56] [  http] "GET /api/drift HTTP/1.1" 200 -
  [05:50:56] [  http] "GET /api/aegis/stats?hours=24 HTTP/1.1" 200 -
  [05:50:57] [  http] "GET /api/aegis/healing-log?limit=15 HTTP/1.1" 200 -
  [05:50:57] [  http] "GET /api/aegis/recent-events?limit=15 HTTP/1.1" 200 -
  [05:50:57] [  http] "GET /api/drift HTTP/1.1" 200 -
  [05:50:57] [  http] "GET /api/status HTTP/1.1" 200 -
  [05:50:57] [  http] "GET /api/status HTTP/1.1" 200 -
  [05:50:57] [  http] "GET /api/aegis/stats?hours=24 HTTP/1.1" 200 -
  [05:50:57] [  http] "GET /api/aegis/healing-log?limit=15 HTTP/1.1" 200 -
  [05:50:57] [  http] "GET /api/aegis/recent-events?limit=15 HTTP/1.1" 200 -
  [05:50:57] [  http] "GET /api/drift HTTP/1.1" 200 -
  [05:50:57] [  http] "GET /api/aegis/stats?hours=24 HTTP/1.1" 200 -
  [05:50:58] [  http] "GET /api/aegis/healing-log?limit=15 HTTP/1.1" 200 -
  [05:50:58] [  http] "GET /api/aegis/recent-events?limit=15 HTTP/1.1" 200 -
  [05:50:58] [  http] "GET /api/status HTTP/1.1" 200 -
  [05:50:58] [  http] "GET /api/governor HTTP/1.1" 200 -
  [05:50:59] [  http] "GET /api/status HTTP/1.1" 200 -
  [05:50:59] [  http] "GET /api/drift HTTP/1.1" 200 -
  [05:50:59] [  http] "GET /api/status HTTP/1.1" 200 -
  [05:51:00] [  http] "GET /api/status HTTP/1.1" 200 -
  [05:51:00] [  http] "GET /api/drift HTTP/1.1" 200 -
  [05:51:00] [  http] "GET /api/governor HTTP/1.1" 200 -
  [05:51:00] [  http] "GET /api/status HTTP/1.1" 200 -
  [05:51:00] [  http] "GET /api/drift HTTP/1.1" 200 -
  [05:51:01] [  http] "GET /api/status HTTP/1.1" 200 -
  [05:51:01] [  http] "GET /api/aegis/stats?hours=24 HTTP/1.1" 200 -
  [05:51:02] [  http] "GET /api/drift HTTP/1.1" 200 -
  [05:51:02] [  http] "GET /api/status HTTP/1.1" 200 -
  [05:51:02] [  http] "GET /api/governor HTTP/1.1" 200 -
  [05:51:02] [  http] "GET /api/status HTTP/1.1" 200 -
  [05:51:02] [  http] "GET /api/status HTTP/1.1" 200 -
  [05:51:02] [  http] "GET /api/aegis/stats?hours=24 HTTP/1.1" 200 -
  [05:51:02] [  http] "GET /api/drift HTTP/1.1" 200 -
  [05:51:03] [  http] "GET /api/aegis/stats?hours=24 HTTP/1.1" 200 -
  [05:51:03] [  http] "GET /api/drift HTTP/1.1" 200 -
  [05:51:04] [  http] "GET /api/status HTTP/1.1" 200 -
  [05:51:04] [  http] "GET /api/status HTTP/1.1" 200 -
  [05:51:04] [  http] "GET /api/status HTTP/1.1" 200 -
  [05:51:04] [  http] "GET /api/drift HTTP/1.1" 200 -
  [05:51:05] [  http] "GET /api/status HTTP/1.1" 200 -
  [05:51:06] [  http] "GET /api/drift HTTP/1.1" 200 -
  [05:51:06] [  http] "GET /api/status HTTP/1.1" 200 -
  [05:51:06] [  http] "GET /api/status HTTP/1.1" 200 -
  [05:51:06] [  http] "GET /api/drift HTTP/1.1" 200 -
  [05:51:06] [  http] "GET /api/status HTTP/1.1" 200 -
  [05:51:07] [  http] "GET /api/aegis/stats?hours=24 HTTP/1.1" 200 -
  [05:51:07] [  http] "GET /api/aegis/recent-events?limit=15 HTTP/1.1" 200 -
  [05:51:07] [  http] "GET /api/aegis/healing-log?limit=15 HTTP/1.1" 200 -
  [05:51:07] [  http] "GET /api/aegis/stats?hours=24 HTTP/1.1" 200 -
  [05:51:07] [  http] "GET /api/aegis/healing-log?limit=15 HTTP/1.1" 200 -
  [05:51:07] [  http] "GET /api/aegis/recent-events?limit=15 HTTP/1.1" 200 -
  [05:51:08] [  http] "GET /api/aegis/stats?hours=24 HTTP/1.1" 200 -
  [05:51:08] [  http] "GET /api/status HTTP/1.1" 200 -
  [05:51:08] [  http] "GET /api/drift HTTP/1.1" 200 -
  [05:51:08] [  http] "GET /api/aegis/healing-log?limit=15 HTTP/1.1" 200 -
  [05:51:08] [  http] "GET /api/aegis/recent-events?limit=15 HTTP/1.1" 200 -
  [05:51:08] [  http] "GET /api/status HTTP/1.1" 200 -
  [05:51:08] [  http] "GET /api/governor HTTP/1.1" 200 -
  [05:51:09] [  http] "GET /api/status HTTP/1.1" 200 -
  [05:51:09] [  http] "GET /api/status HTTP/1.1" 200 -
  [05:51:09] [  http] "GET /api/drift HTTP/1.1" 200 -
  [05:51:09] [  http] "GET /api/drift HTTP/1.1" 200 -
  [05:51:10] [  http] "GET /api/governor HTTP/1.1" 200 -
  [05:51:10] [  http] "GET /api/status HTTP/1.1" 200 -
  [05:51:11] [  http] "GET /api/status HTTP/1.1" 200 -
  [05:51:11] [  http] "GET /api/drift HTTP/1.1" 200 -
  [05:51:11] [  http] "GET /api/status HTTP/1.1" 200 -
  [05:51:11] [  http] "GET /api/status HTTP/1.1" 200 -
  [05:51:11] [  http] "GET /api/aegis/stats?hours=24 HTTP/1.1" 200 -
  [05:51:12] [  http] "GET /api/drift HTTP/1.1" 200 -
  [05:51:12] [  http] "GET /api/governor HTTP/1.1" 200 -
  [05:51:12] [  http] "GET /api/aegis/stats?hours=24 HTTP/1.1" 200 -
  [05:51:12] [  http] "GET /api/drift HTTP/1.1" 200 -
  [05:51:13] [  http] "GET /api/status HTTP/1.1" 200 -
  [05:51:13] [  http] "GET /api/aegis/stats?hours=24 HTTP/1.1" 200 -
  [05:51:13] [  http] "GET /api/status HTTP/1.1" 200 -
  [05:51:13] [  http] "GET /api/status HTTP/1.1" 200 -
  [05:51:13] [  http] "GET /api/drift HTTP/1.1" 200 -
  [05:51:14] [  http] "GET /api/status HTTP/1.1" 200 -
  [05:51:15] [  http] "GET /api/status HTTP/1.1" 200 -
  [05:51:15] [  http] "GET /api/drift HTTP/1.1" 200 -
  [05:51:15] [  http] "GET /api/status HTTP/1.1" 200 -
  [05:51:15] [  http] "GET /api/drift HTTP/1.1" 200 -
  [05:51:15] [  http] "GET /api/status HTTP/1.1" 200 -
  [05:51:16] [  http] "GET /api/drift HTTP/1.1" 200 -
  [05:51:17] [  http] "GET /api/aegis/recent-events?limit=15 HTTP/1.1" 200 -
  [05:51:17] [  http] "GET /api/aegis/stats?hours=24 HTTP/1.1" 200 -
  [05:51:17] [  http] "GET /api/aegis/healing-log?limit=15 HTTP/1.1" 200 -
  [05:51:17] [  http] "GET /api/status HTTP/1.1" 200 -
  [05:51:17] [  http] "GET /api/status HTTP/1.1" 200 -
  [05:51:17] [  http] "GET /api/status HTTP/1.1" 200 -
  [05:51:17] [  http] "GET /api/aegis/stats?hours=24 HTTP/1.1" 200 -
  [05:51:17] [  http] "GET /api/aegis/healing-log?limit=15 HTTP/1.1" 200 -
  [05:51:17] [  http] "GET /api/aegis/recent-events?limit=15 HTTP/1.1" 200 -
  [05:51:17] [  http] "GET /api/aegis/stats?hours=24 HTTP/1.1" 200 -
  [05:51:18] [  http] "GET /api/aegis/healing-log?limit=15 HTTP/1.1" 200 -
  [05:51:18] [  http] "GET /api/drift HTTP/1.1" 200 -
  [05:51:18] [  http] "GET /api/aegis/recent-events?limit=15 HTTP/1.1" 200 -
  [05:51:18] [  http] "GET /api/status HTTP/1.1" 200 -
  [05:51:18] [  http] "GET /api/governor HTTP/1.1" 200 -
  [05:51:18] [  http] "GET /api/drift HTTP/1.1" 200 -
  [05:51:19] [  http] "GET /api/status HTTP/1.1" 200 -
  [05:51:19] [  http] "GET /api/status HTTP/1.1" 200 -
  [05:51:20] [  http] "GET /api/drift HTTP/1.1" 200 -
  [05:51:20] [heartbeat] up 1m30s · model=loading · idle · pending=0
  [05:51:20] [  http] "GET /api/governor HTTP/1.1" 200 -
  [05:51:20] [  http] "GET /api/status HTTP/1.1" 200 -
  [05:51:20] [  http] "GET /api/status HTTP/1.1" 200 -
  [05:51:20] [  http] "GET /api/drift HTTP/1.1" 200 -
  [05:51:21] [  http] "GET /api/status HTTP/1.1" 200 -
  [05:51:21] [  http] "GET /api/drift HTTP/1.1" 200 -
  [05:51:22] [  http] "GET /api/status HTTP/1.1" 200 -
  [05:51:22] [  http] "GET /api/aegis/stats?hours=24 HTTP/1.1" 200 -
  [05:51:22] [  http] "GET /api/governor HTTP/1.1" 200 -
  [05:51:22] [  http] "GET /api/status HTTP/1.1" 200 -
  [05:51:22] [  http] "GET /api/aegis/stats?hours=24 HTTP/1.1" 200 -
  [05:51:23] [  http] "GET /api/drift HTTP/1.1" 200 -
  [05:51:23] [  http] "GET /api/status HTTP/1.1" 200 -
  [05:51:23] [  http] "GET /api/aegis/stats?hours=24 HTTP/1.1" 200 -
  [05:51:24] [  http] "GET /api/status HTTP/1.1" 200 -
  [05:51:24] [  http] "GET /api/status HTTP/1.1" 200 -
  [05:51:24] [  http] "GET /api/drift HTTP/1.1" 200 -
  [05:51:24] [  http] "GET /api/status HTTP/1.1" 200 -
  [05:51:24] [  http] "GET /api/drift HTTP/1.1" 200 -
  [05:51:25] [  http] "GET /api/drift HTTP/1.1" 200 -
  [05:51:26] [  http] "GET /api/status HTTP/1.1" 200 -
  [05:51:26] [  http] "GET /api/status HTTP/1.1" 200 -
  [05:51:26] [  http] "GET /api/status HTTP/1.1" 200 -
  [05:51:26] [  http] "GET /api/status HTTP/1.1" 200 -
  [05:51:26] [  http] "GET /api/aegis/stats?hours=24 HTTP/1.1" 200 -
  [05:51:27] [  http] "GET /api/aegis/healing-log?limit=15 HTTP/1.1" 200 -
  [05:51:27] [  http] "GET /api/aegis/recent-events?limit=15 HTTP/1.1" 200 -
  [05:51:27] [  http] "GET /api/drift HTTP/1.1" 200 -
  [05:51:27] [  http] "GET /api/aegis/stats?hours=24 HTTP/1.1" 200 -
  [05:51:27] [  http] "GET /api/aegis/recent-events?limit=15 HTTP/1.1" 200 -
  [05:51:27] [  http] "GET /api/aegis/healing-log?limit=15 HTTP/1.1" 200 -
  [05:51:27] [  http] "GET /api/drift HTTP/1.1" 200 -
  [05:51:28] [  http] "GET /api/aegis/stats?hours=24 HTTP/1.1" 200 -
  [05:51:28] [  http] "GET /api/aegis/recent-events?limit=15 HTTP/1.1" 200 -
  [05:51:28] [  http] "GET /api/aegis/healing-log?limit=15 HTTP/1.1" 200 -
  [05:51:28] [  http] "GET /api/status HTTP/1.1" 200 -
  [05:51:28] [  http] "GET /api/status HTTP/1.1" 200 -
  [05:51:28] [  http] "GET /api/governor HTTP/1.1" 200 -
  [05:51:29] [  http] "GET /api/status HTTP/1.1" 200 -
  [05:51:29] [  http] "GET /api/drift HTTP/1.1" 200 -
  [05:51:29] [  http] "GET /api/status HTTP/1.1" 200 -
  [05:51:29] [  http] "GET /api/governor HTTP/1.1" 200 -
  [05:51:30] [  http] "GET /api/drift HTTP/1.1" 200 -
  [05:51:30] [  http] "GET /api/status HTTP/1.1" 200 -
  [05:51:30] [  http] "GET /api/drift HTTP/1.1" 200 -
  [05:51:31] [  http] "GET /api/status HTTP/1.1" 200 -
  [05:51:31] [  http] "GET /api/status HTTP/1.1" 200 -
  [05:51:31] [  http] "GET /api/drift HTTP/1.1" 200 -
  [05:51:32] [  http] "GET /api/aegis/stats?hours=24 HTTP/1.1" 200 -
  [05:51:32] [  http] "GET /api/governor HTTP/1.1" 200 -
  [05:51:32] [  http] "GET /api/status HTTP/1.1" 200 -
  [05:51:32] [  http] "GET /api/status HTTP/1.1" 200 -
  [05:51:32] [  http] "GET /api/aegis/stats?hours=24 HTTP/1.1" 200 -
  [05:51:33] [  http] "GET /api/drift HTTP/1.1" 200 -
  [05:51:33] [  http] "GET /api/aegis/stats?hours=24 HTTP/1.1" 200 -
  [05:51:33] [  http] "GET /api/status HTTP/1.1" 200 -
  [05:51:33] [  http] "GET /api/status HTTP/1.1" 200 -
  [05:51:33] [  http] "GET /api/drift HTTP/1.1" 200 -
  [05:51:34] [  http] "GET /api/status HTTP/1.1" 200 -
  [05:51:35] [  http] "GET /api/drift HTTP/1.1" 200 -
  [05:51:35] [  http] "GET /api/status HTTP/1.1" 200 -
  [05:51:35] [  http] "GET /api/drift HTTP/1.1" 200 -
  [05:51:35] [  http] "GET /api/aegis/stats?hours=24 HTTP/1.1" 200 -
  [05:51:35] [  http] "GET /api/governor HTTP/1.1" 200 -
  [05:51:35] [  http] "GET /api/aegis/healing-log?limit=15 HTTP/1.1" 200 -
  [05:51:35] [  http] "GET /api/aegis/recent-events?limit=15 HTTP/1.1" 200 -
  [05:51:35] [  http] "GET /api/status HTTP/1.1" 200 -
  [05:51:35] [  http] "GET /api/status HTTP/1.1" 200 -
  [05:51:36] [  http] "GET /api/drift HTTP/1.1" 200 -
  [05:51:36] [  http] "GET /api/status HTTP/1.1" 200 -
  [05:51:36] [  http] "GET /api/drift HTTP/1.1" 200 -
  [05:51:37] [  http] "GET /api/aegis/stats?hours=24 HTTP/1.1" 200 -
  [05:51:37] [  http] "GET /api/aegis/healing-log?limit=15 HTTP/1.1" 200 -
  [05:51:37] [  http] "GET /api/aegis/recent-events?limit=15 HTTP/1.1" 200 -
  [05:51:37] [  http] "GET /api/status HTTP/1.1" 200 -
  [05:51:37] [  http] "GET /api/aegis/stats?hours=24 HTTP/1.1" 200 -
  [05:51:37] [  http] "GET /api/aegis/healing-log?limit=15 HTTP/1.1" 200 -
  [05:51:37] [  http] "GET /api/aegis/recent-events?limit=15 HTTP/1.1" 200 -
  [05:51:38] [  http] "GET /api/status HTTP/1.1" 200 -
  [05:51:38] [  http] "GET /api/drift HTTP/1.1" 200 -
  [05:51:38] [  http] "GET /api/status HTTP/1.1" 200 -
  [05:51:38] [  http] "GET /api/aegis/stats?hours=24 HTTP/1.1" 200 -
  [05:51:38] [  http] "GET /api/aegis/healing-log?limit=15 HTTP/1.1" 200 -
  [05:51:38] [  http] "GET /api/aegis/recent-events?limit=15 HTTP/1.1" 200 -
  [05:51:38] [  http] "GET /api/status HTTP/1.1" 200 -
  [05:51:38] [  http] "GET /api/governor HTTP/1.1" 200 -
  [05:51:39] [  http] "GET /api/drift HTTP/1.1" 200 -
  [05:51:39] [  http] "GET /api/drift HTTP/1.1" 200 -
  [05:51:40] [  http] "GET /api/status HTTP/1.1" 200 -
  [05:51:40] [  http] "GET /api/governor HTTP/1.1" 200 -
  [05:51:40] [  http] "GET /api/status HTTP/1.1" 200 -
  [05:51:40] [  http] "GET /api/drift HTTP/1.1" 200 -
  [05:51:40] [  http] "GET /api/status HTTP/1.1" 200 -
  [05:51:41] [  http] "GET /api/status HTTP/1.1" 200 -
  [05:51:41] [  http] "GET /api/aegis/stats?hours=24 HTTP/1.1" 200 -
  [05:51:42] [  http] "GET /api/drift HTTP/1.1" 200 -
  [05:51:42] [  http] "GET /api/governor HTTP/1.1" 200 -
  [05:51:42] [  http] "GET /api/status HTTP/1.1" 200 -
  [05:51:42] [  http] "GET /api/status HTTP/1.1" 200 -
  [05:51:42] [  http] "GET /api/aegis/stats?hours=24 HTTP/1.1" 200 -
  [05:51:42] [  http] "GET /api/status HTTP/1.1" 200 -
  [05:51:42] [  http] "GET /api/drift HTTP/1.1" 200 -
  [05:51:42] [  http] "GET /api/aegis/stats?hours=24 HTTP/1.1" 200 -
  [05:51:43] [  http] "GET /api/drift HTTP/1.1" 200 -
  [05:51:44] [  http] "GET /api/status HTTP/1.1" 200 -
  [05:51:44] [  http] "GET /api/status HTTP/1.1" 200 -
  [05:51:44] [  http] "GET /api/drift HTTP/1.1" 200 -
  [05:51:45] [  http] "GET /api/status HTTP/1.1" 200 -
  [05:51:45] [  http] "GET /api/status HTTP/1.1" 200 -
  [05:51:45] [  http] "GET /api/drift HTTP/1.1" 200 -
  [05:51:46] [  http] "GET /api/aegis/stats?hours=24 HTTP/1.1" 200 -
  [05:51:47] [  http] "GET /api/status HTTP/1.1" 200 -
  [05:51:47] [  http] "GET /api/drift HTTP/1.1" 200 -
  [05:51:47] [  http] "GET /api/aegis/recent-events?limit=15 HTTP/1.1" 200 -
  [05:51:47] [  http] "GET /api/aegis/healing-log?limit=15 HTTP/1.1" 200 -
  [05:51:47] [  http] "GET /api/status HTTP/1.1" 200 -
  [05:51:47] [  http] "GET /api/status HTTP/1.1" 200 -
  [05:51:47] [  http] "GET /api/aegis/stats?hours=24 HTTP/1.1" 200 -
  [05:51:47] [  http] "GET /api/status HTTP/1.1" 200 -
  [05:51:47] [  http] "GET /api/aegis/healing-log?limit=15 HTTP/1.1" 200 -
  [05:51:47] [  http] "GET /api/aegis/recent-events?limit=15 HTTP/1.1" 200 -
  [05:51:48] [  http] "GET /api/drift HTTP/1.1" 200 -
  [05:51:48] [  http] "GET /api/aegis/stats?hours=24 HTTP/1.1" 200 -
  [05:51:48] [  http] "GET /api/aegis/healing-log?limit=15 HTTP/1.1" 200 -
  [05:51:48] [  http] "GET /api/aegis/recent-events?limit=15 HTTP/1.1" 200 -
  [05:51:48] [  http] "GET /api/drift HTTP/1.1" 200 -
  [05:51:49] [  http] "GET /api/governor HTTP/1.1" 200 -
  [05:51:49] [  http] "GET /api/status HTTP/1.1" 200 -
  [05:51:49] [  http] "GET /api/status HTTP/1.1" 200 -
  [05:51:49] [  http] "GET /api/status HTTP/1.1" 200 -
  [05:51:49] [  http] "GET /api/drift HTTP/1.1" 200 -
  [05:51:50] [heartbeat] up 2m00s · model=loading · idle · pending=0
  [05:51:50] [  http] "GET /api/governor HTTP/1.1" 200 -
  [05:51:50] [  http] "GET /api/status HTTP/1.1" 200 -
  [05:51:50] [  http] "GET /api/drift HTTP/1.1" 200 -
  [05:51:51] [  http] "GET /api/status HTTP/1.1" 200 -
  [05:51:51] [  http] "GET /api/status HTTP/1.1" 200 -
  [05:51:51] [  http] "GET /api/drift HTTP/1.1" 200 -
  [05:51:52] [  http] "GET /api/status HTTP/1.1" 200 -
  [05:51:52] [  http] "GET /api/aegis/stats?hours=24 HTTP/1.1" 200 -
  [05:51:52] [  http] "GET /api/governor HTTP/1.1" 200 -
  [05:51:52] [  http] "GET /api/aegis/stats?hours=24 HTTP/1.1" 200 -
  [05:51:53] [  http] "GET /api/status HTTP/1.1" 200 -
  [05:51:53] [  http] "GET /api/aegis/stats?hours=24 HTTP/1.1" 200 -
  [05:51:53] [  http] "GET /api/drift HTTP/1.1" 200 -
  [05:51:53] [  http] "GET /api/status HTTP/1.1" 200 -
  [05:51:53] [  http] "GET /api/status HTTP/1.1" 200 -
  [05:51:54] [  http] "GET /api/drift HTTP/1.1" 200 -
  [05:51:54] [  http] "GET /api/status HTTP/1.1" 200 -
  [05:51:54] [  http] "GET /api/drift HTTP/1.1" 200 -
  [05:51:55] [  http] "GET /api/status HTTP/1.1" 200 -
  [05:51:56] [  http] "GET /api/status HTTP/1.1" 200 -
  [05:51:56] [  http] "GET /api/status HTTP/1.1" 200 -
  [05:51:56] [  http] "GET /api/drift HTTP/1.1" 200 -
  [05:51:56] [  http] "GET /api/status HTTP/1.1" 200 -
  [05:51:57] [  http] "GET /api/aegis/stats?hours=24 HTTP/1.1" 200 -
  [05:51:57] [  http] "GET /api/aegis/recent-events?limit=15 HTTP/1.1" 200 -
  [05:51:57] [  http] "GET /api/aegis/healing-log?limit=15 HTTP/1.1" 200 -
  [05:51:57] [  http] "GET /api/drift HTTP/1.1" 200 -
  [05:51:57] [  http] "GET /api/status HTTP/1.1" 200 -
  [05:51:57] [  http] "GET /api/aegis/stats?hours=24 HTTP/1.1" 200 -
  [05:51:57] [  http] "GET /api/aegis/healing-log?limit=15 HTTP/1.1" 200 -
  [05:51:57] [  http] "GET /api/aegis/recent-events?limit=15 HTTP/1.1" 200 -
  [05:51:57] [  http] "GET /api/drift HTTP/1.1" 200 -
  [05:51:58] [  http] "GET /api/aegis/stats?hours=24 HTTP/1.1" 200 -
  [05:51:58] [  http] "GET /api/aegis/healing-log?limit=15 HTTP/1.1" 200 -
  [05:51:58] [  http] "GET /api/aegis/recent-events?limit=15 HTTP/1.1" 200 -
  [05:51:58] [  http] "GET /api/status HTTP/1.1" 200 -
  [05:51:58] [  http] "GET /api/status HTTP/1.1" 200 -
  [05:51:59] [  http] "GET /api/governor HTTP/1.1" 200 -
  [05:51:59] [  http] "GET /api/drift HTTP/1.1" 200 -
  [05:51:59] [  http] "GET /api/status HTTP/1.1" 200 -
  [05:51:59] [  http] "GET /api/status HTTP/1.1" 200 -
  [05:51:59] [  http] "GET /api/drift HTTP/1.1" 200 -
  [05:52:00] [  http] "GET /api/governor HTTP/1.1" 200 -
  [05:52:00] [  http] "GET /api/status HTTP/1.1" 200 -
  [05:52:00] [  http] "GET /api/drift HTTP/1.1" 200 -
  [05:52:01] [  http] "GET /api/status HTTP/1.1" 200 -
  [05:52:01] [  http] "GET /api/status HTTP/1.1" 200 -
  [05:52:01] [  http] "GET /api/aegis/stats?hours=24 HTTP/1.1" 200 -
  [05:52:02] [  http] "GET /api/drift HTTP/1.1" 200 -
  [05:52:02] [  http] "GET /api/governor HTTP/1.1" 200 -
  [05:52:02] [  http] "GET /api/status HTTP/1.1" 200 -
  [05:52:02] [  http] "GET /api/status HTTP/1.1" 200 -
  [05:52:02] [  http] "GET /api/drift HTTP/1.1" 200 -
  [05:52:02] [  http] "GET /api/aegis/stats?hours=24 HTTP/1.1" 200 -
  [05:52:03] [  http] "GET /api/aegis/stats?hours=24 HTTP/1.1" 200 -
  [05:52:03] [  http] "GET /api/status HTTP/1.1" 200 -
  [05:52:03] [  http] "GET /api/status HTTP/1.1" 200 -
  [05:52:03] [  http] "GET /api/drift HTTP/1.1" 200 -
  [05:52:04] [  http] "GET /api/status HTTP/1.1" 200 -
  [05:52:05] [  http] "GET /api/status HTTP/1.1" 200 -
  [05:52:05] [  http] "GET /api/drift HTTP/1.1" 200 -
  [05:52:05] [  http] "GET /api/status HTTP/1.1" 200 -
  [05:52:05] [  http] "GET /api/status HTTP/1.1" 200 -
  [05:52:06] [  http] "GET /api/drift HTTP/1.1" 200 -
  [05:52:06] [  http] "GET /api/aegis/stats?hours=24 HTTP/1.1" 200 -
  [05:52:06] [  http] "GET /api/status HTTP/1.1" 200 -
  [05:52:06] [  http] "GET /api/drift HTTP/1.1" 200 -
  [05:52:07] [  http] "GET /api/aegis/healing-log?limit=15 HTTP/1.1" 200 -
  [05:52:07] [  http] "GET /api/aegis/recent-events?limit=15 HTTP/1.1" 200 -
  [05:52:07] [  http] "GET /api/status HTTP/1.1" 200 -
  [05:52:07] [  http] "GET /api/aegis/stats?hours=24 HTTP/1.1" 200 -
  [05:52:07] [  http] "GET /api/aegis/healing-log?limit=15 HTTP/1.1" 200 -
  [05:52:07] [  http] "GET /api/aegis/recent-events?limit=15 HTTP/1.1" 200 -
  [05:52:08] [  http] "GET /api/status HTTP/1.1" 200 -
  [05:52:08] [  http] "GET /api/drift HTTP/1.1" 200 -
  [05:52:08] [  http] "GET /api/aegis/stats?hours=24 HTTP/1.1" 200 -
  [05:52:08] [  http] "GET /api/aegis/healing-log?limit=15 HTTP/1.1" 200 -
  [05:52:08] [  http] "GET /api/aegis/recent-events?limit=15 HTTP/1.1" 200 -
  [05:52:08] [  http] "GET /api/status HTTP/1.1" 200 -
  [05:52:08] [  http] "GET /api/governor HTTP/1.1" 200 -
  [05:52:08] [  http] "GET /api/drift HTTP/1.1" 200 -
  [05:52:09] [  http] "GET /api/status HTTP/1.1" 200 -
  [05:52:09] [  http] "GET /api/status HTTP/1.1" 200 -
  [05:52:09] [  http] "GET /api/drift HTTP/1.1" 200 -
  [05:52:10] [  http] "GET /api/governor HTTP/1.1" 200 -
  [05:52:10] [  http] "GET /api/status HTTP/1.1" 200 -
  [05:52:10] [  http] "GET /api/drift HTTP/1.1" 200 -
  [05:52:11] [  http] "GET /api/status HTTP/1.1" 200 -
  [05:52:11] [  http] "GET /api/status HTTP/1.1" 200 -
  [05:52:11] [  http] "GET /api/status HTTP/1.1" 200 -
  [05:52:12] [  http] "GET /api/aegis/stats?hours=24 HTTP/1.1" 200 -
  [05:52:12] [  http] "GET /api/drift HTTP/1.1" 200 -
  [05:52:12] [  http] "GET /api/governor HTTP/1.1" 200 -
  [05:52:12] [  http] "GET /api/status HTTP/1.1" 200 -
  [05:52:12] [  http] "GET /api/aegis/stats?hours=24 HTTP/1.1" 200 -
  [05:52:12] [  http] "GET /api/drift HTTP/1.1" 200 -
  [05:52:13] [  http] "GET /api/aegis/stats?hours=24 HTTP/1.1" 200 -
  [05:52:13] [  http] "GET /api/status HTTP/1.1" 200 -
  [05:52:14] [  http] "GET /api/drift HTTP/1.1" 200 -
  [05:52:14] [  http] "GET /api/status HTTP/1.1" 200 -
  [05:52:14] [  http] "GET /api/status HTTP/1.1" 200 -
  [05:52:14] [  http] "GET /api/status HTTP/1.1" 200 -
  [05:52:15] [  http] "GET /api/drift HTTP/1.1" 200 -
  [05:52:15] [  http] "GET /api/drift HTTP/1.1" 200 -
  [05:52:16] [  http] "GET /api/status HTTP/1.1" 200 -
  [05:52:16] [  http] "GET /api/status HTTP/1.1" 200 -
  [05:52:16] [  http] "GET /api/status HTTP/1.1" 200 -
  [05:52:16] [  http] "GET /api/drift HTTP/1.1" 200 -
  [05:52:17] [  http] "GET /api/aegis/stats?hours=24 HTTP/1.1" 200 -
  [05:52:17] [  http] "GET /api/aegis/healing-log?limit=15 HTTP/1.1" 200 -
  [05:52:17] [  http] "GET /api/aegis/recent-events?limit=15 HTTP/1.1" 200 -
  [05:52:17] [  http] "GET /api/status HTTP/1.1" 200 -
  [05:52:17] [  http] "GET /api/drift HTTP/1.1" 200 -
  [05:52:17] [  http] "GET /api/aegis/stats?hours=24 HTTP/1.1" 200 -
  [05:52:17] [  http] "GET /api/aegis/healing-log?limit=15 HTTP/1.1" 200 -
  [05:52:17] [  http] "GET /api/aegis/recent-events?limit=15 HTTP/1.1" 200 -
  [05:52:18] [  http] "GET /api/aegis/stats?hours=24 HTTP/1.1" 200 -
  [05:52:18] [  http] "GET /api/aegis/healing-log?limit=15 HTTP/1.1" 200 -
  [05:52:18] [  http] "GET /api/aegis/recent-events?limit=15 HTTP/1.1" 200 -
  [05:52:18] [  http] "GET /api/status HTTP/1.1" 200 -
  [05:52:18] [  http] "GET /api/status HTTP/1.1" 200 -
  [05:52:18] [  http] "GET /api/drift HTTP/1.1" 200 -
  [05:52:18] [  http] "GET /api/governor HTTP/1.1" 200 -
  [05:52:19] [  http] "GET /api/status HTTP/1.1" 200 -
  [05:52:19] [  http] "GET /api/drift HTTP/1.1" 200 -
  [05:52:20] [heartbeat] up 2m30s · model=loading · idle · pending=0
  [05:52:20] [  http] "GET /api/status HTTP/1.1" 200 -
  [05:52:20] [  http] "GET /api/governor HTTP/1.1" 200 -
  [05:52:20] [  http] "GET /api/status HTTP/1.1" 200 -
  [05:52:20] [  http] "GET /api/status HTTP/1.1" 200 -
  [05:52:21] [  http] "GET /api/drift HTTP/1.1" 200 -
  [05:52:21] [  http] "GET /api/status HTTP/1.1" 200 -
  [05:52:21] [  http] "GET /api/drift HTTP/1.1" 200 -
  [05:52:21] [  http] "GET /api/aegis/stats?hours=24 HTTP/1.1" 200 -
  [05:52:22] [  http] "GET /api/governor HTTP/1.1" 200 -
  [05:52:22] [  http] "GET /api/status HTTP/1.1" 200 -
  [05:52:22] [  http] "GET /api/aegis/stats?hours=24 HTTP/1.1" 200 -
  [05:52:23] [  http] "GET /api/drift HTTP/1.1" 200 -
  [05:52:23] [  http] "GET /api/status HTTP/1.1" 200 -
  [05:52:23] [  http] "GET /api/status HTTP/1.1" 200 -
  [05:52:23] [  http] "GET /api/aegis/stats?hours=24 HTTP/1.1" 200 -
  [05:52:23] [  http] "GET /api/status HTTP/1.1" 200 -
  [05:52:23] [  http] "GET /api/drift HTTP/1.1" 200 -
  [05:52:24] [  http] "GET /api/drift HTTP/1.1" 200 -
  [05:52:25] [  http] "GET /api/status HTTP/1.1" 200 -
  [05:52:25] [  http] "GET /api/status HTTP/1.1" 200 -
  [05:52:25] [  http] "GET /api/status HTTP/1.1" 200 -
  [05:52:25] [  http] "GET /api/drift HTTP/1.1" 200 -
  [05:52:26] [  http] "GET /api/status HTTP/1.1" 200 -
  [05:52:26] [  http] "GET /api/aegis/stats?hours=24 HTTP/1.1" 200 -
  [05:52:27] [  http] "GET /api/aegis/healing-log?limit=15 HTTP/1.1" 200 -
  [05:52:27] [  http] "GET /api/aegis/recent-events?limit=15 HTTP/1.1" 200 -
  [05:52:27] [  http] "GET /api/drift HTTP/1.1" 200 -
  [05:52:27] [  http] "GET /api/status HTTP/1.1" 200 -
  [05:52:27] [  http] "GET /api/status HTTP/1.1" 200 -
  [05:52:27] [  http] "GET /api/aegis/stats?hours=24 HTTP/1.1" 200 -
  [05:52:27] [  http] "GET /api/aegis/healing-log?limit=15 HTTP/1.1" 200 -
  [05:52:27] [  http] "GET /api/aegis/recent-events?limit=15 HTTP/1.1" 200 -
  [05:52:27] [  http] "GET /api/drift HTTP/1.1" 200 -
  [05:52:27] [  http] "GET /api/aegis/stats?hours=24 HTTP/1.1" 200 -
  [05:52:28] [  http] "GET /api/status HTTP/1.1" 200 -
  [05:52:28] [  http] "GET /api/aegis/healing-log?limit=15 HTTP/1.1" 200 -
  [05:52:28] [  http] "GET /api/aegis/recent-events?limit=15 HTTP/1.1" 200 -
  [05:52:28] [  http] "GET /api/governor HTTP/1.1" 200 -
  [05:52:29] [  http] "GET /api/status HTTP/1.1" 200 -
  [05:52:29] [  http] "GET /api/drift HTTP/1.1" 200 -
  [05:52:29] [  http] "GET /api/status HTTP/1.1" 200 -
  [05:52:30] [  http] "GET /api/status HTTP/1.1" 200 -
  [05:52:30] [  http] "GET /api/drift HTTP/1.1" 200 -
  [05:52:30] [  http] "GET /api/governor HTTP/1.1" 200 -
  [05:52:30] [  http] "GET /api/status HTTP/1.1" 200 -
  [05:52:30] [  http] "GET /api/drift HTTP/1.1" 200 -
  [05:52:31] [  http] "GET /api/aegis/stats?hours=24 HTTP/1.1" 200 -
  [05:52:31] [  http] "GET /api/status HTTP/1.1" 200 -
  [05:52:32] [  http] "GET /api/drift HTTP/1.1" 200 -
  [05:52:32] [  http] "GET /api/status HTTP/1.1" 200 -
  [05:52:32] [  http] "GET /api/governor HTTP/1.1" 200 -
  [05:52:32] [  http] "GET /api/status HTTP/1.1" 200 -
  [05:52:32] [  http] "GET /api/status HTTP/1.1" 200 -
  [05:52:33] [  http] "GET /api/aegis/stats?hours=24 HTTP/1.1" 200 -
[OV] Loaded in 160.6s on AUTO
  [05:52:33] [  http] "GET /api/drift HTTP/1.1" 200 -
  Orchestrator ready (openvino): ['newton', 'davinci', 'empathy', 'philosophy', 'quantum', 'consciousness', 'multi_perspective', 'systems_architecture', 'constraint_tracker', 'orchestrator', 'newton-star', 'newton-star-hard', 'newton-star-r']
  [DEBUG] _use_phase6 = True
  [DEBUG] Importing CodetteForgeBridge...
  [WORKER] Processing query: What is the correct answer to this question: Two quantum sta...
  [05:52:33] [  http] "GET /api/aegis/stats?hours=24 HTTP/1.1" 200 -
  [DEBUG] Creating bridge instance...
INFO:reasoning_forge.behavior_governor:[GOVERNOR] Pre: identity=none (conf=0.00), memory=4 cocoons, tokens=600, compression=expanded
[SUBSTRATE] Substrate-aware cognition initialized
[PHASE6] Initializing ForgeEngine...
  [GOVERNOR] identity=none (conf=0.00), memory=4 cocoons, tokens=600, compression=expanded
  [05:52:33] [  http] "GET /api/drift HTTP/1.1" 200 -
  [WORKER] Using direct orchestrator

  [OV] Route: newton + quantum (conf=0.71, keyword)
  [05:52:34] [  http] "GET /api/status HTTP/1.1" 200 -
  [05:52:34] [  http] "GET /api/status HTTP/1.1" 200 -
  [05:52:34] [  http] "GET /api/session HTTP/1.1" 200 -
  [05:52:34] [  http] "GET /api/session HTTP/1.1" 200 -
  [05:52:34] [  http] "GET /api/status HTTP/1.1" 200 -
  [05:52:35] [  http] "GET /api/drift HTTP/1.1" 200 -
  [05:52:35] [  http] "GET /api/drift HTTP/1.1" 200 -
  [05:52:35] [  http] "GET /api/session HTTP/1.1" 200 -
  [05:52:35] [  http] "GET /api/sessions HTTP/1.1" 200 -
  [05:52:35] [  http] "GET /api/sessions HTTP/1.1" 200 -
  [05:52:35] [  http] "GET /api/aegis/stats?hours=24 HTTP/1.1" 200 -
  [05:52:35] [  http] "GET /api/aegis/healing-log?limit=15 HTTP/1.1" 200 -
  [05:52:35] [  http] "GET /api/aegis/recent-events?limit=15 HTTP/1.1" 200 -
  [05:52:35] [  http] "GET /api/governor HTTP/1.1" 200 -
  [05:52:35] [  http] "GET /api/status HTTP/1.1" 200 -
  [05:52:35] [  http] "GET /api/sessions HTTP/1.1" 200 -
  [05:52:35] [  http] "GET /api/session HTTP/1.1" 200 -
  [05:52:35] [  http] "GET /api/sessions HTTP/1.1" 200 -
  [05:52:36] [  http] "GET /api/drift HTTP/1.1" 200 -
  [05:52:36] [  http] "GET /api/aegis/stats?hours=24 HTTP/1.1" 200 -
  [05:52:36] [  http] "GET /api/drift HTTP/1.1" 200 -
  [05:52:37] [  http] "GET /api/aegis/healing-log?limit=15 HTTP/1.1" 200 -
  [05:52:37] [  http] "GET /api/aegis/recent-events?limit=15 HTTP/1.1" 200 -
  [05:52:37] [  http] "GET /api/aegis/stats?hours=24 HTTP/1.1" 200 -
  [05:52:37] [  http] "GET /api/aegis/healing-log?limit=15 HTTP/1.1" 200 -
  [05:52:37] [  http] "GET /api/aegis/recent-events?limit=15 HTTP/1.1" 200 -
  [05:52:38] [  http] "GET /api/aegis/stats?hours=24 HTTP/1.1" 200 -
  [05:52:38] [  http] "GET /api/drift HTTP/1.1" 200 -
  [05:52:38] [  http] "GET /api/aegis/healing-log?limit=15 HTTP/1.1" 200 -
  [05:52:38] [  http] "GET /api/aegis/recent-events?limit=15 HTTP/1.1" 200 -
  [05:52:39] [  http] "GET /api/governor HTTP/1.1" 200 -
  [05:52:39] [  http] "GET /api/drift HTTP/1.1" 200 -
  [05:52:39] [  http] "GET /api/drift HTTP/1.1" 200 -
  [05:52:40] [  http] "GET /api/governor HTTP/1.1" 200 -
  [05:52:40] [  http] "GET /api/drift HTTP/1.1" 200 -
  [05:52:41] [  http] "GET /api/aegis/stats?hours=24 HTTP/1.1" 200 -
  [05:52:42] [  http] "GET /api/drift HTTP/1.1" 200 -
  [05:52:42] [  http] "GET /api/governor HTTP/1.1" 200 -
  [05:52:42] [  http] "GET /api/aegis/stats?hours=24 HTTP/1.1" 200 -
  [05:52:42] [  http] "GET /api/drift HTTP/1.1" 200 -
  [05:52:43] [  http] "GET /api/aegis/stats?hours=24 HTTP/1.1" 200 -
  [05:52:43] [  http] "GET /api/drift HTTP/1.1" 200 -
  [05:52:45] [  http] "GET /api/drift HTTP/1.1" 200 -
  [05:52:45] [  http] "GET /api/drift HTTP/1.1" 200 -
  [05:52:46] [  http] "GET /api/drift HTTP/1.1" 200 -
  [05:52:46] [  http] "GET /api/aegis/stats?hours=24 HTTP/1.1" 200 -
  [05:52:47] [  http] "GET /api/aegis/healing-log?limit=15 HTTP/1.1" 200 -
  [05:52:47] [  http] "GET /api/aegis/recent-events?limit=15 HTTP/1.1" 200 -
  [05:52:47] [  http] "GET /api/aegis/stats?hours=24 HTTP/1.1" 200 -
  [05:52:47] [  http] "GET /api/aegis/healing-log?limit=15 HTTP/1.1" 200 -
  [05:52:47] [  http] "GET /api/aegis/recent-events?limit=15 HTTP/1.1" 200 -
  [05:52:48] [  http] "GET /api/drift HTTP/1.1" 200 -
  [05:52:48] [  http] "GET /api/aegis/stats?hours=24 HTTP/1.1" 200 -
  [05:52:48] [  http] "GET /api/aegis/healing-log?limit=15 HTTP/1.1" 200 -
  [05:52:48] [  http] "GET /api/aegis/recent-events?limit=15 HTTP/1.1" 200 -
  [05:52:48] [  http] "GET /api/drift HTTP/1.1" 200 -
  [05:52:49] [  http] "GET /api/governor HTTP/1.1" 200 -
  [05:52:49] [  http] "GET /api/status HTTP/1.1" 200 -
  [05:52:49] [  http] "GET /api/status HTTP/1.1" 200 -
  [05:52:49] [  http] "GET /api/session HTTP/1.1" 200 -
  [05:52:49] [  http] "GET /api/session HTTP/1.1" 200 -
  [05:52:49] [  http] "GET /api/sessions HTTP/1.1" 200 -
  [05:52:49] [  http] "GET /api/status HTTP/1.1" 200 -
  [05:52:49] [  http] "GET /api/sessions HTTP/1.1" 200 -
  [05:52:50] [heartbeat] up 3m00s · model=ready · inferring · pending=0
  [05:52:50] [  http] "GET /api/drift HTTP/1.1" 200 -
  [05:52:50] [  http] "GET /api/session HTTP/1.1" 200 -
  [05:52:50] [  http] "GET /api/sessions HTTP/1.1" 200 -
  [05:52:50] [  http] "GET /api/governor HTTP/1.1" 200 -
  [05:52:50] [  http] "GET /api/drift HTTP/1.1" 200 -
  [05:52:51] [  http] "GET /api/status HTTP/1.1" 200 -
  [05:52:51] [  http] "GET /api/session HTTP/1.1" 200 -
  [05:52:51] [  http] "GET /api/sessions HTTP/1.1" 200 -
  [05:52:51] [  http] "GET /api/aegis/stats?hours=24 HTTP/1.1" 200 -
  [05:52:51] [  http] "GET /api/drift HTTP/1.1" 200 -
  [05:52:52] [  http] "GET /api/governor HTTP/1.1" 200 -
  [05:52:52] [  http] "GET /api/aegis/stats?hours=24 HTTP/1.1" 200 -
  [05:52:53] [  http] "GET /api/aegis/stats?hours=24 HTTP/1.1" 200 -
  [05:52:53] [  http] "GET /api/drift HTTP/1.1" 200 -
  [05:52:53] [  http] "GET /api/drift HTTP/1.1" 200 -
  [05:52:54] [  http] "GET /api/drift HTTP/1.1" 200 -
  [05:52:56] [  http] "GET /api/drift HTTP/1.1" 200 -
  [05:52:57] [  http] "GET /api/aegis/stats?hours=24 HTTP/1.1" 200 -
  [05:52:57] [  http] "GET /api/aegis/healing-log?limit=15 HTTP/1.1" 200 -
  [05:52:57] [  http] "GET /api/aegis/recent-events?limit=15 HTTP/1.1" 200 -
  [05:52:57] [  http] "GET /api/drift HTTP/1.1" 200 -
  [05:52:57] [  http] "GET /api/aegis/stats?hours=24 HTTP/1.1" 200 -
  [05:52:57] [  http] "GET /api/aegis/healing-log?limit=15 HTTP/1.1" 200 -
  [05:52:57] [  http] "GET /api/aegis/recent-events?limit=15 HTTP/1.1" 200 -
  [05:52:57] [  http] "GET /api/drift HTTP/1.1" 200 -
  [05:52:58] [  http] "GET /api/aegis/stats?hours=24 HTTP/1.1" 200 -
  [05:52:58] [  http] "GET /api/aegis/healing-log?limit=15 HTTP/1.1" 200 -
  [05:52:58] [  http] "GET /api/aegis/recent-events?limit=15 HTTP/1.1" 200 -
  [05:52:59] [  http] "GET /api/governor HTTP/1.1" 200 -
  [05:52:59] [  http] "GET /api/drift HTTP/1.1" 200 -
  [05:52:59] [  http] "GET /api/drift HTTP/1.1" 200 -
  [05:53:00] [  http] "GET /api/governor HTTP/1.1" 200 -
  [05:53:00] [  http] "GET /api/drift HTTP/1.1" 200 -
  [05:53:01] [  http] "GET /api/drift HTTP/1.1" 200 -
  [05:53:02] [  http] "GET /api/aegis/stats?hours=24 HTTP/1.1" 200 -
  [05:53:02] [  http] "GET /api/governor HTTP/1.1" 200 -
  [05:53:02] [  http] "GET /api/drift HTTP/1.1" 200 -
  [05:53:02] [  http] "GET /api/aegis/stats?hours=24 HTTP/1.1" 200 -
  [05:53:03] [  http] "GET /api/aegis/stats?hours=24 HTTP/1.1" 200 -
  [05:53:03] [  http] "GET /api/drift HTTP/1.1" 200 -
  [OV:newton] ~280 tok, 9.3 tok/s
  [05:53:04] [  http] "GET /api/status HTTP/1.1" 200 -
INFO:reasoning_forge.memory_kernel:  ✓ Loaded 2075 cocoon memories from J:\codette-clean\reasoning_forge\..\cocoons
INFO:reasoning_forge.forge_engine:  ✓ Migrated 2075 cocoons to v2 kernel
INFO:reasoning_forge.forge_engine:  ✓ Memory kernel initialized (emotional continuity engine active)
INFO:reasoning_forge.forge_engine:  ✓ Cocoon stability field initialized (collapse detection active)
INFO:reasoning_forge.forge_engine:  ✓ Code7eCQURE reasoning engine initialized
INFO:reasoning_forge.forge_engine:  ✓ ColleenConscience ethical validator initialized
INFO:reasoning_forge.forge_engine:  ✓ CoreGuardianSpindle logical validator initialized
INFO:reasoning_forge.forge_engine:  ✓ NexisSignalEngine signal analysis initialized
INFO:Tier2Integration:Tier 2 Integration Bridge initialized
INFO:reasoning_forge.forge_engine:  ✓ Tier 2 Integration Bridge initialized (intent + identity + memory)
INFO:reasoning_forge.forge_engine:  ✓ CognitionCocooner initialized (thought encapsulation active)
INFO:reasoning_forge.forge_engine:  ✓ EthicalAIGovernance initialized (ethical screening active)
INFO:reasoning_forge.forge_engine:  ✓ AEGIS ethical governance initialized (6-framework evaluation)
  [05:53:04] [  http] "GET /api/status HTTP/1.1" 200 -
INFO:reasoning_forge.forge_engine:  ✓ RoutingMetrics initialized (adapter selection tracking)
INFO:reasoning_forge.forge_engine:  ✓ CocoonIntrospectionEngine initialized (self-analysis active)
  [05:53:04] [  http] "GET /api/session HTTP/1.1" 200 -
  [05:53:04] [  http] "GET /api/sessions HTTP/1.1" 200 -
  [05:53:04] [  http] "GET /api/drift HTTP/1.1" 200 -
INFO:reasoning_forge.unified_memory:UnifiedMemory: 2840 cocoons in J:\codette-clean\data\codette_memory.db
  [05:53:05] [  http] "GET /api/session HTTP/1.1" 200 -
  [05:53:05] [  http] "GET /api/status HTTP/1.1" 200 -
  [05:53:05] [  http] "GET /api/sessions HTTP/1.1" 200 -
  [05:53:05] [  http] "GET /api/session HTTP/1.1" 200 -
  [05:53:05] [  http] "GET /api/sessions HTTP/1.1" 200 -
INFO:reasoning_forge.forge_engine:  ✓ CocoonSynthesizer initialized (meta-cognitive strategy forging active)
INFO:reasoning_forge.forge_engine:  ✓ EventEmbeddedValueEngine initialized (discrete suffering analysis active)
INFO:reasoning_forge.forge_engine:  ✓ Self-awareness cocoon loaded (identity + evolution + capabilities)
INFO:reasoning_forge.forge_engine:  ✓ QuantumHarmonicFramework initialized (harmonic damping + Psi_r tracking)
[PHASE6] Memory kernel wired to orchestrator (2075 cocoon memories)
[PHASE6] ForgeEngine ready with 6 agents
[PHASE7] Executive Controller initialized - intelligent routing enabled
  [05:53:05] [  http] "GET /api/drift HTTP/1.1" 200 -
INFO:reasoning_forge.unified_memory:UnifiedMemory: 2840 cocoons in J:\codette-clean\data\codette_memory.db
INFO:inference.cognition_substrate:[substrate] Memory loaded (2840 cocoons)
INFO:inference.cognition_substrate:[substrate] SynthesisEngineV3 loaded
[PHASE8] CognitionSubstrate + RenderLayer initialized
  Phase 6 bridge initialized
  Phase 7 Executive Controller initialized
INFO:aegis_metrics_engine:✓ AEGIS Metrics Engine initialized at J:\codette-clean\aegis_metrics.db
INFO:aegis_layer4_complete:[Layer4] PQCShield initialized
INFO:aegis_orchestrator:🛡️  [AEGIS Orchestrator] Initialized with all safeguards active
INFO:aegis_forge_integration:✓ AEGIS layers loaded successfully
  AEGIS Protection Layers initialized (metrics db: J:\codette-clean\aegis_metrics.db)
INFO:memory_systems.seed_loader:[SeedLoader] Warm start complete — 7 seeds loaded (domain=none)
  Seed loader: 7 identity/value seeds loaded (warm start)
  [05:53:06] [  http] "GET /api/drift HTTP/1.1" 200 -
  [05:53:07] [  http] "GET /api/aegis/healing-log?limit=15 HTTP/1.1" 200 -
  [05:53:07] [  http] "GET /api/aegis/recent-events?limit=15 HTTP/1.1" 200 -
  [05:53:07] [  http] "GET /api/aegis/stats?hours=24 HTTP/1.1" 200 -
  [05:53:07] [  http] "GET /api/status HTTP/1.1" 200 -
  [05:53:07] [  http] "GET /api/session HTTP/1.1" 200 -
  [05:53:07] [  http] "GET /api/sessions HTTP/1.1" 200 -
  [05:53:08] [  http] "GET /api/aegis/healing-log?limit=15 HTTP/1.1" 200 -
  [05:53:08] [  http] "GET /api/aegis/recent-events?limit=15 HTTP/1.1" 200 -
  [05:53:08] [  http] "GET /api/aegis/stats?hours=24 HTTP/1.1" 200 -
  [05:53:08] [  http] "GET /api/drift HTTP/1.1" 200 -
  [05:53:08] [  http] "GET /api/aegis/healing-log?limit=15 HTTP/1.1" 200 -
  [05:53:08] [  http] "GET /api/aegis/recent-events?limit=15 HTTP/1.1" 200 -
  [05:53:08] [  http] "GET /api/aegis/stats?hours=24 HTTP/1.1" 200 -
  [05:53:09] [  http] "GET /api/governor HTTP/1.1" 200 -
  [05:53:09] [  http] "GET /api/drift HTTP/1.1" 200 -
  [05:53:09] [  http] "GET /api/drift HTTP/1.1" 200 -
  [05:53:10] [  http] "GET /api/governor HTTP/1.1" 200 -
  [05:53:10] [  http] "GET /api/drift HTTP/1.1" 200 -
  [05:53:11] [  http] "GET /api/aegis/stats?hours=24 HTTP/1.1" 200 -
  [05:53:12] [  http] "GET /api/drift HTTP/1.1" 200 -
  [05:53:12] [  http] "GET /api/governor HTTP/1.1" 200 -
  [05:53:12] [  http] "GET /api/drift HTTP/1.1" 200 -
  [05:53:12] [  http] "GET /api/aegis/stats?hours=24 HTTP/1.1" 200 -
  [05:53:13] [  http] "GET /api/aegis/stats?hours=24 HTTP/1.1" 200 -
  [05:53:13] [  http] "GET /api/drift HTTP/1.1" 200 -
  [05:53:14] [  http] "GET /api/drift HTTP/1.1" 200 -
  [05:53:15] [  http] "GET /api/drift HTTP/1.1" 200 -
  [05:53:16] [  http] "GET /api/drift HTTP/1.1" 200 -
  [05:53:17] [  http] "GET /api/aegis/stats?hours=24 HTTP/1.1" 200 -
  [05:53:17] [  http] "GET /api/aegis/healing-log?limit=15 HTTP/1.1" 200 -
  [05:53:17] [  http] "GET /api/aegis/recent-events?limit=15 HTTP/1.1" 200 -
  [05:53:17] [  http] "GET /api/drift HTTP/1.1" 200 -
  [05:53:17] [  http] "GET /api/aegis/healing-log?limit=15 HTTP/1.1" 200 -
  [05:53:17] [  http] "GET /api/aegis/recent-events?limit=15 HTTP/1.1" 200 -
  [05:53:17] [  http] "GET /api/aegis/stats?hours=24 HTTP/1.1" 200 -
  [05:53:18] [  http] "GET /api/aegis/healing-log?limit=15 HTTP/1.1" 200 -
  [05:53:18] [  http] "GET /api/aegis/recent-events?limit=15 HTTP/1.1" 200 -
  [05:53:18] [  http] "GET /api/aegis/stats?hours=24 HTTP/1.1" 200 -
  [05:53:18] [  http] "GET /api/drift HTTP/1.1" 200 -
  [05:53:19] [  http] "GET /api/governor HTTP/1.1" 200 -
  [05:53:19] [  http] "GET /api/status HTTP/1.1" 200 -
  [05:53:19] [  http] "GET /api/session HTTP/1.1" 200 -
  [05:53:20] [  http] "GET /api/sessions HTTP/1.1" 200 -
  [05:53:20] [heartbeat] up 3m30s · model=ready · inferring · pending=0
  [05:53:20] [  http] "GET /api/drift HTTP/1.1" 200 -
  [05:53:20] [  http] "GET /api/status HTTP/1.1" 200 -
  [05:53:20] [  http] "GET /api/governor HTTP/1.1" 200 -
  [05:53:20] [  http] "GET /api/session HTTP/1.1" 200 -
  [05:53:20] [  http] "GET /api/status HTTP/1.1" 200 -
  [05:53:20] [  http] "GET /api/sessions HTTP/1.1" 200 -
  [05:53:20] [  http] "GET /api/session HTTP/1.1" 200 -
  [05:53:20] [  http] "GET /api/sessions HTTP/1.1" 200 -
  [05:53:20] [  http] "GET /api/drift HTTP/1.1" 200 -
  [05:53:21] [  http] "GET /api/drift HTTP/1.1" 200 -
  [05:53:22] [  http] "GET /api/aegis/stats?hours=24 HTTP/1.1" 200 -
  [05:53:22] [  http] "GET /api/governor HTTP/1.1" 200 -
  [05:53:22] [  http] "GET /api/aegis/stats?hours=24 HTTP/1.1" 200 -
  [05:53:23] [  http] "GET /api/status HTTP/1.1" 200 -
  [05:53:23] [  http] "GET /api/drift HTTP/1.1" 200 -
  [05:53:23] [  http] "GET /api/aegis/stats?hours=24 HTTP/1.1" 200 -
  [05:53:23] [  http] "GET /api/session HTTP/1.1" 200 -
  [05:53:23] [  http] "GET /api/sessions HTTP/1.1" 200 -
  [05:53:23] [  http] "GET /api/drift HTTP/1.1" 200 -
  [05:53:24] [  http] "GET /api/drift HTTP/1.1" 200 -
  [05:53:26] [  http] "GET /api/drift HTTP/1.1" 200 -
  [05:53:27] [  http] "GET /api/aegis/healing-log?limit=15 HTTP/1.1" 200 -
  [05:53:27] [  http] "GET /api/aegis/stats?hours=24 HTTP/1.1" 200 -
  [05:53:27] [  http] "GET /api/aegis/recent-events?limit=15 HTTP/1.1" 200 -
  [05:53:27] [  http] "GET /api/drift HTTP/1.1" 200 -
  [05:53:27] [  http] "GET /api/aegis/stats?hours=24 HTTP/1.1" 200 -
  [05:53:27] [  http] "GET /api/aegis/healing-log?limit=15 HTTP/1.1" 200 -
  [05:53:27] [  http] "GET /api/drift HTTP/1.1" 200 -
  [05:53:27] [  http] "GET /api/aegis/recent-events?limit=15 HTTP/1.1" 200 -
  [05:53:28] [  http] "GET /api/aegis/stats?hours=24 HTTP/1.1" 200 -
  [05:53:28] [  http] "GET /api/aegis/healing-log?limit=15 HTTP/1.1" 200 -
  [05:53:28] [  http] "GET /api/aegis/recent-events?limit=15 HTTP/1.1" 200 -
  [05:53:29] [  http] "GET /api/governor HTTP/1.1" 200 -
  [05:53:29] [  http] "GET /api/drift HTTP/1.1" 200 -
  [05:53:29] [  http] "GET /api/drift HTTP/1.1" 200 -
  [OV:quantum] ~276 tok, 10.9 tok/s
  [TENSION] xi=0.1198 gamma=0.8930 — primary direct (perspectives agree)
  [MEMORY] [generation] baseline=3947MB peak=4443MB (+496 transient) retained=+408MB in 56.0s (214 samples)
  [WORKER] Got result: response=1662 chars, adapter=newton
  [05:53:30] [  http] "GET /api/governor HTTP/1.1" 200 -
  [05:53:31] [  http] "GET /api/drift HTTP/1.1" 200 -
  [COGNITION] ξ=0.1198 Γ=0.893 η=0.8521 σ=0.0 fidelity=— P=0.355 (all measured)
  [05:53:31] [  http] "GET /api/drift HTTP/1.1" 200 -
  [05:53:31] [  http] "POST /api/chat HTTP/1.1" 200 -
  [05:53:32] [  http] "GET /api/aegis/stats?hours=24 HTTP/1.1" 200 -
  [05:53:32] [  http] "GET /api/governor HTTP/1.1" 200 -
  [05:53:32] [  http] "GET /api/drift HTTP/1.1" 200 -
  [05:53:32] [  http] "GET /api/aegis/stats?hours=24 HTTP/1.1" 200 -
  [05:53:33] [  http] "GET /api/aegis/stats?hours=24 HTTP/1.1" 200 -
  [05:53:33] [  http] "GET /api/drift HTTP/1.1" 200 -
  [WORKER] Processing query: What is the correct answer to this question: trans-cinnamald...
INFO:reasoning_forge.behavior_governor:[GOVERNOR] Pre: identity=none (conf=0.15), memory=1 cocoons, tokens=200, compression=compressed
  [GOVERNOR] identity=none (conf=0.15), memory=1 cocoons, tokens=200, compression=compressed
  [WORKER] Using forge bridge (Phase 6/7)
[PHASE6] Query complexity: QueryComplexity.SIMPLE
[PHASE7] Route: 
[PHASE6] Domain: chemistry, max_adapters: 1

  [OV] Route: newton (conf=0.89, keyword)
  [05:53:35] [  http] "GET /api/status HTTP/1.1" 200 -
  [05:53:35] [  http] "GET /api/drift HTTP/1.1" 200 -
  [05:53:35] [  http] "GET /api/session HTTP/1.1" 200 -
  [05:53:35] [  http] "GET /api/status HTTP/1.1" 200 -
  [05:53:35] [  http] "GET /api/sessions HTTP/1.1" 200 -
  [05:53:35] [  http] "GET /api/drift HTTP/1.1" 200 -
  [05:53:35] [  http] "GET /api/aegis/stats?hours=24 HTTP/1.1" 200 -
  [05:53:35] [  http] "GET /api/aegis/healing-log?limit=15 HTTP/1.1" 200 -
  [05:53:35] [  http] "GET /api/aegis/recent-events?limit=15 HTTP/1.1" 200 -
  [05:53:35] [  http] "GET /api/governor HTTP/1.1" 200 -
  [05:53:35] [  http] "GET /api/session HTTP/1.1" 200 -
  [05:53:35] [  http] "GET /api/sessions HTTP/1.1" 200 -
  [05:53:35] [  http] "GET /api/status HTTP/1.1" 200 -
  [05:53:35] [  http] "GET /api/session HTTP/1.1" 200 -
  [05:53:36] [  http] "GET /api/drift HTTP/1.1" 200 -
  [05:53:36] [  http] "GET /api/sessions HTTP/1.1" 200 -
  [05:53:36] [  http] "GET /api/drift HTTP/1.1" 200 -
  [05:53:36] [  http] "GET /api/aegis/stats?hours=24 HTTP/1.1" 200 -
  [05:53:37] [  http] "GET /api/aegis/healing-log?limit=15 HTTP/1.1" 200 -
  [05:53:37] [  http] "GET /api/aegis/recent-events?limit=15 HTTP/1.1" 200 -
  [05:53:37] [  http] "GET /api/aegis/recent-events?limit=15 HTTP/1.1" 200 -
  [05:53:37] [  http] "GET /api/aegis/stats?hours=24 HTTP/1.1" 200 -
  [05:53:37] [  http] "GET /api/aegis/healing-log?limit=15 HTTP/1.1" 200 -
  [05:53:38] [  http] "GET /api/drift HTTP/1.1" 200 -
  [05:53:38] [  http] "GET /api/aegis/recent-events?limit=15 HTTP/1.1" 200 -
  [05:53:38] [  http] "GET /api/aegis/healing-log?limit=15 HTTP/1.1" 200 -
  [05:53:38] [  http] "GET /api/aegis/stats?hours=24 HTTP/1.1" 200 -
  [05:53:39] [  http] "GET /api/governor HTTP/1.1" 200 -
  [05:53:39] [  http] "GET /api/drift HTTP/1.1" 200 -
  [05:53:39] [  http] "GET /api/status HTTP/1.1" 200 -
  [05:53:39] [  http] "GET /api/session HTTP/1.1" 200 -
  [05:53:39] [  http] "GET /api/drift HTTP/1.1" 200 -
  [05:53:39] [  http] "GET /api/sessions HTTP/1.1" 200 -
  [05:53:40] [  http] "GET /api/governor HTTP/1.1" 200 -
  [05:53:40] [  http] "GET /api/drift HTTP/1.1" 200 -
  [05:53:42] [  http] "GET /api/drift HTTP/1.1" 200 -
  [05:53:42] [  http] "GET /api/aegis/stats?hours=24 HTTP/1.1" 200 -
  [05:53:42] [  http] "GET /api/governor HTTP/1.1" 200 -
  [05:53:42] [  http] "GET /api/drift HTTP/1.1" 200 -
  [05:53:42] [  http] "GET /api/aegis/stats?hours=24 HTTP/1.1" 200 -
  [05:53:43] [  http] "GET /api/aegis/stats?hours=24 HTTP/1.1" 200 -
  [05:53:43] [  http] "GET /api/drift HTTP/1.1" 200 -
  [05:53:44] [  http] "GET /api/drift HTTP/1.1" 200 -
  [05:53:50] [heartbeat] up 4m00s · model=ready · inferring · pending=0
  [05:53:51] [  http] "GET /api/drift HTTP/1.1" 200 -
  [05:53:53] [  http] "GET /api/aegis/stats?hours=24 HTTP/1.1" 200 -
  [05:53:53] [  http] "GET /api/aegis/stats?hours=24 HTTP/1.1" 200 -
  [05:53:53] [  http] "GET /api/aegis/healing-log?limit=15 HTTP/1.1" 200 -
  [OV:newton] ~212 tok, 8.5 tok/s
[AAP] disabled via CODETTE_AAP=0 (ablation)
  [05:54:00] [  http] "GET /api/drift HTTP/1.1" 200 -
  [05:54:00] [  http] "GET /api/aegis/recent-events?limit=15 HTTP/1.1" 200 -
  [05:54:00] [  http] "GET /api/aegis/healing-log?limit=15 HTTP/1.1" 200 -
  [05:54:00] [  http] "GET /api/governor HTTP/1.1" 200 -
  [05:54:00] [  http] "GET /api/governor HTTP/1.1" 200 -
  [05:54:00] [  http] "GET /api/drift HTTP/1.1" 200 -
  [05:54:00] [  http] "GET /api/aegis/stats?hours=24 HTTP/1.1" 200 -
  [05:54:00] [  http] "GET /api/status HTTP/1.1" 200 -
[PHASE6] Done: 1353 chars, 212 tokens
  [MEMORY] [generation] baseline=4356MB peak=4722MB (+366 transient) retained=+218MB in 26.7s (77 samples)
  [WORKER] Got result: response=1353 chars, adapter=newton
  [GOVERNOR] Response exceeded token budget (338 est vs 200 budget).
  [COGNITION] ξ=— Γ=— η=0.8886 σ=0.0 fidelity=— P=0.369 (all measured)
  [05:54:00] [  http] "POST /api/chat HTTP/1.1" 200 -
  [05:54:01] [  http] "GET /api/drift HTTP/1.1" 200 -
  [05:54:01] [  http] "GET /api/aegis/recent-events?limit=15 HTTP/1.1" 200 -
  [05:54:01] [  http] "GET /api/governor HTTP/1.1" 200 -
  [05:54:01] [  http] "GET /api/aegis/healing-log?limit=15 HTTP/1.1" 200 -
  [05:54:01] [  http] "GET /api/aegis/recent-events?limit=15 HTTP/1.1" 200 -
  [05:54:01] [  http] "GET /api/drift HTTP/1.1" 200 -
  [05:54:01] [  http] "GET /api/aegis/stats?hours=24 HTTP/1.1" 200 -
  [05:54:01] [  http] "GET /api/session HTTP/1.1" 200 -
  [05:54:01] [  http] "GET /api/drift HTTP/1.1" 200 -
  [05:54:01] [  http] "GET /api/governor HTTP/1.1" 200 -
  [05:54:01] [  http] "GET /api/sessions HTTP/1.1" 200 -
  [05:54:01] [  http] "GET /api/aegis/healing-log?limit=15 HTTP/1.1" 200 -
  [05:54:01] [  http] "GET /api/drift HTTP/1.1" 200 -
  [05:54:01] [  http] "GET /api/drift HTTP/1.1" 200 -
  [05:54:01] [  http] "GET /api/drift HTTP/1.1" 200 -
  [05:54:01] [  http] "GET /api/drift HTTP/1.1" 200 -
  [05:54:01] [  http] "GET /api/aegis/stats?hours=24 HTTP/1.1" 200 -
  [05:54:02] [  http] "GET /api/drift HTTP/1.1" 200 -
  [05:54:02] [  http] "GET /api/governor HTTP/1.1" 200 -
  [05:54:02] [  http] "GET /api/drift HTTP/1.1" 200 -
  [05:54:02] [  http] "GET /api/drift HTTP/1.1" 200 -
  [05:54:02] [  http] "GET /api/drift HTTP/1.1" 200 -
  [05:54:02] [  http] "GET /api/drift HTTP/1.1" 200 -
  [05:54:02] [  http] "GET /api/aegis/stats?hours=24 HTTP/1.1" 200 -
  [WORKER] Processing query: What is the correct answer to this question: A spin-half par...
INFO:reasoning_forge.behavior_governor:[GOVERNOR] Pre: identity=none (conf=0.15), memory=2 cocoons, tokens=400, compression=normal
  [GOVERNOR] identity=none (conf=0.15), memory=2 cocoons, tokens=400, compression=normal
  [WORKER] Using forge bridge (Phase 6/7)
[PHASE6] Query complexity: QueryComplexity.MEDIUM
[PHASE7] Route: debate,semantic_tension,specialization_tracking,memory_weighting,gamma_monitoring,synthesis
[PHASE6] Domain: physics, max_adapters: 2

  [OV] Route: newton + quantum (conf=0.62, keyword)
  [05:54:03] [  http] "GET /api/drift HTTP/1.1" 200 -
  [05:54:03] [  http] "GET /api/aegis/stats?hours=24 HTTP/1.1" 200 -
  [05:54:03] [  http] "GET /api/status HTTP/1.1" 200 -
  [05:54:03] [  http] "GET /api/drift HTTP/1.1" 200 -
  [05:54:03] [  http] "GET /api/session HTTP/1.1" 200 -
  [05:54:03] [  http] "GET /api/sessions HTTP/1.1" 200 -
  [05:54:03] [  http] "GET /api/drift HTTP/1.1" 200 -
  [05:54:04] [  http] "GET /api/drift HTTP/1.1" 200 -
  [05:54:05] [  http] "GET /api/status HTTP/1.1" 200 -
  [05:54:05] [  http] "GET /api/drift HTTP/1.1" 200 -
  [05:54:05] [  http] "GET /api/session HTTP/1.1" 200 -
  [05:54:05] [  http] "GET /api/sessions HTTP/1.1" 200 -
  [05:54:05] [  http] "GET /api/status HTTP/1.1" 200 -
  [05:54:05] [  http] "GET /api/session HTTP/1.1" 200 -
  [05:54:05] [  http] "GET /api/sessions HTTP/1.1" 200 -
  [05:54:06] [  http] "GET /api/drift HTTP/1.1" 200 -
  [05:54:06] [  http] "GET /api/drift HTTP/1.1" 200 -
  [05:54:06] [  http] "GET /api/aegis/stats?hours=24 HTTP/1.1" 200 -
  [05:54:07] [  http] "GET /api/aegis/healing-log?limit=15 HTTP/1.1" 200 -
  [05:54:07] [  http] "GET /api/aegis/recent-events?limit=15 HTTP/1.1" 200 -
  [05:54:07] [  http] "GET /api/aegis/stats?hours=24 HTTP/1.1" 200 -
  [05:54:07] [  http] "GET /api/aegis/recent-events?limit=15 HTTP/1.1" 200 -
  [05:54:07] [  http] "GET /api/aegis/healing-log?limit=15 HTTP/1.1" 200 -
  [05:54:08] [  http] "GET /api/drift HTTP/1.1" 200 -
  [05:54:08] [  http] "GET /api/aegis/stats?hours=24 HTTP/1.1" 200 -
  [05:54:08] [  http] "GET /api/aegis/recent-events?limit=15 HTTP/1.1" 200 -
  [05:54:08] [  http] "GET /api/aegis/healing-log?limit=15 HTTP/1.1" 200 -
  [05:54:09] [  http] "GET /api/governor HTTP/1.1" 200 -
  [05:54:09] [  http] "GET /api/drift HTTP/1.1" 200 -
  [05:54:09] [  http] "GET /api/drift HTTP/1.1" 200 -
  [05:54:10] [  http] "GET /api/governor HTTP/1.1" 200 -
  [05:54:10] [  http] "GET /api/drift HTTP/1.1" 200 -
  [05:54:11] [  http] "GET /api/aegis/stats?hours=24 HTTP/1.1" 200 -
  [05:54:12] [  http] "GET /api/drift HTTP/1.1" 200 -
  [05:54:12] [  http] "GET /api/governor HTTP/1.1" 200 -
  [05:54:12] [  http] "GET /api/drift HTTP/1.1" 200 -
  [05:54:12] [  http] "GET /api/aegis/stats?hours=24 HTTP/1.1" 200 -
  [05:54:13] [  http] "GET /api/aegis/stats?hours=24 HTTP/1.1" 200 -
  [05:54:13] [  http] "GET /api/drift HTTP/1.1" 200 -
  [05:54:15] [  http] "GET /api/drift HTTP/1.1" 200 -
  [05:54:15] [  http] "GET /api/drift HTTP/1.1" 200 -
  [05:54:16] [  http] "GET /api/status HTTP/1.1" 200 -
  [05:54:16] [  http] "GET /api/session HTTP/1.1" 200 -
  [05:54:16] [  http] "GET /api/sessions HTTP/1.1" 200 -
  [05:54:16] [  http] "GET /api/drift HTTP/1.1" 200 -
  [05:54:16] [  http] "GET /api/aegis/stats?hours=24 HTTP/1.1" 200 -
  [05:54:17] [  http] "GET /api/aegis/healing-log?limit=15 HTTP/1.1" 200 -
  [05:54:17] [  http] "GET /api/aegis/recent-events?limit=15 HTTP/1.1" 200 -
  [05:54:17] [  http] "GET /api/aegis/healing-log?limit=15 HTTP/1.1" 200 -
  [05:54:17] [  http] "GET /api/aegis/stats?hours=24 HTTP/1.1" 200 -
  [05:54:17] [  http] "GET /api/aegis/recent-events?limit=15 HTTP/1.1" 200 -
  [05:54:18] [  http] "GET /api/drift HTTP/1.1" 200 -
  [05:54:18] [  http] "GET /api/aegis/healing-log?limit=15 HTTP/1.1" 200 -
  [05:54:18] [  http] "GET /api/aegis/recent-events?limit=15 HTTP/1.1" 200 -
  [05:54:18] [  http] "GET /api/aegis/stats?hours=24 HTTP/1.1" 200 -
  [05:54:18] [  http] "GET /api/drift HTTP/1.1" 200 -
  [05:54:19] [  http] "GET /api/governor HTTP/1.1" 200 -
  [05:54:19] [  http] "GET /api/status HTTP/1.1" 200 -
  [05:54:19] [  http] "GET /api/session HTTP/1.1" 200 -
  [05:54:19] [  http] "GET /api/sessions HTTP/1.1" 200 -
  [05:54:19] [  http] "GET /api/drift HTTP/1.1" 200 -
  [05:54:20] [heartbeat] up 4m30s · model=ready · inferring · pending=0
  [05:54:20] [  http] "GET /api/status HTTP/1.1" 200 -
  [05:54:20] [  http] "GET /api/governor HTTP/1.1" 200 -
  [05:54:20] [  http] "GET /api/status HTTP/1.1" 200 -
  [05:54:20] [  http] "GET /api/session HTTP/1.1" 200 -
  [05:54:20] [  http] "GET /api/sessions HTTP/1.1" 200 -
  [05:54:20] [  http] "GET /api/session HTTP/1.1" 200 -
  [05:54:20] [  http] "GET /api/sessions HTTP/1.1" 200 -
  [05:54:21] [  http] "GET /api/drift HTTP/1.1" 200 -
  [05:54:21] [  http] "GET /api/drift HTTP/1.1" 200 -
  [05:54:21] [  http] "GET /api/aegis/stats?hours=24 HTTP/1.1" 200 -
  [05:54:22] [  http] "GET /api/governor HTTP/1.1" 200 -
  [05:54:22] [  http] "GET /api/aegis/stats?hours=24 HTTP/1.1" 200 -
  [05:54:23] [  http] "GET /api/drift HTTP/1.1" 200 -
  [05:54:23] [  http] "GET /api/aegis/stats?hours=24 HTTP/1.1" 200 -
  [05:54:23] [  http] "GET /api/drift HTTP/1.1" 200 -
  [05:54:24] [  http] "GET /api/drift HTTP/1.1" 200 -
  [05:54:26] [  http] "GET /api/drift HTTP/1.1" 200 -
  [05:54:27] [  http] "GET /api/drift HTTP/1.1" 200 -
  [05:54:27] [  http] "GET /api/aegis/stats?hours=24 HTTP/1.1" 200 -
  [05:54:27] [  http] "GET /api/aegis/recent-events?limit=15 HTTP/1.1" 200 -
  [05:54:27] [  http] "GET /api/aegis/healing-log?limit=15 HTTP/1.1" 200 -
  [05:54:27] [  http] "GET /api/aegis/stats?hours=24 HTTP/1.1" 200 -
  [05:54:27] [  http] "GET /api/aegis/healing-log?limit=15 HTTP/1.1" 200 -
  [05:54:27] [  http] "GET /api/aegis/recent-events?limit=15 HTTP/1.1" 200 -
  [05:54:27] [  http] "GET /api/drift HTTP/1.1" 200 -
  [05:54:28] [  http] "GET /api/aegis/stats?hours=24 HTTP/1.1" 200 -
  [05:54:28] [  http] "GET /api/aegis/healing-log?limit=15 HTTP/1.1" 200 -
  [05:54:28] [  http] "GET /api/aegis/recent-events?limit=15 HTTP/1.1" 200 -
  [05:54:29] [  http] "GET /api/governor HTTP/1.1" 200 -
  [05:54:29] [  http] "GET /api/drift HTTP/1.1" 200 -
  [05:54:29] [  http] "GET /api/drift HTTP/1.1" 200 -
  [05:54:30] [  http] "GET /api/governor HTTP/1.1" 200 -
  [05:54:30] [  http] "GET /api/drift HTTP/1.1" 200 -
  [05:54:31] [  http] "GET /api/status HTTP/1.1" 200 -
  [05:54:31] [  http] "GET /api/session HTTP/1.1" 200 -
  [05:54:31] [  http] "GET /api/sessions HTTP/1.1" 200 -
  [05:54:31] [  http] "GET /api/drift HTTP/1.1" 200 -
  [05:54:32] [  http] "GET /api/aegis/stats?hours=24 HTTP/1.1" 200 -
  [05:54:32] [  http] "GET /api/governor HTTP/1.1" 200 -
  [05:54:32] [  http] "GET /api/drift HTTP/1.1" 200 -
  [05:54:32] [  http] "GET /api/aegis/stats?hours=24 HTTP/1.1" 200 -
  [05:54:33] [  http] "GET /api/aegis/stats?hours=24 HTTP/1.1" 200 -
  [05:54:33] [  http] "GET /api/drift HTTP/1.1" 200 -
  [05:54:35] [  http] "GET /api/drift HTTP/1.1" 200 -
  [05:54:35] [  http] "GET /api/status HTTP/1.1" 200 -
  [05:54:35] [  http] "GET /api/drift HTTP/1.1" 200 -
  [05:54:35] [  http] "GET /api/aegis/healing-log?limit=15 HTTP/1.1" 200 -
  [05:54:35] [  http] "GET /api/aegis/stats?hours=24 HTTP/1.1" 200 -
  [05:54:35] [  http] "GET /api/aegis/recent-events?limit=15 HTTP/1.1" 200 -
  [05:54:35] [  http] "GET /api/governor HTTP/1.1" 200 -
  [05:54:35] [  http] "GET /api/status HTTP/1.1" 200 -
  [05:54:35] [  http] "GET /api/session HTTP/1.1" 200 -
  [05:54:35] [  http] "GET /api/sessions HTTP/1.1" 200 -
  [05:54:35] [  http] "GET /api/session HTTP/1.1" 200 -
  [05:54:35] [  http] "GET /api/status HTTP/1.1" 200 -
  [05:54:35] [  http] "GET /api/sessions HTTP/1.1" 200 -
  [05:54:36] [  http] "GET /api/session HTTP/1.1" 200 -
  [05:54:36] [  http] "GET /api/drift HTTP/1.1" 200 -
  [05:54:36] [  http] "GET /api/sessions HTTP/1.1" 200 -
  [05:54:36] [  http] "GET /api/drift HTTP/1.1" 200 -
  [05:54:36] [  http] "GET /api/aegis/stats?hours=24 HTTP/1.1" 200 -
  [05:54:37] [  http] "GET /api/aegis/healing-log?limit=15 HTTP/1.1" 200 -
  [05:54:37] [  http] "GET /api/aegis/recent-events?limit=15 HTTP/1.1" 200 -
  [05:54:37] [  http] "GET /api/aegis/stats?hours=24 HTTP/1.1" 200 -
  [05:54:37] [  http] "GET /api/aegis/healing-log?limit=15 HTTP/1.1" 200 -
  [05:54:37] [  http] "GET /api/aegis/recent-events?limit=15 HTTP/1.1" 200 -
  [05:54:38] [  http] "GET /api/drift HTTP/1.1" 200 -
  [05:54:38] [  http] "GET /api/aegis/healing-log?limit=15 HTTP/1.1" 200 -
  [05:54:38] [  http] "GET /api/aegis/recent-events?limit=15 HTTP/1.1" 200 -
  [05:54:38] [  http] "GET /api/aegis/stats?hours=24 HTTP/1.1" 200 -
  [05:54:39] [  http] "GET /api/governor HTTP/1.1" 200 -
  [05:54:39] [  http] "GET /api/drift HTTP/1.1" 200 -
  [05:54:39] [  http] "GET /api/drift HTTP/1.1" 200 -
  [05:54:40] [  http] "GET /api/governor HTTP/1.1" 200 -
  [05:54:40] [  http] "GET /api/drift HTTP/1.1" 200 -
  [05:54:41] [  http] "GET /api/aegis/stats?hours=24 HTTP/1.1" 200 -
  [05:54:42] [  http] "GET /api/drift HTTP/1.1" 200 -
  [05:54:42] [  http] "GET /api/governor HTTP/1.1" 200 -
  [05:54:42] [  http] "GET /api/drift HTTP/1.1" 200 -
  [05:54:42] [  http] "GET /api/aegis/stats?hours=24 HTTP/1.1" 200 -
  [05:54:43] [  http] "GET /api/aegis/stats?hours=24 HTTP/1.1" 200 -
  [05:54:43] [  http] "GET /api/drift HTTP/1.1" 200 -
  [05:54:44] [  http] "GET /api/drift HTTP/1.1" 200 -
  [05:54:45] [  http] "GET /api/drift HTTP/1.1" 200 -
  [05:54:46] [  http] "GET /api/status HTTP/1.1" 200 -
  [05:54:46] [  http] "GET /api/session HTTP/1.1" 200 -
  [05:54:46] [  http] "GET /api/sessions HTTP/1.1" 200 -
  [05:54:46] [  http] "GET /api/drift HTTP/1.1" 200 -
  [05:54:47] [  http] "GET /api/aegis/healing-log?limit=15 HTTP/1.1" 200 -
  [05:54:47] [  http] "GET /api/aegis/recent-events?limit=15 HTTP/1.1" 200 -
  [05:54:47] [  http] "GET /api/aegis/stats?hours=24 HTTP/1.1" 200 -
  [05:54:47] [  http] "GET /api/drift HTTP/1.1" 200 -
  [05:54:47] [  http] "GET /api/aegis/stats?hours=24 HTTP/1.1" 200 -
  [05:54:47] [  http] "GET /api/aegis/healing-log?limit=15 HTTP/1.1" 200 -
  [05:54:47] [  http] "GET /api/aegis/recent-events?limit=15 HTTP/1.1" 200 -
  [05:54:48] [  http] "GET /api/aegis/stats?hours=24 HTTP/1.1" 200 -
  [05:54:48] [  http] "GET /api/aegis/recent-events?limit=15 HTTP/1.1" 200 -
  [05:54:48] [  http] "GET /api/aegis/healing-log?limit=15 HTTP/1.1" 200 -
  [05:54:48] [  http] "GET /api/drift HTTP/1.1" 200 -
  [05:54:49] [  http] "GET /api/governor HTTP/1.1" 200 -
  [05:54:49] [  http] "GET /api/drift HTTP/1.1" 200 -
  [05:54:50] [heartbeat] up 5m00s · model=ready · inferring · pending=0
  [05:54:50] [  http] "GET /api/governor HTTP/1.1" 200 -
  [05:54:50] [  http] "GET /api/status HTTP/1.1" 200 -
  [05:54:50] [  http] "GET /api/session HTTP/1.1" 200 -
  [05:54:51] [  http] "GET /api/sessions HTTP/1.1" 200 -
  [05:54:51] [  http] "GET /api/status HTTP/1.1" 200 -
  [05:54:51] [  http] "GET /api/drift HTTP/1.1" 200 -
  [05:54:51] [  http] "GET /api/session HTTP/1.1" 200 -
  [05:54:51] [  http] "GET /api/status HTTP/1.1" 200 -
  [05:54:51] [  http] "GET /api/sessions HTTP/1.1" 200 -
  [05:54:51] [  http] "GET /api/session HTTP/1.1" 200 -
  [05:54:51] [  http] "GET /api/drift HTTP/1.1" 200 -
  [05:54:51] [  http] "GET /api/sessions HTTP/1.1" 200 -
  [05:54:51] [  http] "GET /api/aegis/stats?hours=24 HTTP/1.1" 200 -
  [05:54:52] [  http] "GET /api/governor HTTP/1.1" 200 -
  [05:54:52] [  http] "GET /api/aegis/stats?hours=24 HTTP/1.1" 200 -
  [05:54:53] [  http] "GET /api/drift HTTP/1.1" 200 -
  [05:54:53] [  http] "GET /api/aegis/stats?hours=24 HTTP/1.1" 200 -
  [05:54:53] [  http] "GET /api/drift HTTP/1.1" 200 -
  [05:54:54] [  http] "GET /api/drift HTTP/1.1" 200 -
  [05:54:56] [  http] "GET /api/drift HTTP/1.1" 200 -
  [05:54:57] [  http] "GET /api/drift HTTP/1.1" 200 -
  [05:54:57] [  http] "GET /api/aegis/stats?hours=24 HTTP/1.1" 200 -
  [05:54:57] [  http] "GET /api/aegis/recent-events?limit=15 HTTP/1.1" 200 -
  [05:54:57] [  http] "GET /api/aegis/healing-log?limit=15 HTTP/1.1" 200 -
  [OV:newton] ~324 tok, 5.9 tok/s
  [05:54:57] [  http] "GET /api/aegis/stats?hours=24 HTTP/1.1" 200 -
  [05:54:57] [  http] "GET /api/drift HTTP/1.1" 200 -
  [05:54:57] [  http] "GET /api/aegis/healing-log?limit=15 HTTP/1.1" 200 -
  [05:54:57] [  http] "GET /api/aegis/recent-events?limit=15 HTTP/1.1" 200 -
  [05:54:58] [  http] "GET /api/aegis/stats?hours=24 HTTP/1.1" 200 -
  [05:54:58] [  http] "GET /api/aegis/healing-log?limit=15 HTTP/1.1" 200 -
  [05:54:58] [  http] "GET /api/aegis/recent-events?limit=15 HTTP/1.1" 200 -
  [05:54:59] [  http] "GET /api/drift HTTP/1.1" 200 -
  [05:54:59] [  http] "GET /api/governor HTTP/1.1" 200 -
  [05:54:59] [  http] "GET /api/drift HTTP/1.1" 200 -
  [05:55:00] [  http] "GET /api/governor HTTP/1.1" 200 -
  [05:55:01] [  http] "GET /api/drift HTTP/1.1" 200 -
  [05:55:01] [  http] "GET /api/status HTTP/1.1" 200 -
  [05:55:01] [  http] "GET /api/session HTTP/1.1" 200 -
  [05:55:01] [  http] "GET /api/sessions HTTP/1.1" 200 -
  [05:55:01] [  http] "GET /api/drift HTTP/1.1" 200 -
  [05:55:02] [  http] "GET /api/governor HTTP/1.1" 200 -
  [05:55:02] [  http] "GET /api/aegis/stats?hours=24 HTTP/1.1" 200 -
  [05:55:02] [  http] "GET /api/drift HTTP/1.1" 200 -
  [05:55:02] [  http] "GET /api/aegis/stats?hours=24 HTTP/1.1" 200 -
  [05:55:03] [  http] "GET /api/aegis/stats?hours=24 HTTP/1.1" 200 -
  [05:55:03] [  http] "GET /api/drift HTTP/1.1" 200 -
  [05:55:05] [  http] "GET /api/drift HTTP/1.1" 200 -
  [05:55:05] [  http] "GET /api/status HTTP/1.1" 200 -
  [05:55:06] [  http] "GET /api/session HTTP/1.1" 200 -
  [05:55:06] [  http] "GET /api/sessions HTTP/1.1" 200 -
  [05:55:06] [  http] "GET /api/drift HTTP/1.1" 200 -
  [05:55:06] [  http] "GET /api/status HTTP/1.1" 200 -
  [05:55:06] [  http] "GET /api/session HTTP/1.1" 200 -
  [05:55:06] [  http] "GET /api/drift HTTP/1.1" 200 -
  [05:55:06] [  http] "GET /api/sessions HTTP/1.1" 200 -
  [05:55:06] [  http] "GET /api/aegis/stats?hours=24 HTTP/1.1" 200 -
  [05:55:07] [  http] "GET /api/aegis/healing-log?limit=15 HTTP/1.1" 200 -
  [05:55:07] [  http] "GET /api/aegis/recent-events?limit=15 HTTP/1.1" 200 -
  [05:55:07] [  http] "GET /api/status HTTP/1.1" 200 -
  [05:55:07] [  http] "GET /api/session HTTP/1.1" 200 -
  [05:55:07] [  http] "GET /api/sessions HTTP/1.1" 200 -
  [05:55:07] [  http] "GET /api/aegis/healing-log?limit=15 HTTP/1.1" 200 -
  [05:55:07] [  http] "GET /api/aegis/stats?hours=24 HTTP/1.1" 200 -
  [05:55:07] [  http] "GET /api/aegis/recent-events?limit=15 HTTP/1.1" 200 -
  [05:55:08] [  http] "GET /api/drift HTTP/1.1" 200 -
  [05:55:08] [  http] "GET /api/aegis/healing-log?limit=15 HTTP/1.1" 200 -
  [05:55:08] [  http] "GET /api/aegis/stats?hours=24 HTTP/1.1" 200 -
  [05:55:08] [  http] "GET /api/aegis/recent-events?limit=15 HTTP/1.1" 200 -
  [05:55:08] [  http] "GET /api/drift HTTP/1.1" 200 -
  [05:55:09] [  http] "GET /api/governor HTTP/1.1" 200 -
  [05:55:09] [  http] "GET /api/drift HTTP/1.1" 200 -
  [05:55:10] [  http] "GET /api/governor HTTP/1.1" 200 -
  [05:55:10] [  http] "GET /api/drift HTTP/1.1" 200 -
  [05:55:12] [  http] "GET /api/drift HTTP/1.1" 200 -
  [05:55:12] [  http] "GET /api/aegis/stats?hours=24 HTTP/1.1" 200 -
  [05:55:12] [  http] "GET /api/governor HTTP/1.1" 200 -
  [05:55:12] [  http] "GET /api/drift HTTP/1.1" 200 -
  [05:55:12] [  http] "GET /api/aegis/stats?hours=24 HTTP/1.1" 200 -
  [05:55:13] [  http] "GET /api/aegis/stats?hours=24 HTTP/1.1" 200 -
  [05:55:13] [  http] "GET /api/drift HTTP/1.1" 200 -
  [05:55:14] [  http] "GET /api/drift HTTP/1.1" 200 -
  [05:55:15] [  http] "GET /api/drift HTTP/1.1" 200 -
  [05:55:16] [  http] "GET /api/status HTTP/1.1" 200 -
  [05:55:16] [  http] "GET /api/session HTTP/1.1" 200 -
  [05:55:16] [  http] "GET /api/sessions HTTP/1.1" 200 -
  [05:55:16] [  http] "GET /api/drift HTTP/1.1" 200 -
  [05:55:17] [  http] "GET /api/aegis/stats?hours=24 HTTP/1.1" 200 -
  [05:55:17] [  http] "GET /api/aegis/healing-log?limit=15 HTTP/1.1" 200 -
  [05:55:17] [  http] "GET /api/aegis/recent-events?limit=15 HTTP/1.1" 200 -
  [05:55:17] [  http] "GET /api/drift HTTP/1.1" 200 -
  [05:55:17] [  http] "GET /api/aegis/healing-log?limit=15 HTTP/1.1" 200 -
  [05:55:17] [  http] "GET /api/aegis/recent-events?limit=15 HTTP/1.1" 200 -
  [05:55:17] [  http] "GET /api/aegis/stats?hours=24 HTTP/1.1" 200 -
  [05:55:18] [  http] "GET /api/aegis/healing-log?limit=15 HTTP/1.1" 200 -
  [05:55:18] [  http] "GET /api/aegis/stats?hours=24 HTTP/1.1" 200 -
  [05:55:18] [  http] "GET /api/aegis/recent-events?limit=15 HTTP/1.1" 200 -
  [05:55:18] [  http] "GET /api/drift HTTP/1.1" 200 -
  [05:55:19] [  http] "GET /api/governor HTTP/1.1" 200 -
  [05:55:19] [  http] "GET /api/drift HTTP/1.1" 200 -
  [05:55:20] [heartbeat] up 5m30s · model=ready · inferring · pending=0
  [05:55:20] [  http] "GET /api/governor HTTP/1.1" 200 -
  [05:55:20] [  http] "GET /api/status HTTP/1.1" 200 -
  [05:55:21] [  http] "GET /api/session HTTP/1.1" 200 -
  [05:55:21] [  http] "GET /api/sessions HTTP/1.1" 200 -
  [05:55:21] [  http] "GET /api/drift HTTP/1.1" 200 -
  [05:55:21] [  http] "GET /api/status HTTP/1.1" 200 -
  [05:55:21] [  http] "GET /api/drift HTTP/1.1" 200 -
  [05:55:21] [  http] "GET /api/session HTTP/1.1" 200 -
  [05:55:21] [  http] "GET /api/sessions HTTP/1.1" 200 -
  [05:55:21] [  http] "GET /api/aegis/stats?hours=24 HTTP/1.1" 200 -
  [05:55:22] [  http] "GET /api/governor HTTP/1.1" 200 -
  [05:55:22] [  http] "GET /api/aegis/stats?hours=24 HTTP/1.1" 200 -
  [05:55:23] [  http] "GET /api/status HTTP/1.1" 200 -
  [05:55:23] [  http] "GET /api/drift HTTP/1.1" 200 -
  [05:55:23] [  http] "GET /api/aegis/stats?hours=24 HTTP/1.1" 200 -
  [05:55:23] [  http] "GET /api/session HTTP/1.1" 200 -
  [05:55:23] [  http] "GET /api/sessions HTTP/1.1" 200 -
  [05:55:23] [  http] "GET /api/drift HTTP/1.1" 200 -
  [05:55:24] [  http] "GET /api/drift HTTP/1.1" 200 -
  [05:55:26] [  http] "GET /api/drift HTTP/1.1" 200 -
[EMBED] semantic embedder ready (all-MiniLM-L6-v2, CPU)
  [05:55:27] [  http] "GET /api/aegis/stats?hours=24 HTTP/1.1" 200 -
  [05:55:27] [  http] "GET /api/aegis/healing-log?limit=15 HTTP/1.1" 200 -
  [05:55:27] [  http] "GET /api/aegis/recent-events?limit=15 HTTP/1.1" 200 -
  [05:55:27] [  http] "GET /api/drift HTTP/1.1" 200 -
  [05:55:27] [  http] "GET /api/aegis/stats?hours=24 HTTP/1.1" 200 -
  [05:55:27] [  http] "GET /api/aegis/healing-log?limit=15 HTTP/1.1" 200 -
  [05:55:27] [  http] "GET /api/aegis/recent-events?limit=15 HTTP/1.1" 200 -
  [05:55:27] [  http] "GET /api/drift HTTP/1.1" 200 -
  [05:55:28] [  http] "GET /api/aegis/stats?hours=24 HTTP/1.1" 200 -
  [05:55:28] [  http] "GET /api/aegis/healing-log?limit=15 HTTP/1.1" 200 -
  [05:55:28] [  http] "GET /api/aegis/recent-events?limit=15 HTTP/1.1" 200 -
  [05:55:29] [  http] "GET /api/drift HTTP/1.1" 200 -
  [05:55:29] [  http] "GET /api/governor HTTP/1.1" 200 -
  [05:55:29] [  http] "GET /api/drift HTTP/1.1" 200 -
  [05:55:30] [  http] "GET /api/governor HTTP/1.1" 200 -
  [05:55:30] [  http] "GET /api/drift HTTP/1.1" 200 -
  [05:55:31] [  http] "GET /api/status HTTP/1.1" 200 -
  [05:55:31] [  http] "GET /api/session HTTP/1.1" 200 -
  [05:55:31] [  http] "GET /api/sessions HTTP/1.1" 200 -
  [05:55:31] [  http] "GET /api/drift HTTP/1.1" 200 -
  [05:55:32] [  http] "GET /api/aegis/stats?hours=24 HTTP/1.1" 200 -
  [05:55:32] [  http] "GET /api/governor HTTP/1.1" 200 -
  [05:55:32] [  http] "GET /api/drift HTTP/1.1" 200 -
  [05:55:32] [  http] "GET /api/aegis/stats?hours=24 HTTP/1.1" 200 -
  [05:55:33] [  http] "GET /api/aegis/stats?hours=24 HTTP/1.1" 200 -
  [05:55:33] [  http] "GET /api/drift HTTP/1.1" 200 -
  [05:55:35] [  http] "GET /api/drift HTTP/1.1" 200 -
  [05:55:35] [  http] "GET /api/drift HTTP/1.1" 200 -
  [05:55:35] [  http] "GET /api/governor HTTP/1.1" 200 -
  [05:55:35] [  http] "GET /api/aegis/stats?hours=24 HTTP/1.1" 200 -
  [05:55:35] [  http] "GET /api/aegis/healing-log?limit=15 HTTP/1.1" 200 -
  [05:55:35] [  http] "GET /api/aegis/recent-events?limit=15 HTTP/1.1" 200 -
  [05:55:35] [  http] "GET /api/status HTTP/1.1" 200 -
  [05:55:35] [  http] "GET /api/drift HTTP/1.1" 200 -
  [05:55:36] [  http] "GET /api/session HTTP/1.1" 200 -
  [05:55:36] [  http] "GET /api/sessions HTTP/1.1" 200 -
  [05:55:36] [  http] "GET /api/drift HTTP/1.1" 200 -
  [05:55:36] [  http] "GET /api/status HTTP/1.1" 200 -
  [05:55:37] [  http] "GET /api/session HTTP/1.1" 200 -
  [05:55:37] [  http] "GET /api/sessions HTTP/1.1" 200 -
  [05:55:37] [  http] "GET /api/aegis/stats?hours=24 HTTP/1.1" 200 -
  [05:55:37] [  http] "GET /api/aegis/healing-log?limit=15 HTTP/1.1" 200 -
  [05:55:37] [  http] "GET /api/aegis/recent-events?limit=15 HTTP/1.1" 200 -
  [05:55:37] [  http] "GET /api/aegis/stats?hours=24 HTTP/1.1" 200 -
  [05:55:37] [  http] "GET /api/aegis/healing-log?limit=15 HTTP/1.1" 200 -
  [05:55:37] [  http] "GET /api/aegis/recent-events?limit=15 HTTP/1.1" 200 -
  [05:55:38] [  http] "GET /api/drift HTTP/1.1" 200 -
  [05:55:38] [  http] "GET /api/aegis/stats?hours=24 HTTP/1.1" 200 -
  [05:55:38] [  http] "GET /api/aegis/recent-events?limit=15 HTTP/1.1" 200 -
  [05:55:38] [  http] "GET /api/aegis/healing-log?limit=15 HTTP/1.1" 200 -
  [05:55:38] [  http] "GET /api/drift HTTP/1.1" 200 -
  [05:55:39] [  http] "GET /api/governor HTTP/1.1" 200 -
  [05:55:39] [  http] "GET /api/status HTTP/1.1" 200 -
  [05:55:39] [  http] "GET /api/drift HTTP/1.1" 200 -
  [05:55:39] [  http] "GET /api/session HTTP/1.1" 200 -
  [05:55:39] [  http] "GET /api/sessions HTTP/1.1" 200 -
  [05:55:40] [  http] "GET /api/governor HTTP/1.1" 200 -
  [05:55:40] [  http] "GET /api/drift HTTP/1.1" 200 -
  [05:55:41] [  http] "GET /api/aegis/stats?hours=24 HTTP/1.1" 200 -
  [05:55:42] [  http] "GET /api/drift HTTP/1.1" 200 -
  [05:55:42] [  http] "GET /api/governor HTTP/1.1" 200 -
  [05:55:42] [  http] "GET /api/drift HTTP/1.1" 200 -
  [05:55:42] [  http] "GET /api/aegis/stats?hours=24 HTTP/1.1" 200 -
  [05:55:43] [  http] "GET /api/aegis/stats?hours=24 HTTP/1.1" 200 -
  [05:55:43] [  http] "GET /api/drift HTTP/1.1" 200 -
  [05:55:45] [  http] "GET /api/drift HTTP/1.1" 200 -
  [05:55:45] [  http] "GET /api/drift HTTP/1.1" 200 -
  [05:55:46] [  http] "GET /api/status HTTP/1.1" 200 -
  [05:55:46] [  http] "GET /api/session HTTP/1.1" 200 -
  [05:55:46] [  http] "GET /api/sessions HTTP/1.1" 200 -
  [05:55:46] [  http] "GET /api/aegis/stats?hours=24 HTTP/1.1" 200 -
  [05:55:46] [  http] "GET /api/drift HTTP/1.1" 200 -
  [05:55:47] [  http] "GET /api/aegis/healing-log?limit=15 HTTP/1.1" 200 -
  [05:55:47] [  http] "GET /api/aegis/recent-events?limit=15 HTTP/1.1" 200 -
  [05:55:47] [  http] "GET /api/aegis/stats?hours=24 HTTP/1.1" 200 -
  [05:55:47] [  http] "GET /api/aegis/healing-log?limit=15 HTTP/1.1" 200 -
  [05:55:47] [  http] "GET /api/aegis/recent-events?limit=15 HTTP/1.1" 200 -
  [05:55:48] [  http] "GET /api/aegis/stats?hours=24 HTTP/1.1" 200 -
  [05:55:48] [  http] "GET /api/drift HTTP/1.1" 200 -
  [05:55:48] [  http] "GET /api/aegis/healing-log?limit=15 HTTP/1.1" 200 -
  [05:55:48] [  http] "GET /api/aegis/recent-events?limit=15 HTTP/1.1" 200 -
  [OV:quantum] ~268 tok, 5.3 tok/s
  [TENSION] xi=0.0438 gamma=0.9580 — primary direct (perspectives agree)
[AAP] disabled via CODETTE_AAP=0 (ablation)
  [05:55:48] [  http] "GET /api/drift HTTP/1.1" 200 -
[PHASE6] Done: 2326 chars, 592 tokens
  [MEMORY] [generation] baseline=4539MB peak=4974MB (+435 transient) retained=+319MB in 105.6s (401 samples)
  [WORKER] Got result: response=2326 chars, adapter=newton
  [GOVERNOR] Response may not directly answer the question.
  [COGNITION] ξ=0.0438 Γ=0.958 η=0.9131 σ=0.0 fidelity=— P=0.407 (all measured)
  [05:55:49] [  http] "POST /api/chat HTTP/1.1" 200 -
  [05:55:49] [  http] "GET /api/governor HTTP/1.1" 200 -
  [05:55:49] [  http] "GET /api/drift HTTP/1.1" 200 -
  [05:55:50] [heartbeat] up 6m00s · model=ready · idle · pending=0
  [05:55:50] [  http] "GET /api/governor HTTP/1.1" 200 -
  [05:55:50] [  http] "GET /api/status HTTP/1.1" 200 -
  [05:55:50] [  http] "GET /api/drift HTTP/1.1" 200 -
  [05:55:51] [  http] "GET /api/session HTTP/1.1" 200 -
  [05:55:51] [  http] "GET /api/sessions HTTP/1.1" 200 -
  [WORKER] Processing query: What is the correct answer to this question: In a parallel u...
INFO:reasoning_forge.behavior_governor:[GOVERNOR] Pre: identity=none (conf=0.15), memory=4 cocoons, tokens=600, compression=expanded
  [GOVERNOR] identity=none (conf=0.15), memory=4 cocoons, tokens=600, compression=expanded
  [WORKER] Using forge bridge (Phase 6/7)
[PHASE6] Query complexity: QueryComplexity.COMPLEX
[PHASE7] Route: debate,semantic_tension,specialization_tracking,preflight_predictor,memory_weighting,gamma_monitoring,synthesis
[PHASE6] Domain: chemistry, max_adapters: 2

  [OV] Route: newton + quantum (conf=0.90, keyword)
  [05:55:51] [  http] "GET /api/drift HTTP/1.1" 200 -
  [05:55:52] [  http] "GET /api/status HTTP/1.1" 200 -
  [05:55:52] [  http] "GET /api/aegis/stats?hours=24 HTTP/1.1" 200 -
  [05:55:52] [  http] "GET /api/governor HTTP/1.1" 200 -
  [05:55:52] [  http] "GET /api/session HTTP/1.1" 200 -
  [05:55:52] [  http] "GET /api/sessions HTTP/1.1" 200 -
  [05:55:52] [  http] "GET /api/aegis/stats?hours=24 HTTP/1.1" 200 -
  [05:55:53] [  http] "GET /api/drift HTTP/1.1" 200 -
  [05:55:53] [  http] "GET /api/aegis/stats?hours=24 HTTP/1.1" 200 -
  [05:55:53] [  http] "GET /api/drift HTTP/1.1" 200 -
  [05:55:54] [  http] "GET /api/drift HTTP/1.1" 200 -
  [05:55:55] [  http] "GET /api/status HTTP/1.1" 200 -
  [05:55:55] [  http] "GET /api/session HTTP/1.1" 200 -
  [05:55:55] [  http] "GET /api/sessions HTTP/1.1" 200 -
  [05:55:56] [  http] "GET /api/drift HTTP/1.1" 200 -
  [05:55:56] [  http] "GET /api/aegis/stats?hours=24 HTTP/1.1" 200 -
  [05:55:57] [  http] "GET /api/aegis/healing-log?limit=15 HTTP/1.1" 200 -
  [05:55:57] [  http] "GET /api/drift HTTP/1.1" 200 -
  [05:55:57] [  http] "GET /api/aegis/recent-events?limit=15 HTTP/1.1" 200 -
  [05:55:57] [  http] "GET /api/aegis/stats?hours=24 HTTP/1.1" 200 -
  [05:55:57] [  http] "GET /api/aegis/healing-log?limit=15 HTTP/1.1" 200 -
  [05:55:57] [  http] "GET /api/aegis/recent-events?limit=15 HTTP/1.1" 200 -
  [05:55:57] [  http] "GET /api/drift HTTP/1.1" 200 -
  [05:55:58] [  http] "GET /api/aegis/stats?hours=24 HTTP/1.1" 200 -
  [05:55:58] [  http] "GET /api/aegis/recent-events?limit=15 HTTP/1.1" 200 -
  [05:55:58] [  http] "GET /api/aegis/healing-log?limit=15 HTTP/1.1" 200 -
  [05:55:59] [  http] "GET /api/drift HTTP/1.1" 200 -
  [05:55:59] [  http] "GET /api/governor HTTP/1.1" 200 -
  [05:56:00] [  http] "GET /api/governor HTTP/1.1" 200 -
  [05:56:00] [  http] "GET /api/drift HTTP/1.1" 200 -
  [05:56:00] [  http] "GET /api/drift HTTP/1.1" 200 -
  [05:56:01] [  http] "GET /api/status HTTP/1.1" 200 -
  [05:56:01] [  http] "GET /api/session HTTP/1.1" 200 -
  [05:56:01] [  http] "GET /api/sessions HTTP/1.1" 200 -
  [05:56:01] [  http] "GET /api/aegis/stats?hours=24 HTTP/1.1" 200 -
  [05:56:01] [  http] "GET /api/drift HTTP/1.1" 200 -
  [05:56:02] [  http] "GET /api/governor HTTP/1.1" 200 -
  [05:56:02] [  http] "GET /api/aegis/stats?hours=24 HTTP/1.1" 200 -
  [05:56:02] [  http] "GET /api/drift HTTP/1.1" 200 -
  [05:56:03] [  http] "GET /api/aegis/stats?hours=24 HTTP/1.1" 200 -
  [05:56:03] [  http] "GET /api/drift HTTP/1.1" 200 -
  [05:56:05] [  http] "GET /api/drift HTTP/1.1" 200 -
  [05:56:05] [  http] "GET /api/status HTTP/1.1" 200 -
  [05:56:06] [  http] "GET /api/session HTTP/1.1" 200 -
  [05:56:06] [  http] "GET /api/sessions HTTP/1.1" 200 -
  [05:56:06] [  http] "GET /api/drift HTTP/1.1" 200 -
  [05:56:06] [  http] "GET /api/drift HTTP/1.1" 200 -
  [05:56:06] [  http] "GET /api/aegis/stats?hours=24 HTTP/1.1" 200 -
  [05:56:07] [  http] "GET /api/aegis/healing-log?limit=15 HTTP/1.1" 200 -
  [05:56:07] [  http] "GET /api/aegis/recent-events?limit=15 HTTP/1.1" 200 -
  [05:56:07] [  http] "GET /api/status HTTP/1.1" 200 -
  [05:56:07] [  http] "GET /api/session HTTP/1.1" 200 -
  [05:56:07] [  http] "GET /api/sessions HTTP/1.1" 200 -
  [05:56:07] [  http] "GET /api/aegis/stats?hours=24 HTTP/1.1" 200 -
  [05:56:07] [  http] "GET /api/aegis/healing-log?limit=15 HTTP/1.1" 200 -
  [05:56:07] [  http] "GET /api/aegis/recent-events?limit=15 HTTP/1.1" 200 -
  [05:56:08] [  http] "GET /api/drift HTTP/1.1" 200 -
  [05:56:08] [  http] "GET /api/aegis/stats?hours=24 HTTP/1.1" 200 -
  [05:56:08] [  http] "GET /api/aegis/healing-log?limit=15 HTTP/1.1" 200 -
  [05:56:08] [  http] "GET /api/aegis/recent-events?limit=15 HTTP/1.1" 200 -
  [05:56:08] [  http] "GET /api/drift HTTP/1.1" 200 -
  [05:56:09] [  http] "GET /api/governor HTTP/1.1" 200 -
  [05:56:09] [  http] "GET /api/drift HTTP/1.1" 200 -
  [05:56:10] [  http] "GET /api/governor HTTP/1.1" 200 -
  [05:56:10] [  http] "GET /api/drift HTTP/1.1" 200 -
  [05:56:11] [  http] "GET /api/status HTTP/1.1" 200 -
  [05:56:11] [  http] "GET /api/session HTTP/1.1" 200 -
  [05:56:11] [  http] "GET /api/sessions HTTP/1.1" 200 -
  [05:56:11] [  http] "GET /api/aegis/stats?hours=24 HTTP/1.1" 200 -
  [05:56:12] [  http] "GET /api/drift HTTP/1.1" 200 -
  [05:56:12] [  http] "GET /api/governor HTTP/1.1" 200 -
  [05:56:12] [  http] "GET /api/drift HTTP/1.1" 200 -
  [05:56:12] [  http] "GET /api/aegis/stats?hours=24 HTTP/1.1" 200 -
  [05:56:13] [  http] "GET /api/aegis/stats?hours=24 HTTP/1.1" 200 -
  [05:56:13] [  http] "GET /api/drift HTTP/1.1" 200 -
  [05:56:15] [  http] "GET /api/drift HTTP/1.1" 200 -
  [05:56:15] [  http] "GET /api/drift HTTP/1.1" 200 -
  [05:56:16] [  http] "GET /api/status HTTP/1.1" 200 -
  [05:56:16] [  http] "GET /api/session HTTP/1.1" 200 -
  [05:56:16] [  http] "GET /api/sessions HTTP/1.1" 200 -
  [05:56:16] [  http] "GET /api/aegis/stats?hours=24 HTTP/1.1" 200 -
  [05:56:16] [  http] "GET /api/drift HTTP/1.1" 200 -
  [05:56:17] [  http] "GET /api/aegis/healing-log?limit=15 HTTP/1.1" 200 -
  [05:56:17] [  http] "GET /api/aegis/recent-events?limit=15 HTTP/1.1" 200 -
  [05:56:17] [  http] "GET /api/aegis/stats?hours=24 HTTP/1.1" 200 -
  [05:56:17] [  http] "GET /api/aegis/healing-log?limit=15 HTTP/1.1" 200 -
  [05:56:17] [  http] "GET /api/aegis/recent-events?limit=15 HTTP/1.1" 200 -
  [05:56:18] [  http] "GET /api/aegis/stats?hours=24 HTTP/1.1" 200 -
  [05:56:18] [  http] "GET /api/drift HTTP/1.1" 200 -
  [05:56:18] [  http] "GET /api/aegis/healing-log?limit=15 HTTP/1.1" 200 -
  [05:56:18] [  http] "GET /api/aegis/recent-events?limit=15 HTTP/1.1" 200 -
  [05:56:18] [  http] "GET /api/drift HTTP/1.1" 200 -
  [05:56:19] [  http] "GET /api/governor HTTP/1.1" 200 -
  [05:56:19] [  http] "GET /api/drift HTTP/1.1" 200 -
  [05:56:20] [heartbeat] up 6m30s · model=ready · inferring · pending=0
  [05:56:20] [  http] "GET /api/governor HTTP/1.1" 200 -
  [05:56:20] [  http] "GET /api/status HTTP/1.1" 200 -
  [05:56:20] [  http] "GET /api/drift HTTP/1.1" 200 -
  [05:56:21] [  http] "GET /api/session HTTP/1.1" 200 -
  [05:56:21] [  http] "GET /api/sessions HTTP/1.1" 200 -
  [05:56:21] [  http] "GET /api/drift HTTP/1.1" 200 -
  [05:56:22] [  http] "GET /api/aegis/stats?hours=24 HTTP/1.1" 200 -
  [05:56:22] [  http] "GET /api/governor HTTP/1.1" 200 -
  [05:56:22] [  http] "GET /api/status HTTP/1.1" 200 -
  [05:56:22] [  http] "GET /api/session HTTP/1.1" 200 -
  [05:56:22] [  http] "GET /api/sessions HTTP/1.1" 200 -
  [05:56:22] [  http] "GET /api/aegis/stats?hours=24 HTTP/1.1" 200 -
  [05:56:23] [  http] "GET /api/drift HTTP/1.1" 200 -
  [05:56:23] [  http] "GET /api/aegis/stats?hours=24 HTTP/1.1" 200 -
  [05:56:23] [  http] "GET /api/drift HTTP/1.1" 200 -
  [05:56:24] [  http] "GET /api/drift HTTP/1.1" 200 -
  [05:56:26] [  http] "GET /api/drift HTTP/1.1" 200 -
  [OV:newton] ~365 tok, 10.4 tok/s
  [05:56:27] [  http] "GET /api/aegis/stats?hours=24 HTTP/1.1" 200 -
  [05:56:27] [  http] "GET /api/aegis/healing-log?limit=15 HTTP/1.1" 200 -
  [05:56:27] [  http] "GET /api/drift HTTP/1.1" 200 -
  [05:56:27] [  http] "GET /api/aegis/recent-events?limit=15 HTTP/1.1" 200 -
  [05:56:27] [  http] "GET /api/status HTTP/1.1" 200 -
  [05:56:27] [  http] "GET /api/session HTTP/1.1" 200 -
  [05:56:27] [  http] "GET /api/aegis/stats?hours=24 HTTP/1.1" 200 -
  [05:56:27] [  http] "GET /api/sessions HTTP/1.1" 200 -
  [05:56:27] [  http] "GET /api/aegis/healing-log?limit=15 HTTP/1.1" 200 -
  [05:56:27] [  http] "GET /api/aegis/recent-events?limit=15 HTTP/1.1" 200 -
  [05:56:27] [  http] "GET /api/drift HTTP/1.1" 200 -
  [05:56:28] [  http] "GET /api/aegis/stats?hours=24 HTTP/1.1" 200 -
  [05:56:28] [  http] "GET /api/aegis/recent-events?limit=15 HTTP/1.1" 200 -
  [05:56:28] [  http] "GET /api/aegis/healing-log?limit=15 HTTP/1.1" 200 -
  [05:56:29] [  http] "GET /api/drift HTTP/1.1" 200 -
  [05:56:29] [  http] "GET /api/governor HTTP/1.1" 200 -
  [05:56:30] [  http] "GET /api/governor HTTP/1.1" 200 -
  [05:56:30] [  http] "GET /api/drift HTTP/1.1" 200 -
  [05:56:30] [  http] "GET /api/drift HTTP/1.1" 200 -
  [05:56:31] [  http] "GET /api/status HTTP/1.1" 200 -
  [05:56:31] [  http] "GET /api/session HTTP/1.1" 200 -
  [05:56:31] [  http] "GET /api/sessions HTTP/1.1" 200 -
  [05:56:31] [  http] "GET /api/aegis/stats?hours=24 HTTP/1.1" 200 -
  [05:56:31] [  http] "GET /api/drift HTTP/1.1" 200 -
  [05:56:32] [  http] "GET /api/governor HTTP/1.1" 200 -
  [05:56:32] [  http] "GET /api/aegis/stats?hours=24 HTTP/1.1" 200 -
  [05:56:32] [  http] "GET /api/drift HTTP/1.1" 200 -
  [05:56:33] [  http] "GET /api/aegis/stats?hours=24 HTTP/1.1" 200 -
  [05:56:33] [  http] "GET /api/drift HTTP/1.1" 200 -
  [05:56:35] [  http] "GET /api/drift HTTP/1.1" 200 -
  [05:56:35] [  http] "GET /api/drift HTTP/1.1" 200 -
  [05:56:35] [  http] "GET /api/aegis/stats?hours=24 HTTP/1.1" 200 -
  [05:56:35] [  http] "GET /api/aegis/recent-events?limit=15 HTTP/1.1" 200 -
  [05:56:35] [  http] "GET /api/aegis/healing-log?limit=15 HTTP/1.1" 200 -
  [05:56:35] [  http] "GET /api/governor HTTP/1.1" 200 -
  [05:56:35] [  http] "GET /api/status HTTP/1.1" 200 -
  [05:56:35] [  http] "GET /api/drift HTTP/1.1" 200 -
  [05:56:36] [  http] "GET /api/session HTTP/1.1" 200 -
  [05:56:36] [  http] "GET /api/sessions HTTP/1.1" 200 -
  [05:56:36] [  http] "GET /api/drift HTTP/1.1" 200 -
  [05:56:37] [  http] "GET /api/aegis/healing-log?limit=15 HTTP/1.1" 200 -
  [05:56:37] [  http] "GET /api/aegis/stats?hours=24 HTTP/1.1" 200 -
  [05:56:37] [  http] "GET /api/aegis/recent-events?limit=15 HTTP/1.1" 200 -
  [05:56:37] [  http] "GET /api/status HTTP/1.1" 200 -
  [05:56:37] [  http] "GET /api/session HTTP/1.1" 200 -
  [05:56:37] [  http] "GET /api/sessions HTTP/1.1" 200 -
  [05:56:37] [  http] "GET /api/aegis/healing-log?limit=15 HTTP/1.1" 200 -
  [05:56:37] [  http] "GET /api/aegis/stats?hours=24 HTTP/1.1" 200 -
  [05:56:37] [  http] "GET /api/aegis/recent-events?limit=15 HTTP/1.1" 200 -
  [05:56:38] [  http] "GET /api/drift HTTP/1.1" 200 -
  [05:56:38] [  http] "GET /api/aegis/healing-log?limit=15 HTTP/1.1" 200 -
  [05:56:38] [  http] "GET /api/aegis/stats?hours=24 HTTP/1.1" 200 -
  [05:56:38] [  http] "GET /api/aegis/recent-events?limit=15 HTTP/1.1" 200 -
  [05:56:38] [  http] "GET /api/drift HTTP/1.1" 200 -
  [05:56:39] [  http] "GET /api/governor HTTP/1.1" 200 -
  [05:56:39] [  http] "GET /api/drift HTTP/1.1" 200 -
  [05:56:40] [  http] "GET /api/governor HTTP/1.1" 200 -
  [05:56:40] [  http] "GET /api/drift HTTP/1.1" 200 -
  [05:56:42] [  http] "GET /api/drift HTTP/1.1" 200 -
  [05:56:42] [  http] "GET /api/aegis/stats?hours=24 HTTP/1.1" 200 -
  [05:56:42] [  http] "GET /api/governor HTTP/1.1" 200 -
  [05:56:42] [  http] "GET /api/drift HTTP/1.1" 200 -
  [05:56:42] [  http] "GET /api/aegis/stats?hours=24 HTTP/1.1" 200 -
  [05:56:43] [  http] "GET /api/status HTTP/1.1" 200 -
  [05:56:43] [  http] "GET /api/aegis/stats?hours=24 HTTP/1.1" 200 -
  [05:56:43] [  http] "GET /api/session HTTP/1.1" 200 -
  [05:56:43] [  http] "GET /api/sessions HTTP/1.1" 200 -
  [05:56:43] [  http] "GET /api/drift HTTP/1.1" 200 -
  [05:56:44] [  http] "GET /api/drift HTTP/1.1" 200 -
  [05:56:45] [  http] "GET /api/drift HTTP/1.1" 200 -
  [05:56:46] [  http] "GET /api/status HTTP/1.1" 200 -
  [05:56:46] [  http] "GET /api/session HTTP/1.1" 200 -
  [05:56:46] [  http] "GET /api/sessions HTTP/1.1" 200 -
  [05:56:46] [  http] "GET /api/drift HTTP/1.1" 200 -
  [05:56:47] [  http] "GET /api/aegis/stats?hours=24 HTTP/1.1" 200 -
  [05:56:47] [  http] "GET /api/aegis/healing-log?limit=15 HTTP/1.1" 200 -
  [05:56:47] [  http] "GET /api/aegis/recent-events?limit=15 HTTP/1.1" 200 -
  [05:56:47] [  http] "GET /api/aegis/stats?hours=24 HTTP/1.1" 200 -
  [05:56:47] [  http] "GET /api/drift HTTP/1.1" 200 -
  [05:56:47] [  http] "GET /api/aegis/healing-log?limit=15 HTTP/1.1" 200 -
  [05:56:47] [  http] "GET /api/aegis/recent-events?limit=15 HTTP/1.1" 200 -
  [05:56:48] [  http] "GET /api/aegis/stats?hours=24 HTTP/1.1" 200 -
  [05:56:48] [  http] "GET /api/aegis/healing-log?limit=15 HTTP/1.1" 200 -
  [05:56:48] [  http] "GET /api/aegis/recent-events?limit=15 HTTP/1.1" 200 -
  [05:56:48] [  http] "GET /api/drift HTTP/1.1" 200 -
  [05:56:49] [  http] "GET /api/governor HTTP/1.1" 200 -
  [05:56:49] [  http] "GET /api/drift HTTP/1.1" 200 -
  [05:56:50] [heartbeat] up 7m00s · model=ready · inferring · pending=0
  [05:56:50] [  http] "GET /api/governor HTTP/1.1" 200 -
  [05:56:50] [  http] "GET /api/status HTTP/1.1" 200 -
  [05:56:51] [  http] "GET /api/drift HTTP/1.1" 200 -
  [05:56:51] [  http] "GET /api/session HTTP/1.1" 200 -
  [05:56:51] [  http] "GET /api/sessions HTTP/1.1" 200 -
  [05:56:51] [  http] "GET /api/drift HTTP/1.1" 200 -
  [05:56:51] [  http] "GET /api/aegis/stats?hours=24 HTTP/1.1" 200 -
  [05:56:52] [  http] "GET /api/governor HTTP/1.1" 200 -
  [05:56:52] [  http] "GET /api/status HTTP/1.1" 200 -
  [05:56:52] [  http] "GET /api/session HTTP/1.1" 200 -
  [05:56:52] [  http] "GET /api/aegis/stats?hours=24 HTTP/1.1" 200 -
  [05:56:53] [  http] "GET /api/sessions HTTP/1.1" 200 -
  [05:56:53] [  http] "GET /api/drift HTTP/1.1" 200 -
  [05:56:53] [  http] "GET /api/aegis/stats?hours=24 HTTP/1.1" 200 -
  [05:56:53] [  http] "GET /api/drift HTTP/1.1" 200 -
  [05:56:54] [  http] "GET /api/drift HTTP/1.1" 200 -
  [OV:quantum] ~331 tok, 11.5 tok/s
  [TENSION] xi=0.0409 gamma=0.9607 — primary direct (perspectives agree)
[AAP] disabled via CODETTE_AAP=0 (ablation)
[PHASE6] Done: 2141 chars, 696 tokens
  [MEMORY] [generation] baseline=4868MB peak=5076MB (+209 transient) retained=-199MB in 64.0s (246 samples)
  [WORKER] Got result: response=2141 chars, adapter=newton
WARNING:CodetteSubsystemUpgrade:[AEGIS] would-veto (SHADOW) — ubuntu=0.40 < 0.5 (η=0.92); passing through
  [AEGIS] would-block (SHADOW) η=0.9216 — enforcing nothing yet
  [COGNITION] ξ=0.0409 Γ=0.9607 η=0.9216 σ=0.0 fidelity=— P=0.415 (all measured)
  [05:56:55] [  http] "POST /api/chat HTTP/1.1" 200 -
  [05:56:56] [  http] "GET /api/drift HTTP/1.1" 200 -
  [05:56:57] [  http] "GET /api/aegis/stats?hours=24 HTTP/1.1" 200 -
  [05:56:57] [  http] "GET /api/aegis/healing-log?limit=15 HTTP/1.1" 200 -
  [05:56:57] [  http] "GET /api/aegis/recent-events?limit=15 HTTP/1.1" 200 -
  [05:56:57] [  http] "GET /api/drift HTTP/1.1" 200 -
  [05:56:57] [  http] "GET /api/aegis/stats?hours=24 HTTP/1.1" 200 -
  [WORKER] Processing query: What is the correct answer to this question: Calculate the e...
INFO:reasoning_forge.behavior_governor:[GOVERNOR] Pre: identity=none (conf=0.15), memory=1 cocoons, tokens=200, compression=compressed
  [GOVERNOR] identity=none (conf=0.15), memory=1 cocoons, tokens=200, compression=compressed
  [WORKER] Using forge bridge (Phase 6/7)
[PHASE6] Query complexity: QueryComplexity.SIMPLE
[PHASE7] Route: 
[PHASE6] Domain: physics, max_adapters: 1

  [OV] Route: newton (conf=0.69, keyword)
  [05:56:57] [  http] "GET /api/aegis/healing-log?limit=15 HTTP/1.1" 200 -
  [05:56:57] [  http] "GET /api/aegis/recent-events?limit=15 HTTP/1.1" 200 -
  [05:56:57] [  http] "GET /api/drift HTTP/1.1" 200 -
  [05:56:58] [  http] "GET /api/aegis/stats?hours=24 HTTP/1.1" 200 -
  [05:56:58] [  http] "GET /api/aegis/healing-log?limit=15 HTTP/1.1" 200 -
  [05:56:58] [  http] "GET /api/aegis/recent-events?limit=15 HTTP/1.1" 200 -
  [05:56:59] [  http] "GET /api/status HTTP/1.1" 200 -
  [05:56:59] [  http] "GET /api/drift HTTP/1.1" 200 -
  [05:56:59] [  http] "GET /api/governor HTTP/1.1" 200 -
  [05:56:59] [  http] "GET /api/session HTTP/1.1" 200 -
  [05:56:59] [  http] "GET /api/sessions HTTP/1.1" 200 -
  [05:56:59] [  http] "GET /api/drift HTTP/1.1" 200 -
  [05:57:00] [  http] "GET /api/governor HTTP/1.1" 200 -
  [05:57:00] [  http] "GET /api/drift HTTP/1.1" 200 -
  [05:57:01] [  http] "GET /api/status HTTP/1.1" 200 -
  [05:57:01] [  http] "GET /api/session HTTP/1.1" 200 -
  [05:57:01] [  http] "GET /api/sessions HTTP/1.1" 200 -
  [05:57:01] [  http] "GET /api/drift HTTP/1.1" 200 -
  [05:57:02] [  http] "GET /api/aegis/stats?hours=24 HTTP/1.1" 200 -
  [05:57:02] [  http] "GET /api/governor HTTP/1.1" 200 -
  [05:57:02] [  http] "GET /api/aegis/stats?hours=24 HTTP/1.1" 200 -
  [05:57:02] [  http] "GET /api/drift HTTP/1.1" 200 -
  [05:57:03] [  http] "GET /api/aegis/stats?hours=24 HTTP/1.1" 200 -
  [05:57:03] [  http] "GET /api/drift HTTP/1.1" 200 -
  [05:57:05] [  http] "GET /api/drift HTTP/1.1" 200 -
  [05:57:05] [  http] "GET /api/status HTTP/1.1" 200 -
  [05:57:06] [  http] "GET /api/drift HTTP/1.1" 200 -
  [05:57:06] [  http] "GET /api/session HTTP/1.1" 200 -
  [05:57:06] [  http] "GET /api/sessions HTTP/1.1" 200 -
  [05:57:06] [  http] "GET /api/drift HTTP/1.1" 200 -
  [05:57:06] [  http] "GET /api/aegis/stats?hours=24 HTTP/1.1" 200 -
  [05:57:07] [  http] "GET /api/aegis/healing-log?limit=15 HTTP/1.1" 200 -
  [05:57:07] [  http] "GET /api/aegis/recent-events?limit=15 HTTP/1.1" 200 -
  [05:57:07] [  http] "GET /api/aegis/stats?hours=24 HTTP/1.1" 200 -
  [05:57:07] [  http] "GET /api/aegis/healing-log?limit=15 HTTP/1.1" 200 -
  [05:57:07] [  http] "GET /api/aegis/recent-events?limit=15 HTTP/1.1" 200 -
  [05:57:08] [  http] "GET /api/status HTTP/1.1" 200 -
  [05:57:08] [  http] "GET /api/drift HTTP/1.1" 200 -
  [05:57:08] [  http] "GET /api/aegis/stats?hours=24 HTTP/1.1" 200 -
  [05:57:08] [  http] "GET /api/session HTTP/1.1" 200 -
  [05:57:08] [  http] "GET /api/aegis/healing-log?limit=15 HTTP/1.1" 200 -
  [05:57:08] [  http] "GET /api/aegis/recent-events?limit=15 HTTP/1.1" 200 -
  [05:57:08] [  http] "GET /api/sessions HTTP/1.1" 200 -
  [05:57:08] [  http] "GET /api/drift HTTP/1.1" 200 -
  [05:57:09] [  http] "GET /api/governor HTTP/1.1" 200 -
  [05:57:09] [  http] "GET /api/drift HTTP/1.1" 200 -
  [05:57:10] [  http] "GET /api/governor HTTP/1.1" 200 -
  [05:57:10] [  http] "GET /api/drift HTTP/1.1" 200 -
  [05:57:12] [  http] "GET /api/aegis/stats?hours=24 HTTP/1.1" 200 -
  [05:57:12] [  http] "GET /api/drift HTTP/1.1" 200 -
  [05:57:12] [  http] "GET /api/governor HTTP/1.1" 200 -
  [05:57:12] [  http] "GET /api/drift HTTP/1.1" 200 -
  [05:57:12] [  http] "GET /api/aegis/stats?hours=24 HTTP/1.1" 200 -
  [05:57:13] [  http] "GET /api/aegis/stats?hours=24 HTTP/1.1" 200 -
  [05:57:13] [  http] "GET /api/drift HTTP/1.1" 200 -
  [05:57:14] [  http] "GET /api/drift HTTP/1.1" 200 -
  [05:57:15] [  http] "GET /api/status HTTP/1.1" 200 -
  [05:57:15] [  http] "GET /api/session HTTP/1.1" 200 -
  [05:57:15] [  http] "GET /api/sessions HTTP/1.1" 200 -
  [05:57:15] [  http] "GET /api/drift HTTP/1.1" 200 -
  [05:57:16] [  http] "GET /api/status HTTP/1.1" 200 -
  [05:57:16] [  http] "GET /api/session HTTP/1.1" 200 -
  [05:57:16] [  http] "GET /api/sessions HTTP/1.1" 200 -
  [05:57:16] [  http] "GET /api/aegis/stats?hours=24 HTTP/1.1" 200 -
  [05:57:16] [  http] "GET /api/drift HTTP/1.1" 200 -
  [05:57:17] [  http] "GET /api/aegis/healing-log?limit=15 HTTP/1.1" 200 -
  [05:57:17] [  http] "GET /api/aegis/recent-events?limit=15 HTTP/1.1" 200 -
  [05:57:17] [  http] "GET /api/aegis/stats?hours=24 HTTP/1.1" 200 -
  [05:57:17] [  http] "GET /api/aegis/healing-log?limit=15 HTTP/1.1" 200 -
  [05:57:17] [  http] "GET /api/aegis/recent-events?limit=15 HTTP/1.1" 200 -
  [05:57:18] [  http] "GET /api/aegis/stats?hours=24 HTTP/1.1" 200 -
  [05:57:18] [  http] "GET /api/drift HTTP/1.1" 200 -
  [05:57:18] [  http] "GET /api/aegis/healing-log?limit=15 HTTP/1.1" 200 -
  [05:57:18] [  http] "GET /api/aegis/recent-events?limit=15 HTTP/1.1" 200 -
  [05:57:18] [  http] "GET /api/drift HTTP/1.1" 200 -
  [05:57:19] [  http] "GET /api/governor HTTP/1.1" 200 -
  [05:57:19] [  http] "GET /api/drift HTTP/1.1" 200 -
  [05:57:20] [heartbeat] up 7m30s · model=ready · inferring · pending=0
  [05:57:20] [  http] "GET /api/governor HTTP/1.1" 200 -
  [05:57:20] [  http] "GET /api/drift HTTP/1.1" 200 -
  [05:57:20] [  http] "GET /api/status HTTP/1.1" 200 -
  [05:57:21] [  http] "GET /api/session HTTP/1.1" 200 -
  [05:57:21] [  http] "GET /api/sessions HTTP/1.1" 200 -
  [05:57:21] [  http] "GET /api/drift HTTP/1.1" 200 -
  [05:57:22] [  http] "GET /api/aegis/stats?hours=24 HTTP/1.1" 200 -
  [05:57:22] [  http] "GET /api/governor HTTP/1.1" 200 -
  [05:57:22] [  http] "GET /api/aegis/stats?hours=24 HTTP/1.1" 200 -
  [05:57:23] [  http] "GET /api/status HTTP/1.1" 200 -
  [05:57:23] [  http] "GET /api/drift HTTP/1.1" 200 -
  [05:57:23] [  http] "GET /api/aegis/stats?hours=24 HTTP/1.1" 200 -
  [05:57:23] [  http] "GET /api/session HTTP/1.1" 200 -
  [05:57:23] [  http] "GET /api/sessions HTTP/1.1" 200 -
  [05:57:23] [  http] "GET /api/drift HTTP/1.1" 200 -
  [05:57:24] [  http] "GET /api/drift HTTP/1.1" 200 -
  [05:57:26] [  http] "GET /api/drift HTTP/1.1" 200 -
  [05:57:27] [  http] "GET /api/aegis/stats?hours=24 HTTP/1.1" 200 -
  [05:57:27] [  http] "GET /api/aegis/healing-log?limit=15 HTTP/1.1" 200 -
  [05:57:27] [  http] "GET /api/aegis/recent-events?limit=15 HTTP/1.1" 200 -
  [05:57:27] [  http] "GET /api/drift HTTP/1.1" 200 -
  [05:57:27] [  http] "GET /api/aegis/stats?hours=24 HTTP/1.1" 200 -
  [05:57:27] [  http] "GET /api/aegis/healing-log?limit=15 HTTP/1.1" 200 -
  [05:57:27] [  http] "GET /api/aegis/recent-events?limit=15 HTTP/1.1" 200 -
  [05:57:27] [  http] "GET /api/drift HTTP/1.1" 200 -
  [05:57:28] [  http] "GET /api/aegis/stats?hours=24 HTTP/1.1" 200 -
  [05:57:28] [  http] "GET /api/aegis/healing-log?limit=15 HTTP/1.1" 200 -
  [05:57:28] [  http] "GET /api/aegis/recent-events?limit=15 HTTP/1.1" 200 -
  [05:57:29] [  http] "GET /api/drift HTTP/1.1" 200 -
  [05:57:29] [  http] "GET /api/governor HTTP/1.1" 200 -
  [05:57:29] [  http] "GET /api/drift HTTP/1.1" 200 -
  [05:57:30] [  http] "GET /api/governor HTTP/1.1" 200 -
  [05:57:30] [  http] "GET /api/drift HTTP/1.1" 200 -
  [05:57:31] [  http] "GET /api/status HTTP/1.1" 200 -
  [05:57:31] [  http] "GET /api/status HTTP/1.1" 200 -
  [05:57:31] [  http] "GET /api/session HTTP/1.1" 200 -
  [05:57:31] [  http] "GET /api/sessions HTTP/1.1" 200 -
  [05:57:31] [  http] "GET /api/session HTTP/1.1" 200 -
  [05:57:31] [  http] "GET /api/sessions HTTP/1.1" 200 -
  [05:57:31] [  http] "GET /api/aegis/stats?hours=24 HTTP/1.1" 200 -
  [05:57:32] [  http] "GET /api/drift HTTP/1.1" 200 -
  [05:57:32] [  http] "GET /api/governor HTTP/1.1" 200 -
  [05:57:32] [  http] "GET /api/aegis/stats?hours=24 HTTP/1.1" 200 -
  [05:57:32] [  http] "GET /api/drift HTTP/1.1" 200 -
  [05:57:33] [  http] "GET /api/aegis/stats?hours=24 HTTP/1.1" 200 -
  [05:57:33] [  http] "GET /api/drift HTTP/1.1" 200 -
  [05:57:35] [  http] "GET /api/drift HTTP/1.1" 200 -
  [05:57:35] [  http] "GET /api/drift HTTP/1.1" 200 -
  [05:57:35] [  http] "GET /api/aegis/stats?hours=24 HTTP/1.1" 200 -
  [05:57:35] [  http] "GET /api/aegis/healing-log?limit=15 HTTP/1.1" 200 -
  [05:57:35] [  http] "GET /api/aegis/recent-events?limit=15 HTTP/1.1" 200 -
  [05:57:35] [  http] "GET /api/governor HTTP/1.1" 200 -
  [05:57:35] [  http] "GET /api/drift HTTP/1.1" 200 -
  [05:57:35] [  http] "GET /api/status HTTP/1.1" 200 -
  [05:57:36] [  http] "GET /api/session HTTP/1.1" 200 -
  [05:57:36] [  http] "GET /api/sessions HTTP/1.1" 200 -
  [05:57:36] [  http] "GET /api/drift HTTP/1.1" 200 -
  [05:57:37] [  http] "GET /api/aegis/healing-log?limit=15 HTTP/1.1" 200 -
  [05:57:37] [  http] "GET /api/aegis/stats?hours=24 HTTP/1.1" 200 -
  [05:57:37] [  http] "GET /api/aegis/recent-events?limit=15 HTTP/1.1" 200 -
  [05:57:37] [  http] "GET /api/aegis/recent-events?limit=15 HTTP/1.1" 200 -
  [05:57:37] [  http] "GET /api/aegis/stats?hours=24 HTTP/1.1" 200 -
  [05:57:37] [  http] "GET /api/aegis/healing-log?limit=15 HTTP/1.1" 200 -
  [05:57:38] [  http] "GET /api/status HTTP/1.1" 200 -
  [05:57:38] [  http] "GET /api/drift HTTP/1.1" 200 -
  [05:57:38] [  http] "GET /api/aegis/recent-events?limit=15 HTTP/1.1" 200 -
  [05:57:38] [  http] "GET /api/aegis/healing-log?limit=15 HTTP/1.1" 200 -
  [05:57:38] [  http] "GET /api/aegis/stats?hours=24 HTTP/1.1" 200 -
  [05:57:38] [  http] "GET /api/session HTTP/1.1" 200 -
  [05:57:38] [  http] "GET /api/sessions HTTP/1.1" 200 -
  [05:57:38] [  http] "GET /api/drift HTTP/1.1" 200 -
  [05:57:39] [  http] "GET /api/governor HTTP/1.1" 200 -
  [05:57:39] [  http] "GET /api/drift HTTP/1.1" 200 -
  [05:57:40] [  http] "GET /api/governor HTTP/1.1" 200 -
  [05:57:40] [  http] "GET /api/drift HTTP/1.1" 200 -
  [05:57:42] [  http] "GET /api/aegis/stats?hours=24 HTTP/1.1" 200 -
  [05:57:42] [  http] "GET /api/drift HTTP/1.1" 200 -
  [05:57:42] [  http] "GET /api/governor HTTP/1.1" 200 -
  [05:57:42] [  http] "GET /api/drift HTTP/1.1" 200 -
  [05:57:42] [  http] "GET /api/aegis/stats?hours=24 HTTP/1.1" 200 -
  [05:57:43] [  http] "GET /api/aegis/stats?hours=24 HTTP/1.1" 200 -
  [05:57:43] [  http] "GET /api/drift HTTP/1.1" 200 -
  [05:57:44] [  http] "GET /api/drift HTTP/1.1" 200 -
  [05:57:45] [  http] "GET /api/drift HTTP/1.1" 200 -
  [05:57:46] [  http] "GET /api/status HTTP/1.1" 200 -
  [05:57:46] [  http] "GET /api/session HTTP/1.1" 200 -
  [05:57:46] [  http] "GET /api/sessions HTTP/1.1" 200 -
  [05:57:47] [  http] "GET /api/drift HTTP/1.1" 200 -
  [05:57:47] [  http] "GET /api/aegis/stats?hours=24 HTTP/1.1" 200 -
  [05:57:47] [  http] "GET /api/aegis/recent-events?limit=15 HTTP/1.1" 200 -
  [05:57:47] [  http] "GET /api/aegis/healing-log?limit=15 HTTP/1.1" 200 -
  [05:57:47] [  http] "GET /api/status HTTP/1.1" 200 -
  [05:57:47] [  http] "GET /api/session HTTP/1.1" 200 -
  [05:57:47] [  http] "GET /api/aegis/stats?hours=24 HTTP/1.1" 200 -
  [05:57:47] [  http] "GET /api/sessions HTTP/1.1" 200 -
  [05:57:47] [  http] "GET /api/aegis/healing-log?limit=15 HTTP/1.1" 200 -
  [05:57:47] [  http] "GET /api/aegis/recent-events?limit=15 HTTP/1.1" 200 -
  [05:57:48] [  http] "GET /api/aegis/stats?hours=24 HTTP/1.1" 200 -
  [05:57:48] [  http] "GET /api/drift HTTP/1.1" 200 -
  [05:57:48] [  http] "GET /api/aegis/recent-events?limit=15 HTTP/1.1" 200 -
  [05:57:48] [  http] "GET /api/aegis/healing-log?limit=15 HTTP/1.1" 200 -
  [05:57:48] [  http] "GET /api/drift HTTP/1.1" 200 -
  [05:57:49] [  http] "GET /api/governor HTTP/1.1" 200 -
  [05:57:49] [  http] "GET /api/drift HTTP/1.1" 200 -
  [05:57:50] [heartbeat] up 8m00s · model=ready · inferring · pending=0
  [05:57:50] [  http] "GET /api/governor HTTP/1.1" 200 -
  [05:57:50] [  http] "GET /api/drift HTTP/1.1" 200 -
  [05:57:51] [  http] "GET /api/status HTTP/1.1" 200 -
  [05:57:51] [  http] "GET /api/session HTTP/1.1" 200 -
  [05:57:51] [  http] "GET /api/sessions HTTP/1.1" 200 -
  [05:57:51] [  http] "GET /api/drift HTTP/1.1" 200 -
  [05:57:52] [  http] "GET /api/aegis/stats?hours=24 HTTP/1.1" 200 -
  [05:57:52] [  http] "GET /api/governor HTTP/1.1" 200 -
  [05:57:52] [  http] "GET /api/aegis/stats?hours=24 HTTP/1.1" 200 -
  [05:57:53] [  http] "GET /api/status HTTP/1.1" 200 -
  [05:57:53] [  http] "GET /api/drift HTTP/1.1" 200 -
  [05:57:53] [  http] "GET /api/aegis/stats?hours=24 HTTP/1.1" 200 -
  [05:57:53] [  http] "GET /api/session HTTP/1.1" 200 -
  [05:57:53] [  http] "GET /api/sessions HTTP/1.1" 200 -
  [05:57:53] [  http] "GET /api/drift HTTP/1.1" 200 -
  [05:57:54] [  http] "GET /api/drift HTTP/1.1" 200 -
  [05:57:56] [  http] "GET /api/drift HTTP/1.1" 200 -
  [05:57:57] [  http] "GET /api/aegis/stats?hours=24 HTTP/1.1" 200 -
  [05:57:57] [  http] "GET /api/aegis/healing-log?limit=15 HTTP/1.1" 200 -
  [05:57:57] [  http] "GET /api/aegis/recent-events?limit=15 HTTP/1.1" 200 -
  [05:57:57] [  http] "GET /api/drift HTTP/1.1" 200 -
  [05:57:57] [  http] "GET /api/aegis/stats?hours=24 HTTP/1.1" 200 -
  [05:57:57] [  http] "GET /api/drift HTTP/1.1" 200 -
  [05:57:57] [  http] "GET /api/aegis/recent-events?limit=15 HTTP/1.1" 200 -
  [05:57:57] [  http] "GET /api/aegis/healing-log?limit=15 HTTP/1.1" 200 -
  [05:57:58] [  http] "GET /api/aegis/stats?hours=24 HTTP/1.1" 200 -
  [05:57:58] [  http] "GET /api/aegis/recent-events?limit=15 HTTP/1.1" 200 -
  [05:57:58] [  http] "GET /api/aegis/healing-log?limit=15 HTTP/1.1" 200 -
  [05:57:59] [  http] "GET /api/drift HTTP/1.1" 200 -
  [05:57:59] [  http] "GET /api/governor HTTP/1.1" 200 -
  [05:57:59] [  http] "GET /api/drift HTTP/1.1" 200 -
  [05:58:00] [  http] "GET /api/governor HTTP/1.1" 200 -
  [05:58:00] [  http] "GET /api/drift HTTP/1.1" 200 -
  [05:58:01] [  http] "GET /api/status HTTP/1.1" 200 -
  [05:58:01] [  http] "GET /api/session HTTP/1.1" 200 -
  [05:58:01] [  http] "GET /api/sessions HTTP/1.1" 200 -
  [05:58:02] [  http] "GET /api/drift HTTP/1.1" 200 -
  [OV:newton] ~303 tok, 4.7 tok/s
[AAP] disabled via CODETTE_AAP=0 (ablation)
[PHASE6] Done: 2588 chars, 303 tokens
  [MEMORY] [generation] baseline=4661MB peak=5158MB (+497 transient) retained=+473MB in 64.4s (247 samples)
  [WORKER] Got result: response=2588 chars, adapter=newton
  [GOVERNOR] Response exceeded token budget (647 est vs 200 budget).
WARNING:CodetteSubsystemUpgrade:[AEGIS] would-veto (SHADOW) — ubuntu=0.40 < 0.5 (η=0.93); passing through
  [AEGIS] would-block (SHADOW) η=0.9276 — enforcing nothing yet
  [05:58:02] [  http] "GET /api/aegis/stats?hours=24 HTTP/1.1" 200 -
  [COGNITION] ξ=— Γ=— η=0.9276 σ=0.0 fidelity=— P=0.396 (all measured)
  [05:58:02] [  http] "POST /api/chat HTTP/1.1" 200 -
  [05:58:02] [  http] "GET /api/governor HTTP/1.1" 200 -
  [05:58:02] [  http] "GET /api/aegis/stats?hours=24 HTTP/1.1" 200 -
  [05:58:02] [  http] "GET /api/drift HTTP/1.1" 200 -
  [05:58:03] [  http] "GET /api/aegis/stats?hours=24 HTTP/1.1" 200 -
  [05:58:03] [  http] "GET /api/status HTTP/1.1" 200 -
  [05:58:03] [  http] "GET /api/drift HTTP/1.1" 200 -
  [05:58:03] [  http] "GET /api/session HTTP/1.1" 200 -
  [05:58:03] [  http] "GET /api/sessions HTTP/1.1" 200 -
  [WORKER] Processing query: What is the correct answer to this question: A quantum mecha...
INFO:reasoning_forge.behavior_governor:[GOVERNOR] Pre: identity=none (conf=0.15), memory=2 cocoons, tokens=400, compression=normal
  [GOVERNOR] identity=none (conf=0.15), memory=2 cocoons, tokens=400, compression=normal
  [WORKER] Using forge bridge (Phase 6/7)
[PHASE6] Query complexity: QueryComplexity.MEDIUM
[PHASE7] Route: debate,semantic_tension,specialization_tracking,memory_weighting,gamma_monitoring,synthesis
[PHASE6] Domain: physics, max_adapters: 2

  [OV] Route: newton + quantum (conf=0.67, keyword)
  [05:58:05] [  http] "GET /api/drift HTTP/1.1" 200 -
  [05:58:05] [  http] "GET /api/drift HTTP/1.1" 200 -
  [05:58:06] [  http] "GET /api/status HTTP/1.1" 200 -
  [05:58:06] [  http] "GET /api/session HTTP/1.1" 200 -
  [05:58:06] [  http] "GET /api/sessions HTTP/1.1" 200 -
  [05:58:06] [  http] "GET /api/drift HTTP/1.1" 200 -
  [05:58:07] [  http] "GET /api/aegis/stats?hours=24 HTTP/1.1" 200 -
  [05:58:07] [  http] "GET /api/aegis/healing-log?limit=15 HTTP/1.1" 200 -
  [05:58:07] [  http] "GET /api/aegis/recent-events?limit=15 HTTP/1.1" 200 -
  [05:58:07] [  http] "GET /api/aegis/stats?hours=24 HTTP/1.1" 200 -
  [05:58:07] [  http] "GET /api/aegis/healing-log?limit=15 HTTP/1.1" 200 -
  [05:58:07] [  http] "GET /api/aegis/recent-events?limit=15 HTTP/1.1" 200 -
  [05:58:08] [  http] "GET /api/status HTTP/1.1" 200 -
  [05:58:08] [  http] "GET /api/drift HTTP/1.1" 200 -
  [05:58:08] [  http] "GET /api/aegis/stats?hours=24 HTTP/1.1" 200 -
  [05:58:08] [  http] "GET /api/aegis/healing-log?limit=15 HTTP/1.1" 200 -
  [05:58:08] [  http] "GET /api/aegis/recent-events?limit=15 HTTP/1.1" 200 -
  [05:58:08] [  http] "GET /api/session HTTP/1.1" 200 -
  [05:58:08] [  http] "GET /api/sessions HTTP/1.1" 200 -
  [05:58:08] [  http] "GET /api/drift HTTP/1.1" 200 -
  [05:58:09] [  http] "GET /api/governor HTTP/1.1" 200 -
  [05:58:09] [  http] "GET /api/drift HTTP/1.1" 200 -
  [05:58:10] [  http] "GET /api/governor HTTP/1.1" 200 -
  [05:58:10] [  http] "GET /api/drift HTTP/1.1" 200 -
  [05:58:12] [  http] "GET /api/drift HTTP/1.1" 200 -
  [05:58:12] [  http] "GET /api/aegis/stats?hours=24 HTTP/1.1" 200 -
  [05:58:12] [  http] "GET /api/governor HTTP/1.1" 200 -
  [05:58:12] [  http] "GET /api/aegis/stats?hours=24 HTTP/1.1" 200 -
  [05:58:12] [  http] "GET /api/drift HTTP/1.1" 200 -
  [05:58:13] [  http] "GET /api/aegis/stats?hours=24 HTTP/1.1" 200 -
  [05:58:14] [  http] "GET /api/drift HTTP/1.1" 200 -
  [05:58:14] [  http] "GET /api/drift HTTP/1.1" 200 -
  [05:58:15] [  http] "GET /api/drift HTTP/1.1" 200 -
  [05:58:16] [  http] "GET /api/status HTTP/1.1" 200 -
  [05:58:17] [  http] "GET /api/session HTTP/1.1" 200 -
  [05:58:17] [  http] "GET /api/drift HTTP/1.1" 200 -
  [05:58:17] [  http] "GET /api/sessions HTTP/1.1" 200 -
  [05:58:17] [  http] "GET /api/aegis/stats?hours=24 HTTP/1.1" 200 -
  [05:58:17] [  http] "GET /api/aegis/healing-log?limit=15 HTTP/1.1" 200 -
  [05:58:17] [  http] "GET /api/aegis/recent-events?limit=15 HTTP/1.1" 200 -
  [05:58:17] [  http] "GET /api/aegis/stats?hours=24 HTTP/1.1" 200 -
  [05:58:17] [  http] "GET /api/drift HTTP/1.1" 200 -
  [05:58:17] [  http] "GET /api/aegis/healing-log?limit=15 HTTP/1.1" 200 -
  [05:58:17] [  http] "GET /api/aegis/recent-events?limit=15 HTTP/1.1" 200 -
  [05:58:18] [  http] "GET /api/aegis/stats?hours=24 HTTP/1.1" 200 -
  [05:58:18] [  http] "GET /api/aegis/healing-log?limit=15 HTTP/1.1" 200 -
  [05:58:18] [  http] "GET /api/aegis/recent-events?limit=15 HTTP/1.1" 200 -
  [05:58:18] [  http] "GET /api/drift HTTP/1.1" 200 -
  [05:58:19] [  http] "GET /api/governor HTTP/1.1" 200 -
  [05:58:19] [  http] "GET /api/status HTTP/1.1" 200 -
  [05:58:19] [  http] "GET /api/session HTTP/1.1" 200 -
  [05:58:19] [  http] "GET /api/sessions HTTP/1.1" 200 -
  [05:58:19] [  http] "GET /api/drift HTTP/1.1" 200 -
  [05:58:20] [heartbeat] up 8m30s · model=ready · inferring · pending=0
  [05:58:20] [  http] "GET /api/governor HTTP/1.1" 200 -
  [05:58:20] [  http] "GET /api/drift HTTP/1.1" 200 -
  [05:58:21] [  http] "GET /api/status HTTP/1.1" 200 -
  [05:58:21] [  http] "GET /api/session HTTP/1.1" 200 -
  [05:58:21] [  http] "GET /api/sessions HTTP/1.1" 200 -
  [05:58:21] [  http] "GET /api/drift HTTP/1.1" 200 -
  [05:58:22] [  http] "GET /api/aegis/stats?hours=24 HTTP/1.1" 200 -
  [05:58:22] [  http] "GET /api/governor HTTP/1.1" 200 -
  [05:58:22] [  http] "GET /api/aegis/stats?hours=24 HTTP/1.1" 200 -
  [05:58:23] [  http] "GET /api/status HTTP/1.1" 200 -
  [05:58:23] [  http] "GET /api/drift HTTP/1.1" 200 -
  [05:58:23] [  http] "GET /api/aegis/stats?hours=24 HTTP/1.1" 200 -
  [05:58:23] [  http] "GET /api/session HTTP/1.1" 200 -
  [05:58:23] [  http] "GET /api/sessions HTTP/1.1" 200 -
  [05:58:23] [  http] "GET /api/drift HTTP/1.1" 200 -
  [05:58:24] [  http] "GET /api/drift HTTP/1.1" 200 -
  [05:58:26] [  http] "GET /api/drift HTTP/1.1" 200 -
  [05:58:27] [  http] "GET /api/aegis/stats?hours=24 HTTP/1.1" 200 -
  [05:58:27] [  http] "GET /api/aegis/healing-log?limit=15 HTTP/1.1" 200 -
  [05:58:27] [  http] "GET /api/aegis/recent-events?limit=15 HTTP/1.1" 200 -
  [05:58:27] [  http] "GET /api/drift HTTP/1.1" 200 -
  [05:58:27] [  http] "GET /api/aegis/stats?hours=24 HTTP/1.1" 200 -
  [05:58:27] [  http] "GET /api/aegis/healing-log?limit=15 HTTP/1.1" 200 -
  [05:58:27] [  http] "GET /api/aegis/recent-events?limit=15 HTTP/1.1" 200 -
  [05:58:27] [  http] "GET /api/drift HTTP/1.1" 200 -
  [05:58:28] [  http] "GET /api/aegis/stats?hours=24 HTTP/1.1" 200 -
  [05:58:28] [  http] "GET /api/aegis/healing-log?limit=15 HTTP/1.1" 200 -
  [05:58:28] [  http] "GET /api/aegis/recent-events?limit=15 HTTP/1.1" 200 -
  [05:58:29] [  http] "GET /api/drift HTTP/1.1" 200 -
  [05:58:29] [  http] "GET /api/governor HTTP/1.1" 200 -
  [05:58:29] [  http] "GET /api/drift HTTP/1.1" 200 -
  [05:58:30] [  http] "GET /api/governor HTTP/1.1" 200 -
  [05:58:30] [  http] "GET /api/drift HTTP/1.1" 200 -
  [05:58:31] [  http] "GET /api/status HTTP/1.1" 200 -
  [05:58:32] [  http] "GET /api/session HTTP/1.1" 200 -
  [05:58:32] [  http] "GET /api/sessions HTTP/1.1" 200 -
  [05:58:32] [  http] "GET /api/drift HTTP/1.1" 200 -
  [05:58:32] [  http] "GET /api/aegis/stats?hours=24 HTTP/1.1" 200 -
  [05:58:32] [  http] "GET /api/governor HTTP/1.1" 200 -
  [05:58:32] [  http] "GET /api/aegis/stats?hours=24 HTTP/1.1" 200 -
  [05:58:32] [  http] "GET /api/drift HTTP/1.1" 200 -
  [05:58:33] [  http] "GET /api/aegis/stats?hours=24 HTTP/1.1" 200 -
  [05:58:33] [  http] "GET /api/drift HTTP/1.1" 200 -
  [05:58:35] [  http] "GET /api/drift HTTP/1.1" 200 -
  [05:58:35] [  http] "GET /api/drift HTTP/1.1" 200 -
  [05:58:35] [  http] "GET /api/aegis/healing-log?limit=15 HTTP/1.1" 200 -
  [05:58:35] [  http] "GET /api/aegis/recent-events?limit=15 HTTP/1.1" 200 -
  [05:58:35] [  http] "GET /api/aegis/stats?hours=24 HTTP/1.1" 200 -
  [05:58:35] [  http] "GET /api/governor HTTP/1.1" 200 -
  [05:58:35] [  http] "GET /api/status HTTP/1.1" 200 -
  [05:58:35] [  http] "GET /api/session HTTP/1.1" 200 -
  [05:58:35] [  http] "GET /api/sessions HTTP/1.1" 200 -
  [05:58:36] [  http] "GET /api/drift HTTP/1.1" 200 -
  [05:58:36] [  http] "GET /api/status HTTP/1.1" 200 -
  [05:58:36] [  http] "GET /api/session HTTP/1.1" 200 -
  [05:58:36] [  http] "GET /api/sessions HTTP/1.1" 200 -
  [05:58:36] [  http] "GET /api/drift HTTP/1.1" 200 -
  [05:58:36] [  http] "GET /api/aegis/stats?hours=24 HTTP/1.1" 200 -
  [05:58:37] [  http] "GET /api/aegis/healing-log?limit=15 HTTP/1.1" 200 -
  [05:58:37] [  http] "GET /api/aegis/recent-events?limit=15 HTTP/1.1" 200 -
  [05:58:37] [  http] "GET /api/aegis/stats?hours=24 HTTP/1.1" 200 -
  [05:58:37] [  http] "GET /api/aegis/healing-log?limit=15 HTTP/1.1" 200 -
  [05:58:37] [  http] "GET /api/aegis/recent-events?limit=15 HTTP/1.1" 200 -
  [05:58:38] [  http] "GET /api/drift HTTP/1.1" 200 -
  [05:58:38] [  http] "GET /api/aegis/stats?hours=24 HTTP/1.1" 200 -
  [05:58:38] [  http] "GET /api/aegis/recent-events?limit=15 HTTP/1.1" 200 -
  [05:58:38] [  http] "GET /api/aegis/healing-log?limit=15 HTTP/1.1" 200 -
  [05:58:38] [  http] "GET /api/status HTTP/1.1" 200 -
  [05:58:38] [  http] "GET /api/session HTTP/1.1" 200 -
  [05:58:38] [  http] "GET /api/sessions HTTP/1.1" 200 -
  [05:58:38] [  http] "GET /api/drift HTTP/1.1" 200 -
  [05:58:39] [  http] "GET /api/governor HTTP/1.1" 200 -
  [05:58:39] [  http] "GET /api/drift HTTP/1.1" 200 -
  [05:58:40] [  http] "GET /api/governor HTTP/1.1" 200 -
  [05:58:41] [  http] "GET /api/drift HTTP/1.1" 200 -
  [05:58:42] [  http] "GET /api/drift HTTP/1.1" 200 -
  [05:58:42] [  http] "GET /api/aegis/stats?hours=24 HTTP/1.1" 200 -
  [05:58:42] [  http] "GET /api/governor HTTP/1.1" 200 -
  [05:58:42] [  http] "GET /api/aegis/stats?hours=24 HTTP/1.1" 200 -
  [05:58:42] [  http] "GET /api/drift HTTP/1.1" 200 -
  [05:58:43] [  http] "GET /api/aegis/stats?hours=24 HTTP/1.1" 200 -
  [05:58:44] [  http] "GET /api/drift HTTP/1.1" 200 -
  [05:58:44] [  http] "GET /api/drift HTTP/1.1" 200 -
  [05:58:45] [  http] "GET /api/drift HTTP/1.1" 200 -
  [05:58:47] [  http] "GET /api/status HTTP/1.1" 200 -
  [05:58:47] [  http] "GET /api/drift HTTP/1.1" 200 -
  [05:58:47] [  http] "GET /api/aegis/healing-log?limit=15 HTTP/1.1" 200 -
  [05:58:47] [  http] "GET /api/aegis/stats?hours=24 HTTP/1.1" 200 -
  [05:58:47] [  http] "GET /api/aegis/recent-events?limit=15 HTTP/1.1" 200 -
  [05:58:47] [  http] "GET /api/session HTTP/1.1" 200 -
  [05:58:47] [  http] "GET /api/sessions HTTP/1.1" 200 -
  [05:58:47] [  http] "GET /api/aegis/stats?hours=24 HTTP/1.1" 200 -
  [05:58:47] [  http] "GET /api/drift HTTP/1.1" 200 -
  [05:58:47] [  http] "GET /api/aegis/healing-log?limit=15 HTTP/1.1" 200 -
  [05:58:47] [  http] "GET /api/aegis/recent-events?limit=15 HTTP/1.1" 200 -
  [05:58:48] [  http] "GET /api/aegis/stats?hours=24 HTTP/1.1" 200 -
  [05:58:48] [  http] "GET /api/aegis/healing-log?limit=15 HTTP/1.1" 200 -
  [05:58:48] [  http] "GET /api/aegis/recent-events?limit=15 HTTP/1.1" 200 -
  [05:58:48] [  http] "GET /api/drift HTTP/1.1" 200 -
  [05:58:49] [  http] "GET /api/governor HTTP/1.1" 200 -
  [OV:newton] ~377 tok, 8.4 tok/s
  [05:58:49] [  http] "GET /api/drift HTTP/1.1" 200 -
  [05:58:50] [heartbeat] up 9m00s · model=ready · inferring · pending=0
  [05:58:50] [  http] "GET /api/governor HTTP/1.1" 200 -
  [05:58:51] [  http] "GET /api/status HTTP/1.1" 200 -
  [05:58:51] [  http] "GET /api/drift HTTP/1.1" 200 -
  [05:58:51] [  http] "GET /api/session HTTP/1.1" 200 -
  [05:58:51] [  http] "GET /api/sessions HTTP/1.1" 200 -
  [05:58:51] [  http] "GET /api/status HTTP/1.1" 200 -
  [05:58:51] [  http] "GET /api/session HTTP/1.1" 200 -
  [05:58:51] [  http] "GET /api/drift HTTP/1.1" 200 -
  [05:58:51] [  http] "GET /api/sessions HTTP/1.1" 200 -
  [05:58:52] [  http] "GET /api/aegis/stats?hours=24 HTTP/1.1" 200 -
  [05:58:52] [  http] "GET /api/governor HTTP/1.1" 200 -
  [05:58:52] [  http] "GET /api/aegis/stats?hours=24 HTTP/1.1" 200 -
  [05:58:53] [  http] "GET /api/drift HTTP/1.1" 200 -
  [05:58:53] [  http] "GET /api/aegis/stats?hours=24 HTTP/1.1" 200 -
  [05:58:53] [  http] "GET /api/status HTTP/1.1" 200 -
  [05:58:53] [  http] "GET /api/session HTTP/1.1" 200 -
  [05:58:53] [  http] "GET /api/sessions HTTP/1.1" 200 -
  [05:58:53] [  http] "GET /api/drift HTTP/1.1" 200 -
  [05:58:54] [  http] "GET /api/drift HTTP/1.1" 200 -
  [05:58:56] [  http] "GET /api/drift HTTP/1.1" 200 -
  [05:58:56] [  http] "GET /api/aegis/stats?hours=24 HTTP/1.1" 200 -
  [05:58:57] [  http] "GET /api/aegis/healing-log?limit=15 HTTP/1.1" 200 -
  [05:58:57] [  http] "GET /api/aegis/recent-events?limit=15 HTTP/1.1" 200 -
  [05:58:57] [  http] "GET /api/drift HTTP/1.1" 200 -
  [05:58:57] [  http] "GET /api/aegis/stats?hours=24 HTTP/1.1" 200 -
  [05:58:57] [  http] "GET /api/aegis/healing-log?limit=15 HTTP/1.1" 200 -
  [05:58:57] [  http] "GET /api/drift HTTP/1.1" 200 -
  [05:58:57] [  http] "GET /api/aegis/recent-events?limit=15 HTTP/1.1" 200 -
  [05:58:58] [  http] "GET /api/aegis/stats?hours=24 HTTP/1.1" 200 -
  [05:58:58] [  http] "GET /api/aegis/healing-log?limit=15 HTTP/1.1" 200 -
  [05:58:58] [  http] "GET /api/aegis/recent-events?limit=15 HTTP/1.1" 200 -
  [05:58:59] [  http] "GET /api/drift HTTP/1.1" 200 -
  [05:58:59] [  http] "GET /api/governor HTTP/1.1" 200 -
  [05:59:00] [  http] "GET /api/drift HTTP/1.1" 200 -
  [05:59:00] [  http] "GET /api/governor HTTP/1.1" 200 -
  [05:59:00] [  http] "GET /api/drift HTTP/1.1" 200 -
  [05:59:01] [  http] "GET /api/drift HTTP/1.1" 200 -
  [05:59:01] [  http] "GET /api/aegis/stats?hours=24 HTTP/1.1" 200 -
  [05:59:02] [  http] "GET /api/status HTTP/1.1" 200 -
  [05:59:02] [  http] "GET /api/governor HTTP/1.1" 200 -
  [05:59:02] [  http] "GET /api/session HTTP/1.1" 200 -
  [05:59:02] [  http] "GET /api/sessions HTTP/1.1" 200 -
  [05:59:02] [  http] "GET /api/aegis/stats?hours=24 HTTP/1.1" 200 -
  [05:59:02] [  http] "GET /api/drift HTTP/1.1" 200 -
  [05:59:02] [  http] "GET /api/aegis/stats?hours=24 HTTP/1.1" 200 -
  [05:59:03] [  http] "GET /api/drift HTTP/1.1" 200 -
  [05:59:05] [  http] "GET /api/drift HTTP/1.1" 200 -
  [05:59:06] [  http] "GET /api/status HTTP/1.1" 200 -
  [05:59:06] [  http] "GET /api/drift HTTP/1.1" 200 -
  [05:59:06] [  http] "GET /api/session HTTP/1.1" 200 -
  [05:59:06] [  http] "GET /api/sessions HTTP/1.1" 200 -
  [05:59:06] [  http] "GET /api/drift HTTP/1.1" 200 -
  [05:59:06] [  http] "GET /api/aegis/stats?hours=24 HTTP/1.1" 200 -
  [05:59:07] [  http] "GET /api/aegis/healing-log?limit=15 HTTP/1.1" 200 -
  [05:59:07] [  http] "GET /api/aegis/recent-events?limit=15 HTTP/1.1" 200 -
  [05:59:07] [  http] "GET /api/status HTTP/1.1" 200 -
  [05:59:07] [  http] "GET /api/aegis/stats?hours=24 HTTP/1.1" 200 -
  [05:59:07] [  http] "GET /api/session HTTP/1.1" 200 -
  [05:59:07] [  http] "GET /api/sessions HTTP/1.1" 200 -
  [05:59:07] [  http] "GET /api/aegis/recent-events?limit=15 HTTP/1.1" 200 -
  [05:59:07] [  http] "GET /api/aegis/healing-log?limit=15 HTTP/1.1" 200 -
  [05:59:08] [  http] "GET /api/drift HTTP/1.1" 200 -
  [05:59:08] [  http] "GET /api/aegis/stats?hours=24 HTTP/1.1" 200 -
  [05:59:08] [  http] "GET /api/aegis/recent-events?limit=15 HTTP/1.1" 200 -
  [05:59:08] [  http] "GET /api/aegis/healing-log?limit=15 HTTP/1.1" 200 -
  [05:59:08] [  http] "GET /api/status HTTP/1.1" 200 -
  [05:59:08] [  http] "GET /api/session HTTP/1.1" 200 -
  [05:59:08] [  http] "GET /api/sessions HTTP/1.1" 200 -
  [05:59:08] [  http] "GET /api/drift HTTP/1.1" 200 -
  [05:59:09] [  http] "GET /api/governor HTTP/1.1" 200 -
  [05:59:09] [  http] "GET /api/drift HTTP/1.1" 200 -
  [05:59:10] [  http] "GET /api/governor HTTP/1.1" 200 -
  [05:59:11] [  http] "GET /api/drift HTTP/1.1" 200 -
  [05:59:11] [  http] "GET /api/aegis/stats?hours=24 HTTP/1.1" 200 -
  [05:59:12] [  http] "GET /api/drift HTTP/1.1" 200 -
  [05:59:12] [  http] "GET /api/governor HTTP/1.1" 200 -
  [05:59:12] [  http] "GET /api/aegis/stats?hours=24 HTTP/1.1" 200 -
  [05:59:12] [  http] "GET /api/drift HTTP/1.1" 200 -
  [05:59:13] [  http] "GET /api/aegis/stats?hours=24 HTTP/1.1" 200 -
  [05:59:14] [  http] "GET /api/drift HTTP/1.1" 200 -
  [05:59:15] [  http] "GET /api/drift HTTP/1.1" 200 -
  [05:59:15] [  http] "GET /api/drift HTTP/1.1" 200 -
  [05:59:16] [  http] "GET /api/aegis/stats?hours=24 HTTP/1.1" 200 -
  [05:59:17] [  http] "GET /api/drift HTTP/1.1" 200 -
  [05:59:17] [  http] "GET /api/aegis/healing-log?limit=15 HTTP/1.1" 200 -
  [05:59:17] [  http] "GET /api/aegis/recent-events?limit=15 HTTP/1.1" 200 -
  [05:59:17] [  http] "GET /api/status HTTP/1.1" 200 -
  [05:59:17] [  http] "GET /api/session HTTP/1.1" 200 -
  [05:59:17] [  http] "GET /api/sessions HTTP/1.1" 200 -
  [05:59:17] [  http] "GET /api/aegis/healing-log?limit=15 HTTP/1.1" 200 -
  [05:59:17] [  http] "GET /api/aegis/recent-events?limit=15 HTTP/1.1" 200 -
  [05:59:17] [  http] "GET /api/aegis/stats?hours=24 HTTP/1.1" 200 -
  [05:59:18] [  http] "GET /api/aegis/healing-log?limit=15 HTTP/1.1" 200 -
  [05:59:18] [  http] "GET /api/drift HTTP/1.1" 200 -
  [05:59:18] [  http] "GET /api/aegis/recent-events?limit=15 HTTP/1.1" 200 -
  [05:59:18] [  http] "GET /api/aegis/stats?hours=24 HTTP/1.1" 200 -
  [05:59:18] [  http] "GET /api/drift HTTP/1.1" 200 -
  [05:59:19] [  http] "GET /api/governor HTTP/1.1" 200 -
  [05:59:19] [  http] "GET /api/drift HTTP/1.1" 200 -
  [05:59:20] [heartbeat] up 9m30s · model=ready · inferring · pending=0
  [05:59:20] [  http] "GET /api/governor HTTP/1.1" 200 -
  [05:59:20] [  http] "GET /api/drift HTTP/1.1" 200 -
  [05:59:21] [  http] "GET /api/status HTTP/1.1" 200 -
  [05:59:21] [  http] "GET /api/session HTTP/1.1" 200 -
  [05:59:21] [  http] "GET /api/sessions HTTP/1.1" 200 -
  [05:59:21] [  http] "GET /api/drift HTTP/1.1" 200 -
  [05:59:22] [  http] "GET /api/aegis/stats?hours=24 HTTP/1.1" 200 -
  [05:59:22] [  http] "GET /api/governor HTTP/1.1" 200 -
  [05:59:22] [  http] "GET /api/aegis/stats?hours=24 HTTP/1.1" 200 -
  [05:59:23] [  http] "GET /api/status HTTP/1.1" 200 -
  [05:59:23] [  http] "GET /api/drift HTTP/1.1" 200 -
  [05:59:23] [  http] "GET /api/aegis/stats?hours=24 HTTP/1.1" 200 -
  [05:59:23] [  http] "GET /api/session HTTP/1.1" 200 -
  [05:59:23] [  http] "GET /api/sessions HTTP/1.1" 200 -
  [05:59:23] [  http] "GET /api/status HTTP/1.1" 200 -
  [05:59:23] [  http] "GET /api/session HTTP/1.1" 200 -
  [05:59:24] [  http] "GET /api/sessions HTTP/1.1" 200 -
  [05:59:24] [  http] "GET /api/drift HTTP/1.1" 200 -
  [05:59:24] [  http] "GET /api/drift HTTP/1.1" 200 -
  [05:59:26] [  http] "GET /api/drift HTTP/1.1" 200 -
  [05:59:27] [  http] "GET /api/drift HTTP/1.1" 200 -
  [05:59:27] [  http] "GET /api/aegis/healing-log?limit=15 HTTP/1.1" 200 -
  [05:59:27] [  http] "GET /api/aegis/recent-events?limit=15 HTTP/1.1" 200 -
  [05:59:27] [  http] "GET /api/aegis/stats?hours=24 HTTP/1.1" 200 -
  [05:59:27] [  http] "GET /api/aegis/stats?hours=24 HTTP/1.1" 200 -
  [05:59:27] [  http] "GET /api/aegis/healing-log?limit=15 HTTP/1.1" 200 -
  [05:59:27] [  http] "GET /api/aegis/recent-events?limit=15 HTTP/1.1" 200 -
  [05:59:27] [  http] "GET /api/drift HTTP/1.1" 200 -
  [05:59:28] [  http] "GET /api/aegis/stats?hours=24 HTTP/1.1" 200 -
  [05:59:28] [  http] "GET /api/aegis/healing-log?limit=15 HTTP/1.1" 200 -
  [05:59:28] [  http] "GET /api/aegis/recent-events?limit=15 HTTP/1.1" 200 -
  [05:59:29] [  http] "GET /api/drift HTTP/1.1" 200 -
  [05:59:29] [  http] "GET /api/governor HTTP/1.1" 200 -
  [05:59:29] [  http] "GET /api/drift HTTP/1.1" 200 -
  [OV:quantum] ~380 tok, 9.3 tok/s
  [05:59:30] [  http] "GET /api/governor HTTP/1.1" 200 -
  [05:59:30] [  http] "GET /api/drift HTTP/1.1" 200 -
  [05:59:31] [  http] "GET /api/drift HTTP/1.1" 200 -
  [05:59:32] [  http] "GET /api/aegis/stats?hours=24 HTTP/1.1" 200 -
  [05:59:32] [  http] "GET /api/governor HTTP/1.1" 200 -
  [05:59:32] [  http] "GET /api/status HTTP/1.1" 200 -
  [05:59:32] [  http] "GET /api/drift HTTP/1.1" 200 -
  [05:59:32] [  http] "GET /api/aegis/stats?hours=24 HTTP/1.1" 200 -
  [05:59:33] [  http] "GET /api/session HTTP/1.1" 200 -
  [05:59:33] [  http] "GET /api/sessions HTTP/1.1" 200 -
  [05:59:33] [  http] "GET /api/aegis/stats?hours=24 HTTP/1.1" 200 -
  [05:59:33] [  http] "GET /api/drift HTTP/1.1" 200 -
  [05:59:35] [  http] "GET /api/drift HTTP/1.1" 200 -
  [05:59:35] [  http] "GET /api/drift HTTP/1.1" 200 -
  [05:59:35] [  http] "GET /api/aegis/stats?hours=24 HTTP/1.1" 200 -
  [05:59:35] [  http] "GET /api/governor HTTP/1.1" 200 -
  [05:59:35] [  http] "GET /api/aegis/recent-events?limit=15 HTTP/1.1" 200 -
  [05:59:35] [  http] "GET /api/aegis/healing-log?limit=15 HTTP/1.1" 200 -
  [05:59:35] [  http] "GET /api/drift HTTP/1.1" 200 -
  [05:59:36] [  http] "GET /api/status HTTP/1.1" 200 -
  [05:59:36] [  http] "GET /api/session HTTP/1.1" 200 -
  [05:59:36] [  http] "GET /api/sessions HTTP/1.1" 200 -
  [05:59:36] [  http] "GET /api/drift HTTP/1.1" 200 -
  [05:59:37] [  http] "GET /api/aegis/stats?hours=24 HTTP/1.1" 200 -
  [05:59:37] [  http] "GET /api/aegis/recent-events?limit=15 HTTP/1.1" 200 -
  [05:59:37] [  http] "GET /api/aegis/healing-log?limit=15 HTTP/1.1" 200 -
  [05:59:37] [  http] "GET /api/aegis/stats?hours=24 HTTP/1.1" 200 -
  [05:59:37] [  http] "GET /api/aegis/healing-log?limit=15 HTTP/1.1" 200 -
  [05:59:37] [  http] "GET /api/aegis/recent-events?limit=15 HTTP/1.1" 200 -
  [05:59:38] [  http] "GET /api/drift HTTP/1.1" 200 -
  [05:59:38] [  http] "GET /api/aegis/stats?hours=24 HTTP/1.1" 200 -
  [05:59:38] [  http] "GET /api/aegis/healing-log?limit=15 HTTP/1.1" 200 -
  [05:59:38] [  http] "GET /api/aegis/recent-events?limit=15 HTTP/1.1" 200 -
  [05:59:38] [  http] "GET /api/status HTTP/1.1" 200 -
  [05:59:39] [  http] "GET /api/session HTTP/1.1" 200 -
  [05:59:39] [  http] "GET /api/sessions HTTP/1.1" 200 -
  [05:59:39] [  http] "GET /api/drift HTTP/1.1" 200 -
  [05:59:39] [  http] "GET /api/status HTTP/1.1" 200 -
  [05:59:39] [  http] "GET /api/governor HTTP/1.1" 200 -
  [05:59:39] [  http] "GET /api/session HTTP/1.1" 200 -
  [05:59:39] [  http] "GET /api/sessions HTTP/1.1" 200 -
  [05:59:39] [  http] "GET /api/drift HTTP/1.1" 200 -
  [05:59:40] [  http] "GET /api/governor HTTP/1.1" 200 -
  [05:59:41] [  http] "GET /api/drift HTTP/1.1" 200 -
  [05:59:41] [  http] "GET /api/aegis/stats?hours=24 HTTP/1.1" 200 -
  [05:59:42] [  http] "GET /api/drift HTTP/1.1" 200 -
  [05:59:42] [  http] "GET /api/governor HTTP/1.1" 200 -
  [05:59:42] [  http] "GET /api/aegis/stats?hours=24 HTTP/1.1" 200 -
  [05:59:42] [  http] "GET /api/drift HTTP/1.1" 200 -
  [05:59:43] [  http] "GET /api/aegis/stats?hours=24 HTTP/1.1" 200 -
  [05:59:43] [  http] "GET /api/drift HTTP/1.1" 200 -
  [05:59:44] [  http] "GET /api/drift HTTP/1.1" 200 -
  [05:59:45] [  http] "GET /api/drift HTTP/1.1" 200 -
  [05:59:46] [  http] "GET /api/drift HTTP/1.1" 200 -
  [05:59:47] [  http] "GET /api/aegis/stats?hours=24 HTTP/1.1" 200 -
  [05:59:47] [  http] "GET /api/aegis/recent-events?limit=15 HTTP/1.1" 200 -
  [05:59:47] [  http] "GET /api/aegis/healing-log?limit=15 HTTP/1.1" 200 -
  [05:59:47] [  http] "GET /api/drift HTTP/1.1" 200 -
  [05:59:47] [  http] "GET /api/aegis/stats?hours=24 HTTP/1.1" 200 -
  [05:59:47] [  http] "GET /api/aegis/healing-log?limit=15 HTTP/1.1" 200 -
  [05:59:47] [  http] "GET /api/aegis/recent-events?limit=15 HTTP/1.1" 200 -
  [05:59:48] [  http] "GET /api/status HTTP/1.1" 200 -
  [05:59:48] [  http] "GET /api/aegis/stats?hours=24 HTTP/1.1" 200 -
  [05:59:48] [  http] "GET /api/aegis/healing-log?limit=15 HTTP/1.1" 200 -
  [05:59:48] [  http] "GET /api/aegis/recent-events?limit=15 HTTP/1.1" 200 -
  [05:59:48] [  http] "GET /api/session HTTP/1.1" 200 -
  [05:59:48] [  http] "GET /api/sessions HTTP/1.1" 200 -
  [05:59:48] [  http] "GET /api/drift HTTP/1.1" 200 -
  [05:59:49] [  http] "GET /api/governor HTTP/1.1" 200 -
  [05:59:49] [  http] "GET /api/drift HTTP/1.1" 200 -
  [05:59:50] [heartbeat] up 10m00s · model=ready · inferring · pending=0
  [05:59:50] [  http] "GET /api/governor HTTP/1.1" 200 -
  [05:59:51] [  http] "GET /api/status HTTP/1.1" 200 -
  [05:59:51] [  http] "GET /api/drift HTTP/1.1" 200 -
  [05:59:51] [  http] "GET /api/session HTTP/1.1" 200 -
  [05:59:51] [  http] "GET /api/sessions HTTP/1.1" 200 -
  [05:59:51] [  http] "GET /api/drift HTTP/1.1" 200 -
  [05:59:51] [  http] "GET /api/aegis/stats?hours=24 HTTP/1.1" 200 -
  [05:59:52] [  http] "GET /api/governor HTTP/1.1" 200 -
  [05:59:52] [  http] "GET /api/aegis/stats?hours=24 HTTP/1.1" 200 -
  [05:59:53] [  http] "GET /api/aegis/stats?hours=24 HTTP/1.1" 200 -
  [05:59:53] [  http] "GET /api/drift HTTP/1.1" 200 -
  [05:59:53] [  http] "GET /api/status HTTP/1.1" 200 -
  [05:59:54] [  http] "GET /api/session HTTP/1.1" 200 -
  [05:59:54] [  http] "GET /api/sessions HTTP/1.1" 200 -
  [05:59:54] [  http] "GET /api/drift HTTP/1.1" 200 -
  [05:59:54] [  http] "GET /api/drift HTTP/1.1" 200 -
  [05:59:55] [  http] "GET /api/status HTTP/1.1" 200 -
  [05:59:55] [  http] "GET /api/session HTTP/1.1" 200 -
  [05:59:55] [  http] "GET /api/sessions HTTP/1.1" 200 -
  [05:59:56] [  http] "GET /api/drift HTTP/1.1" 200 -
  [05:59:56] [  http] "GET /api/aegis/stats?hours=24 HTTP/1.1" 200 -
  [05:59:57] [  http] "GET /api/aegis/healing-log?limit=15 HTTP/1.1" 200 -
  [05:59:57] [  http] "GET /api/aegis/recent-events?limit=15 HTTP/1.1" 200 -
  [05:59:57] [  http] "GET /api/drift HTTP/1.1" 200 -
  [05:59:57] [  http] "GET /api/aegis/stats?hours=24 HTTP/1.1" 200 -
  [05:59:57] [  http] "GET /api/aegis/healing-log?limit=15 HTTP/1.1" 200 -
  [05:59:57] [  http] "GET /api/aegis/recent-events?limit=15 HTTP/1.1" 200 -
  [05:59:57] [  http] "GET /api/drift HTTP/1.1" 200 -
  [05:59:58] [  http] "GET /api/aegis/stats?hours=24 HTTP/1.1" 200 -
  [05:59:58] [  http] "GET /api/aegis/healing-log?limit=15 HTTP/1.1" 200 -
  [05:59:58] [  http] "GET /api/aegis/recent-events?limit=15 HTTP/1.1" 200 -
  [05:59:59] [  http] "GET /api/drift HTTP/1.1" 200 -
  [05:59:59] [  http] "GET /api/governor HTTP/1.1" 200 -
  [06:00:00] [  http] "GET /api/drift HTTP/1.1" 200 -
  [06:00:00] [  http] "GET /api/governor HTTP/1.1" 200 -
  [06:00:00] [  http] "GET /api/drift HTTP/1.1" 200 -
  [06:00:01] [  http] "GET /api/drift HTTP/1.1" 200 -
  [06:00:01] [  http] "GET /api/aegis/stats?hours=24 HTTP/1.1" 200 -
  [06:00:02] [  http] "GET /api/governor HTTP/1.1" 200 -
  [06:00:02] [  http] "GET /api/drift HTTP/1.1" 200 -
  [06:00:02] [  http] "GET /api/aegis/stats?hours=24 HTTP/1.1" 200 -
  [06:00:03] [  http] "GET /api/aegis/stats?hours=24 HTTP/1.1" 200 -
  [06:00:03] [  http] "GET /api/status HTTP/1.1" 200 -
  [06:00:03] [  http] "GET /api/session HTTP/1.1" 200 -
  [06:00:03] [  http] "GET /api/sessions HTTP/1.1" 200 -
  [06:00:03] [  http] "GET /api/drift HTTP/1.1" 200 -
  [OV:base] ~301 tok, 8.7 tok/s
  [TENSION] xi=0.2724 gamma=0.7859 — synthesis (perspectives disagree)
[AAP] disabled via CODETTE_AAP=0 (ablation)
[PHASE6] Done: 1682 chars, 757 tokens
  [MEMORY] [generation] baseline=5064MB peak=5212MB (+147 transient) retained=-1267MB in 120.7s (462 samples)
  [WORKER] Got result: response=1682 chars, adapter=newton
  [06:00:05] [  http] "GET /api/drift HTTP/1.1" 200 -
  [COGNITION] ξ=0.2724 Γ=0.7859 η=0.9343 σ=0.0 fidelity=— P=0.405 (all measured)
  [06:00:05] [  http] "POST /api/chat HTTP/1.1" 200 -
  [06:00:06] [  http] "GET /api/status HTTP/1.1" 200 -
  [06:00:06] [  http] "GET /api/drift HTTP/1.1" 200 -
  [06:00:06] [  http] "GET /api/session HTTP/1.1" 200 -
  [06:00:06] [  http] "GET /api/sessions HTTP/1.1" 200 -
  [06:00:06] [  http] "GET /api/drift HTTP/1.1" 200 -
  [06:00:06] [  http] "GET /api/aegis/stats?hours=24 HTTP/1.1" 200 -
  [06:00:07] [  http] "GET /api/aegis/healing-log?limit=15 HTTP/1.1" 200 -
  [06:00:07] [  http] "GET /api/aegis/recent-events?limit=15 HTTP/1.1" 200 -
  [WORKER] Processing query: What is the correct answer to this question: The universe is...
INFO:reasoning_forge.behavior_governor:[GOVERNOR] Pre: identity=none (conf=0.15), memory=2 cocoons, tokens=400, compression=normal
  [GOVERNOR] identity=none (conf=0.15), memory=2 cocoons, tokens=400, compression=normal
  [WORKER] Using forge bridge (Phase 6/7)
[PHASE6] Query complexity: QueryComplexity.MEDIUM
[PHASE7] Route: debate,semantic_tension,specialization_tracking,memory_weighting,gamma_monitoring,synthesis
[PHASE6] Domain: physics, max_adapters: 2

  [OV] Route: newton + quantum (conf=0.83, keyword)
  [06:00:07] [  http] "GET /api/aegis/stats?hours=24 HTTP/1.1" 200 -
  [06:00:07] [  http] "GET /api/aegis/healing-log?limit=15 HTTP/1.1" 200 -
  [06:00:07] [  http] "GET /api/aegis/recent-events?limit=15 HTTP/1.1" 200 -
  [06:00:08] [  http] "GET /api/drift HTTP/1.1" 200 -
  [06:00:08] [  http] "GET /api/aegis/stats?hours=24 HTTP/1.1" 200 -
  [06:00:08] [  http] "GET /api/aegis/healing-log?limit=15 HTTP/1.1" 200 -
  [06:00:08] [  http] "GET /api/aegis/recent-events?limit=15 HTTP/1.1" 200 -
  [06:00:09] [  http] "GET /api/status HTTP/1.1" 200 -
  [06:00:09] [  http] "GET /api/drift HTTP/1.1" 200 -
  [06:00:09] [  http] "GET /api/session HTTP/1.1" 200 -
  [06:00:09] [  http] "GET /api/sessions HTTP/1.1" 200 -
  [06:00:09] [  http] "GET /api/governor HTTP/1.1" 200 -
  [06:00:09] [  http] "GET /api/drift HTTP/1.1" 200 -
  [06:00:10] [  http] "GET /api/governor HTTP/1.1" 200 -
  [06:00:11] [  http] "GET /api/status HTTP/1.1" 200 -
  [06:00:11] [  http] "GET /api/drift HTTP/1.1" 200 -
  [06:00:11] [  http] "GET /api/session HTTP/1.1" 200 -
  [06:00:11] [  http] "GET /api/sessions HTTP/1.1" 200 -
  [06:00:11] [  http] "GET /api/aegis/stats?hours=24 HTTP/1.1" 200 -
  [06:00:12] [  http] "GET /api/drift HTTP/1.1" 200 -
  [06:00:12] [  http] "GET /api/governor HTTP/1.1" 200 -
  [06:00:12] [  http] "GET /api/aegis/stats?hours=24 HTTP/1.1" 200 -
  [06:00:12] [  http] "GET /api/drift HTTP/1.1" 200 -
  [06:00:13] [  http] "GET /api/aegis/stats?hours=24 HTTP/1.1" 200 -
  [06:00:13] [  http] "GET /api/drift HTTP/1.1" 200 -
  [06:00:14] [  http] "GET /api/drift HTTP/1.1" 200 -
  [06:00:15] [  http] "GET /api/drift HTTP/1.1" 200 -
  [06:00:16] [  http] "GET /api/drift HTTP/1.1" 200 -
  [06:00:17] [  http] "GET /api/aegis/recent-events?limit=15 HTTP/1.1" 200 -
  [06:00:17] [  http] "GET /api/aegis/healing-log?limit=15 HTTP/1.1" 200 -
  [06:00:17] [  http] "GET /api/aegis/stats?hours=24 HTTP/1.1" 200 -
  [06:00:17] [  http] "GET /api/drift HTTP/1.1" 200 -
  [06:00:17] [  http] "GET /api/aegis/stats?hours=24 HTTP/1.1" 200 -
  [06:00:17] [  http] "GET /api/aegis/healing-log?limit=15 HTTP/1.1" 200 -
  [06:00:17] [  http] "GET /api/aegis/recent-events?limit=15 HTTP/1.1" 200 -
  [06:00:18] [  http] "GET /api/aegis/stats?hours=24 HTTP/1.1" 200 -
  [06:00:18] [  http] "GET /api/aegis/healing-log?limit=15 HTTP/1.1" 200 -
  [06:00:18] [  http] "GET /api/aegis/recent-events?limit=15 HTTP/1.1" 200 -
  [06:00:18] [  http] "GET /api/status HTTP/1.1" 200 -
  [06:00:18] [  http] "GET /api/session HTTP/1.1" 200 -
  [06:00:18] [  http] "GET /api/sessions HTTP/1.1" 200 -
  [06:00:18] [  http] "GET /api/drift HTTP/1.1" 200 -
  [06:00:19] [  http] "GET /api/governor HTTP/1.1" 200 -
  [06:00:20] [heartbeat] up 10m30s · model=ready · inferring · pending=0
  [06:00:20] [  http] "GET /api/drift HTTP/1.1" 200 -
  [06:00:20] [  http] "GET /api/governor HTTP/1.1" 200 -
  [06:00:21] [  http] "GET /api/drift HTTP/1.1" 200 -
  [06:00:21] [  http] "GET /api/status HTTP/1.1" 200 -
  [06:00:21] [  http] "GET /api/session HTTP/1.1" 200 -
  [06:00:21] [  http] "GET /api/drift HTTP/1.1" 200 -
  [06:00:21] [  http] "GET /api/sessions HTTP/1.1" 200 -
  [06:00:21] [  http] "GET /api/aegis/stats?hours=24 HTTP/1.1" 200 -
  [06:00:22] [  http] "GET /api/governor HTTP/1.1" 200 -
  [06:00:22] [  http] "GET /api/aegis/stats?hours=24 HTTP/1.1" 200 -
  [06:00:23] [  http] "GET /api/drift HTTP/1.1" 200 -
  [06:00:23] [  http] "GET /api/aegis/stats?hours=24 HTTP/1.1" 200 -
  [06:00:23] [  http] "GET /api/drift HTTP/1.1" 200 -
  [06:00:24] [  http] "GET /api/status HTTP/1.1" 200 -
  [06:00:24] [  http] "GET /api/drift HTTP/1.1" 200 -
  [06:00:24] [  http] "GET /api/session HTTP/1.1" 200 -
  [06:00:24] [  http] "GET /api/sessions HTTP/1.1" 200 -
  [06:00:26] [  http] "GET /api/drift HTTP/1.1" 200 -
  [06:00:26] [  http] "GET /api/aegis/stats?hours=24 HTTP/1.1" 200 -
  [06:00:27] [  http] "GET /api/aegis/healing-log?limit=15 HTTP/1.1" 200 -
  [06:00:27] [  http] "GET /api/drift HTTP/1.1" 200 -
  [06:00:27] [  http] "GET /api/aegis/recent-events?limit=15 HTTP/1.1" 200 -
  [06:00:27] [  http] "GET /api/status HTTP/1.1" 200 -
  [06:00:27] [  http] "GET /api/aegis/stats?hours=24 HTTP/1.1" 200 -
  [06:00:27] [  http] "GET /api/session HTTP/1.1" 200 -
  [06:00:27] [  http] "GET /api/sessions HTTP/1.1" 200 -
  [06:00:27] [  http] "GET /api/drift HTTP/1.1" 200 -
  [06:00:27] [  http] "GET /api/aegis/healing-log?limit=15 HTTP/1.1" 200 -
  [06:00:27] [  http] "GET /api/aegis/recent-events?limit=15 HTTP/1.1" 200 -
  [06:00:28] [  http] "GET /api/aegis/stats?hours=24 HTTP/1.1" 200 -
  [06:00:28] [  http] "GET /api/aegis/healing-log?limit=15 HTTP/1.1" 200 -
  [06:00:28] [  http] "GET /api/aegis/recent-events?limit=15 HTTP/1.1" 200 -
  [06:00:29] [  http] "GET /api/drift HTTP/1.1" 200 -
  [06:00:29] [  http] "GET /api/governor HTTP/1.1" 200 -
  [06:00:29] [  http] "GET /api/drift HTTP/1.1" 200 -
  [06:00:30] [  http] "GET /api/governor HTTP/1.1" 200 -
  [06:00:30] [  http] "GET /api/drift HTTP/1.1" 200 -
  [06:00:31] [  http] "GET /api/drift HTTP/1.1" 200 -
  [06:00:32] [  http] "GET /api/aegis/stats?hours=24 HTTP/1.1" 200 -
  [06:00:32] [  http] "GET /api/governor HTTP/1.1" 200 -
  [06:00:32] [  http] "GET /api/drift HTTP/1.1" 200 -
  [06:00:32] [  http] "GET /api/aegis/stats?hours=24 HTTP/1.1" 200 -
  [06:00:33] [  http] "GET /api/aegis/stats?hours=24 HTTP/1.1" 200 -
  [06:00:33] [  http] "GET /api/status HTTP/1.1" 200 -
  [06:00:33] [  http] "GET /api/drift HTTP/1.1" 200 -
  [06:00:34] [  http] "GET /api/session HTTP/1.1" 200 -
  [06:00:34] [  http] "GET /api/sessions HTTP/1.1" 200 -
  [06:00:34] [  http] "GET /api/drift HTTP/1.1" 200 -
  [06:00:35] [  http] "GET /api/drift HTTP/1.1" 200 -
  [06:00:35] [  http] "GET /api/aegis/stats?hours=24 HTTP/1.1" 200 -
  [06:00:35] [  http] "GET /api/aegis/healing-log?limit=15 HTTP/1.1" 200 -
  [06:00:35] [  http] "GET /api/aegis/recent-events?limit=15 HTTP/1.1" 200 -
  [06:00:35] [  http] "GET /api/governor HTTP/1.1" 200 -
  [06:00:35] [  http] "GET /api/drift HTTP/1.1" 200 -
  [06:00:36] [  http] "GET /api/status HTTP/1.1" 200 -
  [06:00:36] [  http] "GET /api/drift HTTP/1.1" 200 -
  [06:00:37] [  http] "GET /api/session HTTP/1.1" 200 -
  [06:00:37] [  http] "GET /api/sessions HTTP/1.1" 200 -
  [06:00:37] [  http] "GET /api/aegis/stats?hours=24 HTTP/1.1" 200 -
  [06:00:37] [  http] "GET /api/aegis/healing-log?limit=15 HTTP/1.1" 200 -
  [06:00:37] [  http] "GET /api/aegis/recent-events?limit=15 HTTP/1.1" 200 -
  [06:00:37] [  http] "GET /api/aegis/stats?hours=24 HTTP/1.1" 200 -
  [06:00:37] [  http] "GET /api/aegis/healing-log?limit=15 HTTP/1.1" 200 -
  [06:00:37] [  http] "GET /api/aegis/recent-events?limit=15 HTTP/1.1" 200 -
  [06:00:38] [  http] "GET /api/drift HTTP/1.1" 200 -
  [06:00:38] [  http] "GET /api/aegis/stats?hours=24 HTTP/1.1" 200 -
  [06:00:38] [  http] "GET /api/aegis/healing-log?limit=15 HTTP/1.1" 200 -
  [06:00:38] [  http] "GET /api/aegis/recent-events?limit=15 HTTP/1.1" 200 -
  [06:00:38] [  http] "GET /api/drift HTTP/1.1" 200 -
  [06:00:39] [  http] "GET /api/governor HTTP/1.1" 200 -
  [06:00:39] [  http] "GET /api/status HTTP/1.1" 200 -
  [06:00:39] [  http] "GET /api/drift HTTP/1.1" 200 -
  [06:00:39] [  http] "GET /api/session HTTP/1.1" 200 -
  [06:00:40] [  http] "GET /api/sessions HTTP/1.1" 200 -
  [06:00:40] [  http] "GET /api/governor HTTP/1.1" 200 -
  [06:00:41] [  http] "GET /api/drift HTTP/1.1" 200 -
  [06:00:41] [  http] "GET /api/aegis/stats?hours=24 HTTP/1.1" 200 -
  [06:00:42] [  http] "GET /api/drift HTTP/1.1" 200 -
  [06:00:42] [  http] "GET /api/governor HTTP/1.1" 200 -
  [06:00:42] [  http] "GET /api/aegis/stats?hours=24 HTTP/1.1" 200 -
  [06:00:42] [  http] "GET /api/drift HTTP/1.1" 200 -
  [06:00:43] [  http] "GET /api/status HTTP/1.1" 200 -
  [06:00:43] [  http] "GET /api/aegis/stats?hours=24 HTTP/1.1" 200 -
  [06:00:43] [  http] "GET /api/session HTTP/1.1" 200 -
  [06:00:43] [  http] "GET /api/sessions HTTP/1.1" 200 -
  [06:00:44] [  http] "GET /api/drift HTTP/1.1" 200 -
  [06:00:44] [  http] "GET /api/drift HTTP/1.1" 200 -
  [06:00:45] [  http] "GET /api/drift HTTP/1.1" 200 -
  [OV:newton] ~391 tok, 10.1 tok/s
  [06:00:47] [  http] "GET /api/drift HTTP/1.1" 200 -
  [06:00:47] [  http] "GET /api/aegis/healing-log?limit=15 HTTP/1.1" 200 -
  [06:00:47] [  http] "GET /api/aegis/recent-events?limit=15 HTTP/1.1" 200 -
  [06:00:47] [  http] "GET /api/aegis/stats?hours=24 HTTP/1.1" 200 -
  [06:00:47] [  http] "GET /api/aegis/stats?hours=24 HTTP/1.1" 200 -
  [06:00:47] [  http] "GET /api/drift HTTP/1.1" 200 -
  [06:00:47] [  http] "GET /api/aegis/healing-log?limit=15 HTTP/1.1" 200 -
  [06:00:47] [  http] "GET /api/aegis/recent-events?limit=15 HTTP/1.1" 200 -
  [06:00:48] [  http] "GET /api/aegis/stats?hours=24 HTTP/1.1" 200 -
  [06:00:48] [  http] "GET /api/aegis/healing-log?limit=15 HTTP/1.1" 200 -
  [06:00:48] [  http] "GET /api/aegis/recent-events?limit=15 HTTP/1.1" 200 -
  [06:00:48] [  http] "GET /api/drift HTTP/1.1" 200 -
  [06:00:49] [  http] "GET /api/status HTTP/1.1" 200 -
  [06:00:49] [  http] "GET /api/governor HTTP/1.1" 200 -
  [06:00:49] [  http] "GET /api/session HTTP/1.1" 200 -
  [06:00:49] [  http] "GET /api/sessions HTTP/1.1" 200 -
  [06:00:49] [  http] "GET /api/drift HTTP/1.1" 200 -
  [06:00:50] [heartbeat] up 11m00s · model=ready · inferring · pending=0
  [06:00:50] [  http] "GET /api/governor HTTP/1.1" 200 -
  [06:00:51] [  http] "GET /api/drift HTTP/1.1" 200 -
  [06:00:51] [  http] "GET /api/drift HTTP/1.1" 200 -
  [06:00:51] [  http] "GET /api/aegis/stats?hours=24 HTTP/1.1" 200 -
  [06:00:52] [  http] "GET /api/status HTTP/1.1" 200 -
  [06:00:52] [  http] "GET /api/session HTTP/1.1" 200 -
  [06:00:52] [  http] "GET /api/sessions HTTP/1.1" 200 -
  [06:00:52] [  http] "GET /api/governor HTTP/1.1" 200 -
  [06:00:52] [  http] "GET /api/aegis/stats?hours=24 HTTP/1.1" 200 -
  [06:00:53] [  http] "GET /api/drift HTTP/1.1" 200 -
  [06:00:53] [  http] "GET /api/aegis/stats?hours=24 HTTP/1.1" 200 -
  [06:00:53] [  http] "GET /api/drift HTTP/1.1" 200 -
  [06:00:54] [  http] "GET /api/drift HTTP/1.1" 200 -
  [06:00:55] [  http] "GET /api/status HTTP/1.1" 200 -
  [06:00:55] [  http] "GET /api/session HTTP/1.1" 200 -
  [06:00:55] [  http] "GET /api/sessions HTTP/1.1" 200 -
  [06:00:56] [  http] "GET /api/drift HTTP/1.1" 200 -
  [06:00:56] [  http] "GET /api/aegis/stats?hours=24 HTTP/1.1" 200 -
  [06:00:57] [  http] "GET /api/aegis/healing-log?limit=15 HTTP/1.1" 200 -
  [06:00:57] [  http] "GET /api/drift HTTP/1.1" 200 -
  [06:00:57] [  http] "GET /api/aegis/recent-events?limit=15 HTTP/1.1" 200 -
  [06:00:57] [  http] "GET /api/aegis/stats?hours=24 HTTP/1.1" 200 -
  [06:00:57] [  http] "GET /api/aegis/healing-log?limit=15 HTTP/1.1" 200 -
  [06:00:57] [  http] "GET /api/aegis/recent-events?limit=15 HTTP/1.1" 200 -
  [06:00:57] [  http] "GET /api/drift HTTP/1.1" 200 -
  [06:00:58] [  http] "GET /api/aegis/stats?hours=24 HTTP/1.1" 200 -
  [06:00:58] [  http] "GET /api/aegis/recent-events?limit=15 HTTP/1.1" 200 -
  [06:00:58] [  http] "GET /api/aegis/healing-log?limit=15 HTTP/1.1" 200 -
  [06:00:59] [  http] "GET /api/drift HTTP/1.1" 200 -
  [06:00:59] [  http] "GET /api/governor HTTP/1.1" 200 -
  [06:00:59] [  http] "GET /api/status HTTP/1.1" 200 -
  [06:00:59] [  http] "GET /api/session HTTP/1.1" 200 -
  [06:00:59] [  http] "GET /api/sessions HTTP/1.1" 200 -
  [06:00:59] [  http] "GET /api/drift HTTP/1.1" 200 -
  [06:01:00] [  http] "GET /api/governor HTTP/1.1" 200 -
  [06:01:00] [  http] "GET /api/drift HTTP/1.1" 200 -
  [06:01:01] [  http] "GET /api/drift HTTP/1.1" 200 -
  [06:01:02] [  http] "GET /api/aegis/stats?hours=24 HTTP/1.1" 200 -
  [06:01:02] [  http] "GET /api/governor HTTP/1.1" 200 -
  [06:01:02] [  http] "GET /api/drift HTTP/1.1" 200 -
  [06:01:02] [  http] "GET /api/aegis/stats?hours=24 HTTP/1.1" 200 -
  [06:01:03] [  http] "GET /api/aegis/stats?hours=24 HTTP/1.1" 200 -
  [06:01:03] [  http] "GET /api/drift HTTP/1.1" 200 -
  [06:01:04] [  http] "GET /api/status HTTP/1.1" 200 -
  [06:01:04] [  http] "GET /api/session HTTP/1.1" 200 -
  [06:01:04] [  http] "GET /api/drift HTTP/1.1" 200 -
  [06:01:04] [  http] "GET /api/sessions HTTP/1.1" 200 -
  [06:01:06] [  http] "GET /api/drift HTTP/1.1" 200 -
  [06:01:06] [  http] "GET /api/drift HTTP/1.1" 200 -
  [06:01:06] [  http] "GET /api/aegis/stats?hours=24 HTTP/1.1" 200 -
  [06:01:07] [  http] "GET /api/aegis/healing-log?limit=15 HTTP/1.1" 200 -
  [06:01:07] [  http] "GET /api/aegis/recent-events?limit=15 HTTP/1.1" 200 -
  [06:01:07] [  http] "GET /api/status HTTP/1.1" 200 -
  [06:01:07] [  http] "GET /api/session HTTP/1.1" 200 -
  [06:01:07] [  http] "GET /api/sessions HTTP/1.1" 200 -
  [06:01:07] [  http] "GET /api/aegis/stats?hours=24 HTTP/1.1" 200 -
  [06:01:07] [  http] "GET /api/aegis/healing-log?limit=15 HTTP/1.1" 200 -
  [06:01:07] [  http] "GET /api/aegis/recent-events?limit=15 HTTP/1.1" 200 -
  [06:01:07] [  http] "GET /api/aegis/stats?hours=24 HTTP/1.1" 200 -
  [06:01:08] [  http] "GET /api/drift HTTP/1.1" 200 -
  [06:01:08] [  http] "GET /api/aegis/healing-log?limit=15 HTTP/1.1" 200 -
  [06:01:08] [  http] "GET /api/aegis/recent-events?limit=15 HTTP/1.1" 200 -
  [06:01:09] [  http] "GET /api/drift HTTP/1.1" 200 -
  [06:01:09] [  http] "GET /api/governor HTTP/1.1" 200 -
  [06:01:09] [  http] "GET /api/drift HTTP/1.1" 200 -
  [06:01:10] [  http] "GET /api/status HTTP/1.1" 200 -
  [06:01:10] [  http] "GET /api/session HTTP/1.1" 200 -
  [06:01:10] [  http] "GET /api/sessions HTTP/1.1" 200 -
  [06:01:10] [  http] "GET /api/governor HTTP/1.1" 200 -
  [06:01:11] [  http] "GET /api/drift HTTP/1.1" 200 -
  [06:01:11] [  http] "GET /api/aegis/stats?hours=24 HTTP/1.1" 200 -
  [06:01:12] [  http] "GET /api/drift HTTP/1.1" 200 -
  [06:01:12] [  http] "GET /api/governor HTTP/1.1" 200 -
  [06:01:12] [  http] "GET /api/aegis/stats?hours=24 HTTP/1.1" 200 -
  [06:01:12] [  http] "GET /api/drift HTTP/1.1" 200 -
  [06:01:13] [  http] "GET /api/aegis/stats?hours=24 HTTP/1.1" 200 -
  [06:01:14] [  http] "GET /api/drift HTTP/1.1" 200 -
  [06:01:14] [  http] "GET /api/drift HTTP/1.1" 200 -
  [06:01:15] [  http] "GET /api/status HTTP/1.1" 200 -
  [06:01:15] [  http] "GET /api/drift HTTP/1.1" 200 -
  [06:01:15] [  http] "GET /api/session HTTP/1.1" 200 -
  [06:01:15] [  http] "GET /api/sessions HTTP/1.1" 200 -
  [06:01:16] [  http] "GET /api/aegis/stats?hours=24 HTTP/1.1" 200 -
  [06:01:17] [  http] "GET /api/drift HTTP/1.1" 200 -
  [06:01:17] [  http] "GET /api/aegis/recent-events?limit=15 HTTP/1.1" 200 -
  [06:01:17] [  http] "GET /api/aegis/healing-log?limit=15 HTTP/1.1" 200 -
  [06:01:17] [  http] "GET /api/aegis/stats?hours=24 HTTP/1.1" 200 -
  [06:01:17] [  http] "GET /api/aegis/healing-log?limit=15 HTTP/1.1" 200 -
  [06:01:17] [  http] "GET /api/aegis/recent-events?limit=15 HTTP/1.1" 200 -
  [06:01:18] [  http] "GET /api/aegis/stats?hours=24 HTTP/1.1" 200 -
  [06:01:18] [  http] "GET /api/drift HTTP/1.1" 200 -
  [06:01:18] [  http] "GET /api/aegis/healing-log?limit=15 HTTP/1.1" 200 -
  [06:01:18] [  http] "GET /api/aegis/recent-events?limit=15 HTTP/1.1" 200 -
  [06:01:18] [  http] "GET /api/drift HTTP/1.1" 200 -
  [06:01:19] [  http] "GET /api/governor HTTP/1.1" 200 -
  [06:01:19] [  http] "GET /api/status HTTP/1.1" 200 -
  [06:01:19] [  http] "GET /api/session HTTP/1.1" 200 -
  [06:01:19] [  http] "GET /api/sessions HTTP/1.1" 200 -
  [06:01:20] [  http] "GET /api/drift HTTP/1.1" 200 -
  [06:01:20] [heartbeat] up 11m30s · model=ready · inferring · pending=0
  [06:01:20] [  http] "GET /api/governor HTTP/1.1" 200 -
  [06:01:20] [  http] "GET /api/drift HTTP/1.1" 200 -
  [06:01:21] [  http] "GET /api/drift HTTP/1.1" 200 -
  [06:01:22] [  http] "GET /api/aegis/stats?hours=24 HTTP/1.1" 200 -
  [06:01:22] [  http] "GET /api/status HTTP/1.1" 200 -
  [06:01:22] [  http] "GET /api/governor HTTP/1.1" 200 -
  [06:01:22] [  http] "GET /api/session HTTP/1.1" 200 -
  [06:01:22] [  http] "GET /api/sessions HTTP/1.1" 200 -
  [06:01:22] [  http] "GET /api/aegis/stats?hours=24 HTTP/1.1" 200 -
  [06:01:23] [  http] "GET /api/drift HTTP/1.1" 200 -
  [06:01:23] [  http] "GET /api/aegis/stats?hours=24 HTTP/1.1" 200 -
  [06:01:23] [  http] "GET /api/drift HTTP/1.1" 200 -
  [06:01:24] [  http] "GET /api/drift HTTP/1.1" 200 -
  [06:01:25] [  http] "GET /api/status HTTP/1.1" 200 -
  [06:01:25] [  http] "GET /api/session HTTP/1.1" 200 -
  [06:01:25] [  http] "GET /api/sessions HTTP/1.1" 200 -
  [06:01:26] [  http] "GET /api/drift HTTP/1.1" 200 -
  [06:01:26] [  http] "GET /api/aegis/stats?hours=24 HTTP/1.1" 200 -
  [06:01:27] [  http] "GET /api/aegis/healing-log?limit=15 HTTP/1.1" 200 -
  [06:01:27] [  http] "GET /api/aegis/recent-events?limit=15 HTTP/1.1" 200 -
  [06:01:27] [  http] "GET /api/drift HTTP/1.1" 200 -
  [06:01:27] [  http] "GET /api/aegis/stats?hours=24 HTTP/1.1" 200 -
  [06:01:27] [  http] "GET /api/aegis/healing-log?limit=15 HTTP/1.1" 200 -
  [06:01:27] [  http] "GET /api/aegis/recent-events?limit=15 HTTP/1.1" 200 -
  [06:01:27] [  http] "GET /api/drift HTTP/1.1" 200 -
  [06:01:28] [  http] "GET /api/aegis/stats?hours=24 HTTP/1.1" 200 -
  [06:01:28] [  http] "GET /api/aegis/healing-log?limit=15 HTTP/1.1" 200 -
  [06:01:28] [  http] "GET /api/aegis/recent-events?limit=15 HTTP/1.1" 200 -
  [06:01:29] [  http] "GET /api/drift HTTP/1.1" 200 -
  [06:01:29] [  http] "GET /api/governor HTTP/1.1" 200 -
  [06:01:30] [  http] "GET /api/drift HTTP/1.1" 200 -
  [OV:quantum] ~333 tok, 7.5 tok/s
  [06:01:30] [  http] "GET /api/governor HTTP/1.1" 200 -
  [06:01:30] [  http] "GET /api/drift HTTP/1.1" 200 -
  [06:01:31] [  http] "GET /api/status HTTP/1.1" 200 -
  [06:01:31] [  http] "GET /api/session HTTP/1.1" 200 -
  [06:01:31] [  http] "GET /api/sessions HTTP/1.1" 200 -
  [06:01:31] [  http] "GET /api/drift HTTP/1.1" 200 -
  [06:01:31] [  http] "GET /api/aegis/stats?hours=24 HTTP/1.1" 200 -
  [06:01:32] [  http] "GET /api/governor HTTP/1.1" 200 -
  [06:01:32] [  http] "GET /api/drift HTTP/1.1" 200 -
  [06:01:32] [  http] "GET /api/aegis/stats?hours=24 HTTP/1.1" 200 -
  [06:01:33] [  http] "GET /api/aegis/stats?hours=24 HTTP/1.1" 200 -
  [06:01:33] [  http] "GET /api/drift HTTP/1.1" 200 -
  [06:01:34] [  http] "GET /api/status HTTP/1.1" 200 -
  [06:01:35] [  http] "GET /api/drift HTTP/1.1" 200 -
  [06:01:35] [  http] "GET /api/session HTTP/1.1" 200 -
  [06:01:35] [  http] "GET /api/sessions HTTP/1.1" 200 -
  [06:01:35] [  http] "GET /api/drift HTTP/1.1" 200 -
  [06:01:35] [  http] "GET /api/aegis/healing-log?limit=15 HTTP/1.1" 200 -
  [06:01:35] [  http] "GET /api/aegis/stats?hours=24 HTTP/1.1" 200 -
  [06:01:35] [  http] "GET /api/aegis/recent-events?limit=15 HTTP/1.1" 200 -
  [06:01:35] [  http] "GET /api/governor HTTP/1.1" 200 -
  [06:01:35] [  http] "GET /api/drift HTTP/1.1" 200 -
  [06:01:36] [  http] "GET /api/drift HTTP/1.1" 200 -
  [06:01:37] [  http] "GET /api/aegis/healing-log?limit=15 HTTP/1.1" 200 -
  [06:01:37] [  http] "GET /api/aegis/stats?hours=24 HTTP/1.1" 200 -
  [06:01:37] [  http] "GET /api/aegis/recent-events?limit=15 HTTP/1.1" 200 -
  [06:01:37] [  http] "GET /api/status HTTP/1.1" 200 -
  [06:01:37] [  http] "GET /api/aegis/stats?hours=24 HTTP/1.1" 200 -
  [06:01:37] [  http] "GET /api/aegis/healing-log?limit=15 HTTP/1.1" 200 -
  [06:01:37] [  http] "GET /api/aegis/recent-events?limit=15 HTTP/1.1" 200 -
  [06:01:38] [  http] "GET /api/session HTTP/1.1" 200 -
  [06:01:38] [  http] "GET /api/drift HTTP/1.1" 200 -
  [06:01:38] [  http] "GET /api/sessions HTTP/1.1" 200 -
  [06:01:38] [  http] "GET /api/aegis/stats?hours=24 HTTP/1.1" 200 -
  [06:01:38] [  http] "GET /api/aegis/healing-log?limit=15 HTTP/1.1" 200 -
  [06:01:38] [  http] "GET /api/aegis/recent-events?limit=15 HTTP/1.1" 200 -
  [06:01:38] [  http] "GET /api/drift HTTP/1.1" 200 -
  [06:01:39] [  http] "GET /api/governor HTTP/1.1" 200 -
  [06:01:39] [  http] "GET /api/drift HTTP/1.1" 200 -
  [06:01:40] [  http] "GET /api/governor HTTP/1.1" 200 -
  [06:01:40] [  http] "GET /api/status HTTP/1.1" 200 -
  [06:01:40] [  http] "GET /api/session HTTP/1.1" 200 -
  [06:01:41] [  http] "GET /api/sessions HTTP/1.1" 200 -
  [06:01:41] [  http] "GET /api/drift HTTP/1.1" 200 -
  [06:01:41] [  http] "GET /api/aegis/stats?hours=24 HTTP/1.1" 200 -
  [06:01:42] [  http] "GET /api/drift HTTP/1.1" 200 -
  [06:01:42] [  http] "GET /api/governor HTTP/1.1" 200 -
  [06:01:42] [  http] "GET /api/aegis/stats?hours=24 HTTP/1.1" 200 -
  [06:01:42] [  http] "GET /api/drift HTTP/1.1" 200 -
  [06:01:43] [  http] "GET /api/aegis/stats?hours=24 HTTP/1.1" 200 -
  [06:01:44] [  http] "GET /api/drift HTTP/1.1" 200 -
  [06:01:44] [  http] "GET /api/drift HTTP/1.1" 200 -
  [06:01:45] [  http] "GET /api/drift HTTP/1.1" 200 -
  [06:01:47] [  http] "GET /api/drift HTTP/1.1" 200 -
  [06:01:47] [  http] "GET /api/aegis/stats?hours=24 HTTP/1.1" 200 -
  [06:01:47] [  http] "GET /api/aegis/recent-events?limit=15 HTTP/1.1" 200 -
  [06:01:47] [  http] "GET /api/aegis/healing-log?limit=15 HTTP/1.1" 200 -
  [06:01:47] [  http] "GET /api/status HTTP/1.1" 200 -
  [06:01:47] [  http] "GET /api/session HTTP/1.1" 200 -
  [06:01:47] [  http] "GET /api/aegis/stats?hours=24 HTTP/1.1" 200 -
  [06:01:47] [  http] "GET /api/sessions HTTP/1.1" 200 -
  [06:01:47] [  http] "GET /api/drift HTTP/1.1" 200 -
  [06:01:47] [  http] "GET /api/aegis/recent-events?limit=15 HTTP/1.1" 200 -
  [06:01:47] [  http] "GET /api/aegis/healing-log?limit=15 HTTP/1.1" 200 -
  [06:01:48] [  http] "GET /api/aegis/stats?hours=24 HTTP/1.1" 200 -
  [06:01:48] [  http] "GET /api/aegis/recent-events?limit=15 HTTP/1.1" 200 -
  [06:01:48] [  http] "GET /api/aegis/healing-log?limit=15 HTTP/1.1" 200 -
  [06:01:48] [  http] "GET /api/drift HTTP/1.1" 200 -
  [06:01:49] [  http] "GET /api/governor HTTP/1.1" 200 -
  [06:01:50] [heartbeat] up 12m00s · model=ready · inferring · pending=0
  [06:01:50] [  http] "GET /api/drift HTTP/1.1" 200 -
  [06:01:50] [  http] "GET /api/status HTTP/1.1" 200 -
  [06:01:50] [  http] "GET /api/session HTTP/1.1" 200 -
  [06:01:50] [  http] "GET /api/sessions HTTP/1.1" 200 -
  [06:01:50] [  http] "GET /api/governor HTTP/1.1" 200 -
  [06:01:51] [  http] "GET /api/drift HTTP/1.1" 200 -
  [06:01:51] [  http] "GET /api/drift HTTP/1.1" 200 -
  [06:01:51] [  http] "GET /api/aegis/stats?hours=24 HTTP/1.1" 200 -
  [06:01:52] [  http] "GET /api/governor HTTP/1.1" 200 -
  [06:01:52] [  http] "GET /api/aegis/stats?hours=24 HTTP/1.1" 200 -
  [06:01:53] [  http] "GET /api/status HTTP/1.1" 200 -
  [06:01:53] [  http] "GET /api/drift HTTP/1.1" 200 -
  [06:01:53] [  http] "GET /api/aegis/stats?hours=24 HTTP/1.1" 200 -
  [06:01:53] [  http] "GET /api/session HTTP/1.1" 200 -
  [06:01:53] [  http] "GET /api/sessions HTTP/1.1" 200 -
  [06:01:53] [  http] "GET /api/drift HTTP/1.1" 200 -
  [06:01:54] [  http] "GET /api/drift HTTP/1.1" 200 -
  [06:01:56] [  http] "GET /api/status HTTP/1.1" 200 -
  [06:01:56] [  http] "GET /api/drift HTTP/1.1" 200 -
  [06:01:56] [  http] "GET /api/session HTTP/1.1" 200 -
  [06:01:56] [  http] "GET /api/sessions HTTP/1.1" 200 -
  [06:01:56] [  http] "GET /api/aegis/stats?hours=24 HTTP/1.1" 200 -
  [06:01:57] [  http] "GET /api/aegis/healing-log?limit=15 HTTP/1.1" 200 -
  [06:01:57] [  http] "GET /api/drift HTTP/1.1" 200 -
  [06:01:57] [  http] "GET /api/aegis/recent-events?limit=15 HTTP/1.1" 200 -
  [06:01:57] [  http] "GET /api/aegis/stats?hours=24 HTTP/1.1" 200 -
  [06:01:57] [  http] "GET /api/aegis/healing-log?limit=15 HTTP/1.1" 200 -
  [06:01:57] [  http] "GET /api/aegis/recent-events?limit=15 HTTP/1.1" 200 -
  [06:01:57] [  http] "GET /api/drift HTTP/1.1" 200 -
  [06:01:58] [  http] "GET /api/aegis/stats?hours=24 HTTP/1.1" 200 -
  [06:01:58] [  http] "GET /api/aegis/healing-log?limit=15 HTTP/1.1" 200 -
  [06:01:58] [  http] "GET /api/aegis/recent-events?limit=15 HTTP/1.1" 200 -
  [06:01:59] [  http] "GET /api/drift HTTP/1.1" 200 -
  [06:01:59] [  http] "GET /api/governor HTTP/1.1" 200 -
  [06:02:00] [  http] "GET /api/drift HTTP/1.1" 200 -
  [06:02:00] [  http] "GET /api/governor HTTP/1.1" 200 -
  [06:02:00] [  http] "GET /api/drift HTTP/1.1" 200 -
  [06:02:01] [  http] "GET /api/drift HTTP/1.1" 200 -
  [06:02:01] [  http] "GET /api/aegis/stats?hours=24 HTTP/1.1" 200 -
  [06:02:02] [  http] "GET /api/governor HTTP/1.1" 200 -
  [06:02:02] [  http] "GET /api/drift HTTP/1.1" 200 -
  [06:02:02] [  http] "GET /api/aegis/stats?hours=24 HTTP/1.1" 200 -
  [06:02:03] [  http] "GET /api/aegis/stats?hours=24 HTTP/1.1" 200 -
  [06:02:03] [  http] "GET /api/status HTTP/1.1" 200 -
  [06:02:03] [  http] "GET /api/drift HTTP/1.1" 200 -
  [OV:base] ~300 tok, 9.1 tok/s
  [TENSION] xi=0.2568 gamma=0.7957 — synthesis (perspectives disagree)
[AAP] disabled via CODETTE_AAP=0 (ablation)
[PHASE6] Done: 1751 chars, 724 tokens
  [MEMORY] [generation] baseline=3731MB peak=3912MB (+181 transient) retained=-495MB in 116.4s (446 samples)
  [WORKER] Got result: response=1751 chars, adapter=newton
  [06:02:03] [  http] "GET /api/session HTTP/1.1" 200 -
  [06:02:03] [  http] "GET /api/sessions HTTP/1.1" 200 -
WARNING:CodetteSubsystemUpgrade:[AEGIS] would-veto (SHADOW) — care=0.45 < 0.5 (η=0.94); passing through
  [AEGIS] would-block (SHADOW) η=0.939 — enforcing nothing yet
  [COGNITION] ξ=0.2568 Γ=0.7957 η=0.939 σ=0.0 fidelity=— P=0.362 (all measured)
  [06:02:04] [  http] "POST /api/chat HTTP/1.1" 200 -
  [06:02:05] [  http] "GET /api/drift HTTP/1.1" 200 -
  [06:02:05] [  http] "GET /api/status HTTP/1.1" 200 -
  [06:02:05] [  http] "GET /api/session HTTP/1.1" 200 -
  [06:02:05] [  http] "GET /api/sessions HTTP/1.1" 200 -
  [06:02:05] [  http] "GET /api/drift HTTP/1.1" 200 -
  [WORKER] Processing query: What is the correct answer to this question: You perform a h...
INFO:reasoning_forge.behavior_governor:[GOVERNOR] Pre: identity=none (conf=0.15), memory=2 cocoons, tokens=400, compression=normal
  [GOVERNOR] identity=none (conf=0.15), memory=2 cocoons, tokens=400, compression=normal
  [WORKER] Using forge bridge (Phase 6/7)
[PHASE6] Query complexity: QueryComplexity.MEDIUM
[PHASE7] Route: debate,semantic_tension,specialization_tracking,memory_weighting,gamma_monitoring,synthesis
[PHASE6] Domain: chemistry, max_adapters: 2

  [OV] Route: newton + quantum (conf=0.64, keyword)
  [06:02:06] [  http] "GET /api/drift HTTP/1.1" 200 -
  [06:02:07] [  http] "GET /api/aegis/healing-log?limit=15 HTTP/1.1" 200 -
  [06:02:07] [  http] "GET /api/aegis/stats?hours=24 HTTP/1.1" 200 -
  [06:02:07] [  http] "GET /api/aegis/recent-events?limit=15 HTTP/1.1" 200 -
  [06:02:07] [  http] "GET /api/aegis/stats?hours=24 HTTP/1.1" 200 -
  [06:02:07] [  http] "GET /api/aegis/healing-log?limit=15 HTTP/1.1" 200 -
  [06:02:07] [  http] "GET /api/aegis/recent-events?limit=15 HTTP/1.1" 200 -
  [06:02:08] [  http] "GET /api/drift HTTP/1.1" 200 -
  [06:02:08] [  http] "GET /api/aegis/stats?hours=24 HTTP/1.1" 200 -
  [06:02:08] [  http] "GET /api/aegis/recent-events?limit=15 HTTP/1.1" 200 -
  [06:02:08] [  http] "GET /api/aegis/healing-log?limit=15 HTTP/1.1" 200 -
  [06:02:08] [  http] "GET /api/status HTTP/1.1" 200 -
  [06:02:08] [  http] "GET /api/session HTTP/1.1" 200 -
  [06:02:08] [  http] "GET /api/sessions HTTP/1.1" 200 -
  [06:02:08] [  http] "GET /api/drift HTTP/1.1" 200 -
  [06:02:09] [  http] "GET /api/governor HTTP/1.1" 200 -
  [06:02:09] [  http] "GET /api/drift HTTP/1.1" 200 -
  [06:02:10] [  http] "GET /api/governor HTTP/1.1" 200 -
  [06:02:11] [  http] "GET /api/drift HTTP/1.1" 200 -
  [06:02:11] [  http] "GET /api/status HTTP/1.1" 200 -
  [06:02:11] [  http] "GET /api/session HTTP/1.1" 200 -
  [06:02:11] [  http] "GET /api/sessions HTTP/1.1" 200 -
  [06:02:11] [  http] "GET /api/aegis/stats?hours=24 HTTP/1.1" 200 -
  [06:02:12] [  http] "GET /api/drift HTTP/1.1" 200 -
  [06:02:12] [  http] "GET /api/governor HTTP/1.1" 200 -
  [06:02:12] [  http] "GET /api/aegis/stats?hours=24 HTTP/1.1" 200 -
  [06:02:12] [  http] "GET /api/drift HTTP/1.1" 200 -
  [06:02:13] [  http] "GET /api/aegis/stats?hours=24 HTTP/1.1" 200 -
  [06:02:14] [  http] "GET /api/drift HTTP/1.1" 200 -
  [06:02:14] [  http] "GET /api/drift HTTP/1.1" 200 -
  [06:02:15] [  http] "GET /api/drift HTTP/1.1" 200 -
  [06:02:17] [  http] "GET /api/drift HTTP/1.1" 200 -
  [06:02:17] [  http] "GET /api/aegis/stats?hours=24 HTTP/1.1" 200 -
  [06:02:17] [  http] "GET /api/aegis/healing-log?limit=15 HTTP/1.1" 200 -
  [06:02:17] [  http] "GET /api/aegis/recent-events?limit=15 HTTP/1.1" 200 -
  [06:02:17] [  http] "GET /api/aegis/stats?hours=24 HTTP/1.1" 200 -
  [06:02:17] [  http] "GET /api/drift HTTP/1.1" 200 -
  [06:02:17] [  http] "GET /api/aegis/healing-log?limit=15 HTTP/1.1" 200 -
  [06:02:17] [  http] "GET /api/aegis/recent-events?limit=15 HTTP/1.1" 200 -
  [06:02:18] [  http] "GET /api/aegis/stats?hours=24 HTTP/1.1" 200 -
  [06:02:18] [  http] "GET /api/aegis/healing-log?limit=15 HTTP/1.1" 200 -
  [06:02:18] [  http] "GET /api/aegis/recent-events?limit=15 HTTP/1.1" 200 -
  [06:02:18] [  http] "GET /api/drift HTTP/1.1" 200 -
  [06:02:19] [  http] "GET /api/governor HTTP/1.1" 200 -
  [06:02:19] [  http] "GET /api/status HTTP/1.1" 200 -
  [06:02:19] [  http] "GET /api/session HTTP/1.1" 200 -
  [06:02:19] [  http] "GET /api/sessions HTTP/1.1" 200 -
  [06:02:20] [heartbeat] up 12m30s · model=ready · inferring · pending=0
  [06:02:20] [  http] "GET /api/drift HTTP/1.1" 200 -
  [06:02:20] [  http] "GET /api/status HTTP/1.1" 200 -
  [06:02:20] [  http] "GET /api/session HTTP/1.1" 200 -
  [06:02:20] [  http] "GET /api/sessions HTTP/1.1" 200 -
  [06:02:20] [  http] "GET /api/governor HTTP/1.1" 200 -
  [06:02:20] [  http] "GET /api/drift HTTP/1.1" 200 -
  [06:02:21] [  http] "GET /api/drift HTTP/1.1" 200 -
  [06:02:22] [  http] "GET /api/aegis/stats?hours=24 HTTP/1.1" 200 -
  [06:02:22] [  http] "GET /api/governor HTTP/1.1" 200 -
  [06:02:22] [  http] "GET /api/aegis/stats?hours=24 HTTP/1.1" 200 -
  [06:02:23] [  http] "GET /api/drift HTTP/1.1" 200 -
  [06:02:23] [  http] "GET /api/aegis/stats?hours=24 HTTP/1.1" 200 -
  [06:02:23] [  http] "GET /api/status HTTP/1.1" 200 -
  [06:02:23] [  http] "GET /api/session HTTP/1.1" 200 -
  [06:02:23] [  http] "GET /api/sessions HTTP/1.1" 200 -
  [06:02:23] [  http] "GET /api/drift HTTP/1.1" 200 -
  [06:02:24] [  http] "GET /api/drift HTTP/1.1" 200 -
  [06:02:26] [  http] "GET /api/drift HTTP/1.1" 200 -
  [06:02:26] [  http] "GET /api/status HTTP/1.1" 200 -
  [06:02:26] [  http] "GET /api/session HTTP/1.1" 200 -
  [06:02:26] [  http] "GET /api/aegis/stats?hours=24 HTTP/1.1" 200 -
  [06:02:26] [  http] "GET /api/sessions HTTP/1.1" 200 -
  [06:02:27] [  http] "GET /api/aegis/healing-log?limit=15 HTTP/1.1" 200 -
  [06:02:27] [  http] "GET /api/aegis/recent-events?limit=15 HTTP/1.1" 200 -
  [06:02:27] [  http] "GET /api/drift HTTP/1.1" 200 -
  [06:02:27] [  http] "GET /api/aegis/stats?hours=24 HTTP/1.1" 200 -
  [06:02:27] [  http] "GET /api/aegis/healing-log?limit=15 HTTP/1.1" 200 -
  [06:02:27] [  http] "GET /api/aegis/recent-events?limit=15 HTTP/1.1" 200 -
  [06:02:27] [  http] "GET /api/drift HTTP/1.1" 200 -
  [06:02:28] [  http] "GET /api/aegis/stats?hours=24 HTTP/1.1" 200 -
  [06:02:28] [  http] "GET /api/aegis/healing-log?limit=15 HTTP/1.1" 200 -
  [06:02:28] [  http] "GET /api/aegis/recent-events?limit=15 HTTP/1.1" 200 -
  [06:02:29] [  http] "GET /api/drift HTTP/1.1" 200 -
  [06:02:29] [  http] "GET /api/governor HTTP/1.1" 200 -
  [06:02:30] [  http] "GET /api/drift HTTP/1.1" 200 -
  [06:02:30] [  http] "GET /api/governor HTTP/1.1" 200 -
  [06:02:30] [  http] "GET /api/drift HTTP/1.1" 200 -
  [06:02:31] [  http] "GET /api/drift HTTP/1.1" 200 -
  [06:02:31] [  http] "GET /api/aegis/stats?hours=24 HTTP/1.1" 200 -
  [06:02:32] [  http] "GET /api/governor HTTP/1.1" 200 -
  [06:02:32] [  http] "GET /api/drift HTTP/1.1" 200 -
  [06:02:32] [  http] "GET /api/aegis/stats?hours=24 HTTP/1.1" 200 -
  [06:02:33] [  http] "GET /api/aegis/stats?hours=24 HTTP/1.1" 200 -
  [06:02:33] [  http] "GET /api/drift HTTP/1.1" 200 -
  [06:02:35] [  http] "GET /api/drift HTTP/1.1" 200 -
  [06:02:35] [  http] "GET /api/status HTTP/1.1" 200 -
  [06:02:35] [  http] "GET /api/drift HTTP/1.1" 200 -
  [06:02:35] [  http] "GET /api/aegis/healing-log?limit=15 HTTP/1.1" 200 -
  [06:02:35] [  http] "GET /api/aegis/stats?hours=24 HTTP/1.1" 200 -
  [06:02:35] [  http] "GET /api/aegis/recent-events?limit=15 HTTP/1.1" 200 -
  [06:02:35] [  http] "GET /api/governor HTTP/1.1" 200 -
  [06:02:35] [  http] "GET /api/status HTTP/1.1" 200 -
  [06:02:35] [  http] "GET /api/session HTTP/1.1" 200 -
  [06:02:35] [  http] "GET /api/sessions HTTP/1.1" 200 -
  [06:02:35] [  http] "GET /api/session HTTP/1.1" 200 -
  [06:02:35] [  http] "GET /api/sessions HTTP/1.1" 200 -
  [06:02:36] [  http] "GET /api/drift HTTP/1.1" 200 -
  [06:02:36] [  http] "GET /api/drift HTTP/1.1" 200 -
  [06:02:36] [  http] "GET /api/aegis/stats?hours=24 HTTP/1.1" 200 -
  [06:02:37] [  http] "GET /api/aegis/healing-log?limit=15 HTTP/1.1" 200 -
  [06:02:37] [  http] "GET /api/aegis/recent-events?limit=15 HTTP/1.1" 200 -
  [06:02:37] [  http] "GET /api/aegis/healing-log?limit=15 HTTP/1.1" 200 -
  [06:02:37] [  http] "GET /api/aegis/stats?hours=24 HTTP/1.1" 200 -
  [06:02:37] [  http] "GET /api/aegis/recent-events?limit=15 HTTP/1.1" 200 -
  [06:02:38] [  http] "GET /api/drift HTTP/1.1" 200 -
  [06:02:38] [  http] "GET /api/aegis/healing-log?limit=15 HTTP/1.1" 200 -
  [06:02:38] [  http] "GET /api/aegis/recent-events?limit=15 HTTP/1.1" 200 -
  [06:02:38] [  http] "GET /api/aegis/stats?hours=24 HTTP/1.1" 200 -
  [OV:newton] ~337 tok, 10.5 tok/s
  [06:02:38] [  http] "GET /api/status HTTP/1.1" 200 -
  [06:02:39] [  http] "GET /api/session HTTP/1.1" 200 -
  [06:02:39] [  http] "GET /api/sessions HTTP/1.1" 200 -
  [06:02:39] [  http] "GET /api/drift HTTP/1.1" 200 -
  [06:02:39] [  http] "GET /api/governor HTTP/1.1" 200 -
  [06:02:39] [  http] "GET /api/drift HTTP/1.1" 200 -
  [06:02:40] [  http] "GET /api/governor HTTP/1.1" 200 -
  [06:02:41] [  http] "GET /api/drift HTTP/1.1" 200 -
  [06:02:41] [  http] "GET /api/status HTTP/1.1" 200 -
  [06:02:42] [  http] "GET /api/session HTTP/1.1" 200 -
  [06:02:42] [  http] "GET /api/sessions HTTP/1.1" 200 -
  [06:02:42] [  http] "GET /api/drift HTTP/1.1" 200 -
  [06:02:42] [  http] "GET /api/aegis/stats?hours=24 HTTP/1.1" 200 -
  [06:02:42] [  http] "GET /api/governor HTTP/1.1" 200 -
  [06:02:42] [  http] "GET /api/aegis/stats?hours=24 HTTP/1.1" 200 -
  [06:02:42] [  http] "GET /api/drift HTTP/1.1" 200 -
  [06:02:43] [  http] "GET /api/aegis/stats?hours=24 HTTP/1.1" 200 -
  [06:02:44] [  http] "GET /api/drift HTTP/1.1" 200 -
  [06:02:45] [  http] "GET /api/drift HTTP/1.1" 200 -
  [06:02:45] [  http] "GET /api/drift HTTP/1.1" 200 -
  [06:02:46] [  http] "GET /api/aegis/stats?hours=24 HTTP/1.1" 200 -
  [06:02:47] [  http] "GET /api/drift HTTP/1.1" 200 -
  [06:02:47] [  http] "GET /api/aegis/healing-log?limit=15 HTTP/1.1" 200 -
  [06:02:47] [  http] "GET /api/aegis/recent-events?limit=15 HTTP/1.1" 200 -
  [06:02:47] [  http] "GET /api/aegis/stats?hours=24 HTTP/1.1" 200 -
  [06:02:47] [  http] "GET /api/aegis/healing-log?limit=15 HTTP/1.1" 200 -
  [06:02:47] [  http] "GET /api/aegis/recent-events?limit=15 HTTP/1.1" 200 -
  [06:02:48] [  http] "GET /api/aegis/stats?hours=24 HTTP/1.1" 200 -
  [06:02:48] [  http] "GET /api/drift HTTP/1.1" 200 -
  [06:02:48] [  http] "GET /api/aegis/healing-log?limit=15 HTTP/1.1" 200 -
  [06:02:48] [  http] "GET /api/aegis/recent-events?limit=15 HTTP/1.1" 200 -
  [06:02:48] [  http] "GET /api/drift HTTP/1.1" 200 -
  [06:02:49] [  http] "GET /api/governor HTTP/1.1" 200 -
  [06:02:50] [heartbeat] up 13m00s · model=ready · inferring · pending=0
  [06:02:50] [  http] "GET /api/drift HTTP/1.1" 200 -
  [06:02:50] [  http] "GET /api/status HTTP/1.1" 200 -
  [06:02:50] [  http] "GET /api/session HTTP/1.1" 200 -
  [06:02:50] [  http] "GET /api/sessions HTTP/1.1" 200 -
  [06:02:50] [  http] "GET /api/drift HTTP/1.1" 200 -
  [06:02:50] [  http] "GET /api/governor HTTP/1.1" 200 -
  [06:02:51] [  http] "GET /api/status HTTP/1.1" 200 -
  [06:02:51] [  http] "GET /api/drift HTTP/1.1" 200 -
  [06:02:51] [  http] "GET /api/session HTTP/1.1" 200 -
  [06:02:51] [  http] "GET /api/sessions HTTP/1.1" 200 -
  [06:02:51] [  http] "GET /api/aegis/stats?hours=24 HTTP/1.1" 200 -
  [06:02:52] [  http] "GET /api/governor HTTP/1.1" 200 -
  [06:02:52] [  http] "GET /api/aegis/stats?hours=24 HTTP/1.1" 200 -
  [06:02:53] [  http] "GET /api/drift HTTP/1.1" 200 -
  [06:02:53] [  http] "GET /api/aegis/stats?hours=24 HTTP/1.1" 200 -
  [06:02:53] [  http] "GET /api/status HTTP/1.1" 200 -
  [06:02:53] [  http] "GET /api/drift HTTP/1.1" 200 -
  [06:02:54] [  http] "GET /api/session HTTP/1.1" 200 -
  [06:02:54] [  http] "GET /api/sessions HTTP/1.1" 200 -
  [06:02:54] [  http] "GET /api/drift HTTP/1.1" 200 -
  [06:02:56] [  http] "GET /api/drift HTTP/1.1" 200 -
  [06:02:57] [  http] "GET /api/status HTTP/1.1" 200 -
  [06:02:57] [  http] "GET /api/drift HTTP/1.1" 200 -
  [06:02:57] [  http] "GET /api/aegis/recent-events?limit=15 HTTP/1.1" 200 -
  [06:02:57] [  http] "GET /api/aegis/stats?hours=24 HTTP/1.1" 200 -
  [06:02:57] [  http] "GET /api/aegis/healing-log?limit=15 HTTP/1.1" 200 -
  [06:02:57] [  http] "GET /api/session HTTP/1.1" 200 -
  [06:02:57] [  http] "GET /api/sessions HTTP/1.1" 200 -
  [06:02:57] [  http] "GET /api/aegis/stats?hours=24 HTTP/1.1" 200 -
  [06:02:57] [  http] "GET /api/aegis/healing-log?limit=15 HTTP/1.1" 200 -
  [06:02:57] [  http] "GET /api/drift HTTP/1.1" 200 -
  [06:02:57] [  http] "GET /api/aegis/recent-events?limit=15 HTTP/1.1" 200 -
  [06:02:58] [  http] "GET /api/aegis/stats?hours=24 HTTP/1.1" 200 -
  [06:02:58] [  http] "GET /api/aegis/healing-log?limit=15 HTTP/1.1" 200 -
  [06:02:58] [  http] "GET /api/aegis/recent-events?limit=15 HTTP/1.1" 200 -
  [06:02:59] [  http] "GET /api/drift HTTP/1.1" 200 -
  [06:02:59] [  http] "GET /api/governor HTTP/1.1" 200 -
  [06:03:00] [  http] "GET /api/drift HTTP/1.1" 200 -
  [06:03:00] [  http] "GET /api/governor HTTP/1.1" 200 -
  [06:03:00] [  http] "GET /api/drift HTTP/1.1" 200 -
  [06:03:01] [  http] "GET /api/drift HTTP/1.1" 200 -
  [06:03:01] [  http] "GET /api/aegis/stats?hours=24 HTTP/1.1" 200 -
  [06:03:02] [  http] "GET /api/governor HTTP/1.1" 200 -
  [06:03:02] [  http] "GET /api/drift HTTP/1.1" 200 -
  [06:03:02] [  http] "GET /api/aegis/stats?hours=24 HTTP/1.1" 200 -
  [06:03:03] [  http] "GET /api/aegis/stats?hours=24 HTTP/1.1" 200 -
  [06:03:03] [  http] "GET /api/drift HTTP/1.1" 200 -
  [06:03:05] [  http] "GET /api/drift HTTP/1.1" 200 -
  [06:03:05] [  http] "GET /api/status HTTP/1.1" 200 -
  [06:03:05] [  http] "GET /api/session HTTP/1.1" 200 -
  [06:03:05] [  http] "GET /api/sessions HTTP/1.1" 200 -
  [06:03:06] [  http] "GET /api/drift HTTP/1.1" 200 -
  [06:03:06] [  http] "GET /api/drift HTTP/1.1" 200 -
  [06:03:06] [  http] "GET /api/aegis/stats?hours=24 HTTP/1.1" 200 -
  [06:03:07] [  http] "GET /api/aegis/healing-log?limit=15 HTTP/1.1" 200 -
  [06:03:07] [  http] "GET /api/aegis/recent-events?limit=15 HTTP/1.1" 200 -
  [06:03:07] [  http] "GET /api/status HTTP/1.1" 200 -
  [06:03:07] [  http] "GET /api/session HTTP/1.1" 200 -
  [06:03:07] [  http] "GET /api/sessions HTTP/1.1" 200 -
  [06:03:07] [  http] "GET /api/aegis/stats?hours=24 HTTP/1.1" 200 -
  [06:03:07] [  http] "GET /api/aegis/healing-log?limit=15 HTTP/1.1" 200 -
  [06:03:07] [  http] "GET /api/aegis/recent-events?limit=15 HTTP/1.1" 200 -
  [06:03:08] [  http] "GET /api/drift HTTP/1.1" 200 -
  [06:03:08] [  http] "GET /api/aegis/stats?hours=24 HTTP/1.1" 200 -
  [06:03:08] [  http] "GET /api/aegis/healing-log?limit=15 HTTP/1.1" 200 -
  [06:03:08] [  http] "GET /api/aegis/recent-events?limit=15 HTTP/1.1" 200 -
  [06:03:08] [  http] "GET /api/drift HTTP/1.1" 200 -
  [06:03:09] [  http] "GET /api/status HTTP/1.1" 200 -
  [06:03:09] [  http] "GET /api/session HTTP/1.1" 200 -
  [06:03:09] [  http] "GET /api/governor HTTP/1.1" 200 -
  [06:03:09] [  http] "GET /api/sessions HTTP/1.1" 200 -
  [06:03:09] [  http] "GET /api/drift HTTP/1.1" 200 -
  [06:03:10] [  http] "GET /api/governor HTTP/1.1" 200 -
  [06:03:11] [  http] "GET /api/drift HTTP/1.1" 200 -
  [06:03:12] [  http] "GET /api/aegis/stats?hours=24 HTTP/1.1" 200 -
  [06:03:12] [  http] "GET /api/drift HTTP/1.1" 200 -
  [06:03:12] [  http] "GET /api/status HTTP/1.1" 200 -
  [06:03:12] [  http] "GET /api/governor HTTP/1.1" 200 -
  [06:03:12] [  http] "GET /api/session HTTP/1.1" 200 -
  [06:03:12] [  http] "GET /api/sessions HTTP/1.1" 200 -
  [06:03:12] [  http] "GET /api/aegis/stats?hours=24 HTTP/1.1" 200 -
  [06:03:12] [  http] "GET /api/drift HTTP/1.1" 200 -
  [06:03:13] [  http] "GET /api/aegis/stats?hours=24 HTTP/1.1" 200 -
  [06:03:14] [  http] "GET /api/drift HTTP/1.1" 200 -
  [OV:quantum] ~406 tok, 11.2 tok/s
  [TENSION] xi=0.0915 gamma=0.9162 — primary direct (perspectives agree)
[AAP] disabled via CODETTE_AAP=0 (ablation)
[PHASE6] Done: 573 chars, 743 tokens
  [MEMORY] [generation] baseline=3236MB peak=3482MB (+246 transient) retained=-11MB in 68.7s (263 samples)
  [WORKER] Got result: response=573 chars, adapter=newton
  [06:03:14] [  http] "GET /api/drift HTTP/1.1" 200 -
  [COGNITION] ξ=0.0915 Γ=0.9162 η=0.9495 σ=0.0 fidelity=— P=0.366 (all measured)
  [06:03:15] [  http] "POST /api/chat HTTP/1.1" 200 -
  [06:03:15] [  http] "GET /api/drift HTTP/1.1" 200 -
  [WORKER] Processing query: What is the correct answer to this question: which of the fo...
INFO:reasoning_forge.behavior_governor:[GOVERNOR] Pre: identity=none (conf=0.15), memory=2 cocoons, tokens=400, compression=normal
  [GOVERNOR] identity=none (conf=0.15), memory=2 cocoons, tokens=400, compression=normal
  [WORKER] Using forge bridge (Phase 6/7)
[PHASE6] Query complexity: QueryComplexity.MEDIUM
[PHASE7] Route: debate,semantic_tension,specialization_tracking,memory_weighting,gamma_monitoring,synthesis
  [06:03:17] [  http] "GET /api/drift HTTP/1.1" 200 -
  [06:03:17] [  http] "GET /api/aegis/healing-log?limit=15 HTTP/1.1" 200 -
  [06:03:17] [  http] "GET /api/aegis/recent-events?limit=15 HTTP/1.1" 200 -
  [06:03:17] [  http] "GET /api/aegis/stats?hours=24 HTTP/1.1" 200 -
[PHASE6] Domain: chemistry, max_adapters: 2

  [OV] Route: newton + quantum (conf=0.86, keyword)
  [06:03:17] [  http] "GET /api/aegis/stats?hours=24 HTTP/1.1" 200 -
  [06:03:17] [  http] "GET /api/drift HTTP/1.1" 200 -
  [06:03:17] [  http] "GET /api/aegis/healing-log?limit=15 HTTP/1.1" 200 -
  [06:03:17] [  http] "GET /api/aegis/recent-events?limit=15 HTTP/1.1" 200 -
  [06:03:18] [  http] "GET /api/aegis/stats?hours=24 HTTP/1.1" 200 -
  [06:03:18] [  http] "GET /api/aegis/healing-log?limit=15 HTTP/1.1" 200 -
  [06:03:18] [  http] "GET /api/aegis/recent-events?limit=15 HTTP/1.1" 200 -
  [06:03:18] [  http] "GET /api/drift HTTP/1.1" 200 -
  [06:03:19] [  http] "GET /api/governor HTTP/1.1" 200 -
  [06:03:20] [heartbeat] up 13m30s · model=ready · inferring · pending=0
  [06:03:20] [  http] "GET /api/drift HTTP/1.1" 200 -
  [06:03:20] [  http] "GET /api/status HTTP/1.1" 200 -
  [06:03:20] [  http] "GET /api/session HTTP/1.1" 200 -
  [06:03:20] [  http] "GET /api/sessions HTTP/1.1" 200 -
  [06:03:20] [  http] "GET /api/governor HTTP/1.1" 200 -
  [06:03:21] [  http] "GET /api/drift HTTP/1.1" 200 -
  [06:03:21] [  http] "GET /api/drift HTTP/1.1" 200 -
  [06:03:21] [  http] "GET /api/aegis/stats?hours=24 HTTP/1.1" 200 -
  [06:03:22] [  http] "GET /api/governor HTTP/1.1" 200 -
  [06:03:22] [  http] "GET /api/aegis/stats?hours=24 HTTP/1.1" 200 -
  [06:03:23] [  http] "GET /api/status HTTP/1.1" 200 -
  [06:03:23] [  http] "GET /api/drift HTTP/1.1" 200 -
  [06:03:23] [  http] "GET /api/aegis/stats?hours=24 HTTP/1.1" 200 -
  [06:03:23] [  http] "GET /api/session HTTP/1.1" 200 -
  [06:03:23] [  http] "GET /api/sessions HTTP/1.1" 200 -
  [06:03:23] [  http] "GET /api/drift HTTP/1.1" 200 -
  [06:03:24] [  http] "GET /api/status HTTP/1.1" 200 -
  [06:03:24] [  http] "GET /api/session HTTP/1.1" 200 -
  [06:03:24] [  http] "GET /api/sessions HTTP/1.1" 200 -
  [06:03:24] [  http] "GET /api/drift HTTP/1.1" 200 -
  [06:03:25] [  http] "GET /api/drift HTTP/1.1" 200 -
  [06:03:27] [  http] "GET /api/aegis/stats?hours=24 HTTP/1.1" 200 -
  [06:03:27] [  http] "GET /api/aegis/healing-log?limit=15 HTTP/1.1" 200 -
  [06:03:27] [  http] "GET /api/aegis/recent-events?limit=15 HTTP/1.1" 200 -
  [06:03:27] [  http] "GET /api/drift HTTP/1.1" 200 -
  [06:03:27] [  http] "GET /api/status HTTP/1.1" 200 -
  [06:03:27] [  http] "GET /api/session HTTP/1.1" 200 -
  [06:03:27] [  http] "GET /api/sessions HTTP/1.1" 200 -
  [06:03:27] [  http] "GET /api/aegis/stats?hours=24 HTTP/1.1" 200 -
  [06:03:27] [  http] "GET /api/drift HTTP/1.1" 200 -
  [06:03:27] [  http] "GET /api/aegis/recent-events?limit=15 HTTP/1.1" 200 -
  [06:03:27] [  http] "GET /api/aegis/healing-log?limit=15 HTTP/1.1" 200 -
  [06:03:28] [  http] "GET /api/aegis/stats?hours=24 HTTP/1.1" 200 -
  [06:03:28] [  http] "GET /api/aegis/recent-events?limit=15 HTTP/1.1" 200 -
  [06:03:28] [  http] "GET /api/aegis/healing-log?limit=15 HTTP/1.1" 200 -
  [06:03:28] [  http] "GET /api/drift HTTP/1.1" 200 -
  [06:03:29] [  http] "GET /api/governor HTTP/1.1" 200 -
  [06:03:29] [  http] "GET /api/drift HTTP/1.1" 200 -
  [06:03:30] [  http] "GET /api/governor HTTP/1.1" 200 -
  [06:03:30] [  http] "GET /api/drift HTTP/1.1" 200 -
  [06:03:31] [  http] "GET /api/drift HTTP/1.1" 200 -
  [06:03:32] [  http] "GET /api/aegis/stats?hours=24 HTTP/1.1" 200 -
  [06:03:32] [  http] "GET /api/governor HTTP/1.1" 200 -
  [06:03:32] [  http] "GET /api/drift HTTP/1.1" 200 -
  [06:03:32] [  http] "GET /api/aegis/stats?hours=24 HTTP/1.1" 200 -
  [06:03:33] [  http] "GET /api/aegis/stats?hours=24 HTTP/1.1" 200 -
  [06:03:33] [  http] "GET /api/drift HTTP/1.1" 200 -
  [06:03:35] [  http] "GET /api/drift HTTP/1.1" 200 -
  [06:03:35] [  http] "GET /api/drift HTTP/1.1" 200 -
  [06:03:35] [  http] "GET /api/aegis/stats?hours=24 HTTP/1.1" 200 -
  [06:03:35] [  http] "GET /api/aegis/healing-log?limit=15 HTTP/1.1" 200 -
  [06:03:35] [  http] "GET /api/aegis/recent-events?limit=15 HTTP/1.1" 200 -
  [06:03:35] [  http] "GET /api/governor HTTP/1.1" 200 -
  [06:03:35] [  http] "GET /api/status HTTP/1.1" 200 -
  [06:03:35] [  http] "GET /api/session HTTP/1.1" 200 -
  [06:03:35] [  http] "GET /api/sessions HTTP/1.1" 200 -
  [06:03:35] [  http] "GET /api/drift HTTP/1.1" 200 -
  [06:03:36] [  http] "GET /api/drift HTTP/1.1" 200 -
  [06:03:37] [  http] "GET /api/aegis/stats?hours=24 HTTP/1.1" 200 -
  [06:03:37] [  http] "GET /api/aegis/healing-log?limit=15 HTTP/1.1" 200 -
  [06:03:37] [  http] "GET /api/aegis/recent-events?limit=15 HTTP/1.1" 200 -
  [06:03:37] [  http] "GET /api/aegis/stats?hours=24 HTTP/1.1" 200 -
  [06:03:37] [  http] "GET /api/aegis/healing-log?limit=15 HTTP/1.1" 200 -
  [06:03:37] [  http] "GET /api/aegis/recent-events?limit=15 HTTP/1.1" 200 -
  [06:03:38] [  http] "GET /api/drift HTTP/1.1" 200 -
  [06:03:38] [  http] "GET /api/aegis/stats?hours=24 HTTP/1.1" 200 -
  [06:03:38] [  http] "GET /api/aegis/healing-log?limit=15 HTTP/1.1" 200 -
  [06:03:38] [  http] "GET /api/aegis/recent-events?limit=15 HTTP/1.1" 200 -
  [06:03:38] [  http] "GET /api/drift HTTP/1.1" 200 -
  [OV:newton] ~175 tok, 8.0 tok/s
  [06:03:39] [  http] "GET /api/status HTTP/1.1" 200 -
  [06:03:39] [  http] "GET /api/status HTTP/1.1" 200 -
  [06:03:39] [  http] "GET /api/governor HTTP/1.1" 200 -
  [06:03:39] [  http] "GET /api/session HTTP/1.1" 200 -
  [06:03:39] [  http] "GET /api/session HTTP/1.1" 200 -
  [06:03:39] [  http] "GET /api/drift HTTP/1.1" 200 -
  [06:03:39] [  http] "GET /api/sessions HTTP/1.1" 200 -
  [06:03:39] [  http] "GET /api/sessions HTTP/1.1" 200 -
  [06:03:40] [  http] "GET /api/governor HTTP/1.1" 200 -
  [06:03:41] [  http] "GET /api/drift HTTP/1.1" 200 -
  [06:03:41] [  http] "GET /api/aegis/stats?hours=24 HTTP/1.1" 200 -
  [06:03:42] [  http] "GET /api/drift HTTP/1.1" 200 -
  [06:03:42] [  http] "GET /api/governor HTTP/1.1" 200 -
  [06:03:42] [  http] "GET /api/aegis/stats?hours=24 HTTP/1.1" 200 -
  [06:03:42] [  http] "GET /api/status HTTP/1.1" 200 -
  [06:03:42] [  http] "GET /api/session HTTP/1.1" 200 -
  [06:03:42] [  http] "GET /api/drift HTTP/1.1" 200 -
  [06:03:43] [  http] "GET /api/sessions HTTP/1.1" 200 -
  [06:03:43] [  http] "GET /api/aegis/stats?hours=24 HTTP/1.1" 200 -
  [06:03:44] [  http] "GET /api/drift HTTP/1.1" 200 -
  [06:03:44] [  http] "GET /api/drift HTTP/1.1" 200 -
  [06:03:45] [  http] "GET /api/drift HTTP/1.1" 200 -
  [06:03:47] [  http] "GET /api/drift HTTP/1.1" 200 -
  [06:03:47] [  http] "GET /api/aegis/stats?hours=24 HTTP/1.1" 200 -
  [06:03:47] [  http] "GET /api/aegis/healing-log?limit=15 HTTP/1.1" 200 -
  [06:03:47] [  http] "GET /api/aegis/recent-events?limit=15 HTTP/1.1" 200 -
  [06:03:47] [  http] "GET /api/aegis/stats?hours=24 HTTP/1.1" 200 -
  [06:03:47] [  http] "GET /api/drift HTTP/1.1" 200 -
  [06:03:47] [  http] "GET /api/aegis/healing-log?limit=15 HTTP/1.1" 200 -
  [06:03:47] [  http] "GET /api/aegis/recent-events?limit=15 HTTP/1.1" 200 -
  [06:03:48] [  http] "GET /api/aegis/stats?hours=24 HTTP/1.1" 200 -
  [06:03:48] [  http] "GET /api/aegis/healing-log?limit=15 HTTP/1.1" 200 -
  [06:03:48] [  http] "GET /api/aegis/recent-events?limit=15 HTTP/1.1" 200 -
  [06:03:48] [  http] "GET /api/drift HTTP/1.1" 200 -
  [06:03:49] [  http] "GET /api/governor HTTP/1.1" 200 -
  [06:03:50] [heartbeat] up 14m00s · model=ready · inferring · pending=0
  [06:03:50] [  http] "GET /api/drift HTTP/1.1" 200 -
  [06:03:50] [  http] "GET /api/status HTTP/1.1" 200 -
  [06:03:50] [  http] "GET /api/session HTTP/1.1" 200 -
  [06:03:50] [  http] "GET /api/sessions HTTP/1.1" 200 -
  [06:03:50] [  http] "GET /api/governor HTTP/1.1" 200 -
  [06:03:51] [  http] "GET /api/drift HTTP/1.1" 200 -
  [06:03:51] [  http] "GET /api/drift HTTP/1.1" 200 -
  [06:03:51] [  http] "GET /api/aegis/stats?hours=24 HTTP/1.1" 200 -
  [06:03:52] [  http] "GET /api/governor HTTP/1.1" 200 -
  [06:03:52] [  http] "GET /api/aegis/stats?hours=24 HTTP/1.1" 200 -
  [06:03:53] [  http] "GET /api/drift HTTP/1.1" 200 -
  [06:03:53] [  http] "GET /api/aegis/stats?hours=24 HTTP/1.1" 200 -
  [06:03:53] [  http] "GET /api/drift HTTP/1.1" 200 -
  [06:03:54] [  http] "GET /api/status HTTP/1.1" 200 -
  [06:03:54] [  http] "GET /api/session HTTP/1.1" 200 -
  [06:03:54] [  http] "GET /api/sessions HTTP/1.1" 200 -
  [06:03:54] [  http] "GET /api/drift HTTP/1.1" 200 -
  [06:03:55] [  http] "GET /api/status HTTP/1.1" 200 -
  [06:03:55] [  http] "GET /api/session HTTP/1.1" 200 -
  [06:03:55] [  http] "GET /api/sessions HTTP/1.1" 200 -
  [06:03:55] [  http] "GET /api/drift HTTP/1.1" 200 -
  [OV:quantum] ~123 tok, 7.1 tok/s
  [TENSION] xi=0.0712 gamma=0.9336 — primary direct (perspectives agree)
[AAP] disabled via CODETTE_AAP=0 (ablation)
[PHASE6] Done: 1204 chars, 298 tokens
  [MEMORY] [generation] baseline=3225MB peak=3453MB (+228 transient) retained=+91MB in 39.2s (150 samples)
  [WORKER] Got result: response=1204 chars, adapter=newton
  [COGNITION] ξ=0.0712 Γ=0.9336 η=0.9558 σ=0.0 fidelity=— P=0.398 (all measured)
  [06:03:56] [  http] "POST /api/chat HTTP/1.1" 200 -
  [06:03:56] [  http] "GET /api/aegis/stats?hours=24 HTTP/1.1" 200 -
  [06:03:57] [  http] "GET /api/aegis/recent-events?limit=15 HTTP/1.1" 200 -
  [06:03:57] [  http] "GET /api/aegis/healing-log?limit=15 HTTP/1.1" 200 -
  [06:03:57] [  http] "GET /api/drift HTTP/1.1" 200 -
  [06:03:57] [  http] "GET /api/aegis/stats?hours=24 HTTP/1.1" 200 -
  [06:03:57] [  http] "GET /api/aegis/healing-log?limit=15 HTTP/1.1" 200 -
  [06:03:57] [  http] "GET /api/aegis/recent-events?limit=15 HTTP/1.1" 200 -
  [06:03:57] [  http] "GET /api/drift HTTP/1.1" 200 -
  [06:03:58] [  http] "GET /api/status HTTP/1.1" 200 -
  [06:03:58] [  http] "GET /api/aegis/stats?hours=24 HTTP/1.1" 200 -
  [06:03:58] [  http] "GET /api/aegis/healing-log?limit=15 HTTP/1.1" 200 -
  [06:03:58] [  http] "GET /api/aegis/recent-events?limit=15 HTTP/1.1" 200 -
  [06:03:58] [  http] "GET /api/session HTTP/1.1" 200 -
  [06:03:58] [  http] "GET /api/sessions HTTP/1.1" 200 -
  [WORKER] Processing query: What is the correct answer to this question: Among the follo...
INFO:reasoning_forge.behavior_governor:[GOVERNOR] Pre: identity=none (conf=0.15), memory=2 cocoons, tokens=400, compression=normal
  [GOVERNOR] identity=none (conf=0.15), memory=2 cocoons, tokens=400, compression=normal
  [WORKER] Using forge bridge (Phase 6/7)
[PHASE6] Query complexity: QueryComplexity.MEDIUM
[PHASE7] Route: debate,semantic_tension,specialization_tracking,memory_weighting,gamma_monitoring,synthesis
[PHASE6] Domain: chemistry, max_adapters: 2

  [OV] Route: newton + quantum (conf=0.83, keyword)
  [06:03:59] [  http] "GET /api/drift HTTP/1.1" 200 -
  [06:03:59] [  http] "GET /api/governor HTTP/1.1" 200 -
  [06:03:59] [  http] "GET /api/drift HTTP/1.1" 200 -
  [06:04:00] [  http] "GET /api/governor HTTP/1.1" 200 -
  [06:04:00] [  http] "GET /api/drift HTTP/1.1" 200 -
  [06:04:01] [  http] "GET /api/drift HTTP/1.1" 200 -
  [06:04:02] [  http] "GET /api/aegis/stats?hours=24 HTTP/1.1" 200 -
  [06:04:02] [  http] "GET /api/governor HTTP/1.1" 200 -
  [06:04:02] [  http] "GET /api/drift HTTP/1.1" 200 -
  [06:04:02] [  http] "GET /api/aegis/stats?hours=24 HTTP/1.1" 200 -
  [06:04:03] [  http] "GET /api/aegis/stats?hours=24 HTTP/1.1" 200 -
  [06:04:03] [  http] "GET /api/drift HTTP/1.1" 200 -
  [06:04:05] [  http] "GET /api/drift HTTP/1.1" 200 -
  [06:04:05] [  http] "GET /api/status HTTP/1.1" 200 -
  [06:04:05] [  http] "GET /api/session HTTP/1.1" 200 -
  [06:04:05] [  http] "GET /api/sessions HTTP/1.1" 200 -
  [06:04:06] [  http] "GET /api/drift HTTP/1.1" 200 -
  [06:04:06] [  http] "GET /api/drift HTTP/1.1" 200 -
  [06:04:06] [  http] "GET /api/aegis/stats?hours=24 HTTP/1.1" 200 -
  [06:04:07] [  http] "GET /api/aegis/healing-log?limit=15 HTTP/1.1" 200 -
  [06:04:07] [  http] "GET /api/aegis/recent-events?limit=15 HTTP/1.1" 200 -
  [06:04:07] [  http] "GET /api/aegis/stats?hours=24 HTTP/1.1" 200 -
  [06:04:07] [  http] "GET /api/aegis/healing-log?limit=15 HTTP/1.1" 200 -
  [06:04:07] [  http] "GET /api/aegis/recent-events?limit=15 HTTP/1.1" 200 -
  [06:04:08] [  http] "GET /api/drift HTTP/1.1" 200 -
  [06:04:08] [  http] "GET /api/aegis/stats?hours=24 HTTP/1.1" 200 -
  [06:04:08] [  http] "GET /api/aegis/healing-log?limit=15 HTTP/1.1" 200 -
  [06:04:08] [  http] "GET /api/aegis/recent-events?limit=15 HTTP/1.1" 200 -
  [06:04:09] [  http] "GET /api/drift HTTP/1.1" 200 -
  [06:04:09] [  http] "GET /api/governor HTTP/1.1" 200 -
  [06:04:09] [  http] "GET /api/status HTTP/1.1" 200 -
  [06:04:09] [  http] "GET /api/drift HTTP/1.1" 200 -
  [06:04:09] [  http] "GET /api/session HTTP/1.1" 200 -
  [06:04:10] [  http] "GET /api/sessions HTTP/1.1" 200 -
  [06:04:10] [  http] "GET /api/governor HTTP/1.1" 200 -
  [06:04:11] [  http] "GET /api/drift HTTP/1.1" 200 -
  [06:04:11] [  http] "GET /api/status HTTP/1.1" 200 -
  [06:04:11] [  http] "GET /api/session HTTP/1.1" 200 -
  [06:04:11] [  http] "GET /api/sessions HTTP/1.1" 200 -
  [06:04:11] [  http] "GET /api/aegis/stats?hours=24 HTTP/1.1" 200 -
  [06:04:12] [  http] "GET /api/drift HTTP/1.1" 200 -
  [06:04:12] [  http] "GET /api/governor HTTP/1.1" 200 -
  [06:04:12] [  http] "GET /api/aegis/stats?hours=24 HTTP/1.1" 200 -
  [06:04:12] [  http] "GET /api/drift HTTP/1.1" 200 -
  [06:04:13] [  http] "GET /api/status HTTP/1.1" 200 -
  [06:04:13] [  http] "GET /api/aegis/stats?hours=24 HTTP/1.1" 200 -
  [06:04:13] [  http] "GET /api/session HTTP/1.1" 200 -
  [06:04:13] [  http] "GET /api/sessions HTTP/1.1" 200 -
  [06:04:14] [  http] "GET /api/drift HTTP/1.1" 200 -
  [06:04:14] [  http] "GET /api/drift HTTP/1.1" 200 -
  [06:04:15] [  http] "GET /api/drift HTTP/1.1" 200 -
  [06:04:17] [  http] "GET /api/drift HTTP/1.1" 200 -
  [06:04:17] [  http] "GET /api/aegis/healing-log?limit=15 HTTP/1.1" 200 -
  [06:04:17] [  http] "GET /api/aegis/stats?hours=24 HTTP/1.1" 200 -
  [06:04:17] [  http] "GET /api/aegis/recent-events?limit=15 HTTP/1.1" 200 -
  [06:04:17] [  http] "GET /api/aegis/stats?hours=24 HTTP/1.1" 200 -
  [06:04:17] [  http] "GET /api/drift HTTP/1.1" 200 -
  [06:04:17] [  http] "GET /api/aegis/healing-log?limit=15 HTTP/1.1" 200 -
  [06:04:17] [  http] "GET /api/aegis/recent-events?limit=15 HTTP/1.1" 200 -
  [06:04:18] [  http] "GET /api/aegis/stats?hours=24 HTTP/1.1" 200 -
  [06:04:18] [  http] "GET /api/aegis/healing-log?limit=15 HTTP/1.1" 200 -
  [06:04:18] [  http] "GET /api/aegis/recent-events?limit=15 HTTP/1.1" 200 -
  [06:04:18] [  http] "GET /api/drift HTTP/1.1" 200 -
  [06:04:19] [  http] "GET /api/governor HTTP/1.1" 200 -
  [06:04:20] [heartbeat] up 14m30s · model=ready · inferring · pending=0
  [06:04:20] [  http] "GET /api/drift HTTP/1.1" 200 -
  [06:04:20] [  http] "GET /api/status HTTP/1.1" 200 -
  [06:04:20] [  http] "GET /api/session HTTP/1.1" 200 -
  [06:04:20] [  http] "GET /api/sessions HTTP/1.1" 200 -
  [06:04:20] [  http] "GET /api/governor HTTP/1.1" 200 -
  [06:04:21] [  http] "GET /api/drift HTTP/1.1" 200 -
  [06:04:21] [  http] "GET /api/drift HTTP/1.1" 200 -
  [06:04:21] [  http] "GET /api/aegis/stats?hours=24 HTTP/1.1" 200 -
  [06:04:22] [  http] "GET /api/governor HTTP/1.1" 200 -
  [06:04:22] [  http] "GET /api/aegis/stats?hours=24 HTTP/1.1" 200 -
  [06:04:23] [  http] "GET /api/drift HTTP/1.1" 200 -
  [06:04:23] [  http] "GET /api/aegis/stats?hours=24 HTTP/1.1" 200 -
  [06:04:23] [  http] "GET /api/drift HTTP/1.1" 200 -
  [06:04:24] [  http] "GET /api/drift HTTP/1.1" 200 -
  [06:04:25] [  http] "GET /api/status HTTP/1.1" 200 -
  [06:04:25] [  http] "GET /api/session HTTP/1.1" 200 -
  [06:04:25] [  http] "GET /api/sessions HTTP/1.1" 200 -
  [06:04:25] [  http] "GET /api/drift HTTP/1.1" 200 -
  [06:04:27] [  http] "GET /api/aegis/stats?hours=24 HTTP/1.1" 200 -
  [06:04:27] [  http] "GET /api/aegis/recent-events?limit=15 HTTP/1.1" 200 -
  [06:04:27] [  http] "GET /api/aegis/healing-log?limit=15 HTTP/1.1" 200 -
  [06:04:27] [  http] "GET /api/drift HTTP/1.1" 200 -
  [06:04:27] [  http] "GET /api/status HTTP/1.1" 200 -
  [06:04:27] [  http] "GET /api/session HTTP/1.1" 200 -
  [06:04:27] [  http] "GET /api/sessions HTTP/1.1" 200 -
  [06:04:27] [  http] "GET /api/aegis/healing-log?limit=15 HTTP/1.1" 200 -
  [06:04:27] [  http] "GET /api/aegis/stats?hours=24 HTTP/1.1" 200 -
  [06:04:27] [  http] "GET /api/aegis/recent-events?limit=15 HTTP/1.1" 200 -
  [06:04:27] [  http] "GET /api/drift HTTP/1.1" 200 -
  [06:04:28] [  http] "GET /api/status HTTP/1.1" 200 -
  [06:04:28] [  http] "GET /api/aegis/healing-log?limit=15 HTTP/1.1" 200 -
  [06:04:28] [  http] "GET /api/aegis/stats?hours=24 HTTP/1.1" 200 -
  [06:04:28] [  http] "GET /api/aegis/recent-events?limit=15 HTTP/1.1" 200 -
  [06:04:28] [  http] "GET /api/session HTTP/1.1" 200 -
  [06:04:28] [  http] "GET /api/sessions HTTP/1.1" 200 -
  [OV:newton] ~366 tok, 12.2 tok/s
  [06:04:29] [  http] "GET /api/drift HTTP/1.1" 200 -
  [06:04:29] [  http] "GET /api/governor HTTP/1.1" 200 -
  [06:04:29] [  http] "GET /api/drift HTTP/1.1" 200 -
  [06:04:30] [  http] "GET /api/drift HTTP/1.1" 200 -
  [06:04:30] [  http] "GET /api/governor HTTP/1.1" 200 -
  [06:04:31] [  http] "GET /api/drift HTTP/1.1" 200 -
  [06:04:32] [  http] "GET /api/aegis/stats?hours=24 HTTP/1.1" 200 -
  [06:04:32] [  http] "GET /api/governor HTTP/1.1" 200 -
  [06:04:32] [  http] "GET /api/drift HTTP/1.1" 200 -
  [06:04:32] [  http] "GET /api/aegis/stats?hours=24 HTTP/1.1" 200 -
  [06:04:33] [  http] "GET /api/aegis/stats?hours=24 HTTP/1.1" 200 -
  [06:04:33] [  http] "GET /api/drift HTTP/1.1" 200 -
  [06:04:35] [  http] "GET /api/drift HTTP/1.1" 200 -
  [06:04:35] [  http] "GET /api/drift HTTP/1.1" 200 -
  [06:04:35] [  http] "GET /api/aegis/healing-log?limit=15 HTTP/1.1" 200 -
  [06:04:35] [  http] "GET /api/aegis/stats?hours=24 HTTP/1.1" 200 -
  [06:04:35] [  http] "GET /api/aegis/recent-events?limit=15 HTTP/1.1" 200 -
  [06:04:35] [  http] "GET /api/governor HTTP/1.1" 200 -
  [06:04:35] [  http] "GET /api/status HTTP/1.1" 200 -
  [06:04:35] [  http] "GET /api/session HTTP/1.1" 200 -
  [06:04:35] [  http] "GET /api/sessions HTTP/1.1" 200 -
  [06:04:35] [  http] "GET /api/drift HTTP/1.1" 200 -
  [06:04:36] [  http] "GET /api/drift HTTP/1.1" 200 -
  [06:04:37] [  http] "GET /api/aegis/stats?hours=24 HTTP/1.1" 200 -
  [06:04:37] [  http] "GET /api/aegis/healing-log?limit=15 HTTP/1.1" 200 -
  [06:04:37] [  http] "GET /api/aegis/recent-events?limit=15 HTTP/1.1" 200 -
  [06:04:37] [  http] "GET /api/aegis/healing-log?limit=15 HTTP/1.1" 200 -
  [06:04:37] [  http] "GET /api/aegis/stats?hours=24 HTTP/1.1" 200 -
  [06:04:37] [  http] "GET /api/aegis/recent-events?limit=15 HTTP/1.1" 200 -
  [06:04:38] [  http] "GET /api/drift HTTP/1.1" 200 -
  [06:04:38] [  http] "GET /api/aegis/stats?hours=24 HTTP/1.1" 200 -
  [06:04:38] [  http] "GET /api/aegis/healing-log?limit=15 HTTP/1.1" 200 -
  [06:04:38] [  http] "GET /api/aegis/recent-events?limit=15 HTTP/1.1" 200 -
  [06:04:38] [  http] "GET /api/drift HTTP/1.1" 200 -
  [06:04:39] [  http] "GET /api/governor HTTP/1.1" 200 -
  [06:04:39] [  http] "GET /api/drift HTTP/1.1" 200 -
  [06:04:40] [  http] "GET /api/status HTTP/1.1" 200 -
  [06:04:40] [  http] "GET /api/session HTTP/1.1" 200 -
  [06:04:40] [  http] "GET /api/sessions HTTP/1.1" 200 -
  [06:04:40] [  http] "GET /api/governor HTTP/1.1" 200 -
  [06:04:40] [  http] "GET /api/drift HTTP/1.1" 200 -
  [06:04:42] [  http] "GET /api/drift HTTP/1.1" 200 -
  [06:04:42] [  http] "GET /api/aegis/stats?hours=24 HTTP/1.1" 200 -
  [06:04:42] [  http] "GET /api/governor HTTP/1.1" 200 -
  [06:04:42] [  http] "GET /api/aegis/stats?hours=24 HTTP/1.1" 200 -
  [06:04:42] [  http] "GET /api/drift HTTP/1.1" 200 -
  [06:04:43] [  http] "GET /api/status HTTP/1.1" 200 -
  [06:04:43] [  http] "GET /api/aegis/stats?hours=24 HTTP/1.1" 200 -
  [06:04:43] [  http] "GET /api/session HTTP/1.1" 200 -
  [06:04:43] [  http] "GET /api/status HTTP/1.1" 200 -
  [06:04:43] [  http] "GET /api/sessions HTTP/1.1" 200 -
  [06:04:43] [  http] "GET /api/session HTTP/1.1" 200 -
  [06:04:43] [  http] "GET /api/sessions HTTP/1.1" 200 -
  [06:04:44] [  http] "GET /api/drift HTTP/1.1" 200 -
  [06:04:44] [  http] "GET /api/drift HTTP/1.1" 200 -
  [06:04:45] [  http] "GET /api/drift HTTP/1.1" 200 -
  [06:04:47] [  http] "GET /api/drift HTTP/1.1" 200 -
  [06:04:47] [  http] "GET /api/aegis/stats?hours=24 HTTP/1.1" 200 -
  [06:04:47] [  http] "GET /api/aegis/healing-log?limit=15 HTTP/1.1" 200 -
  [06:04:47] [  http] "GET /api/aegis/recent-events?limit=15 HTTP/1.1" 200 -
  [06:04:47] [  http] "GET /api/aegis/stats?hours=24 HTTP/1.1" 200 -
  [06:04:47] [  http] "GET /api/drift HTTP/1.1" 200 -
  [06:04:47] [  http] "GET /api/aegis/recent-events?limit=15 HTTP/1.1" 200 -
  [06:04:47] [  http] "GET /api/aegis/healing-log?limit=15 HTTP/1.1" 200 -
  [06:04:48] [  http] "GET /api/aegis/stats?hours=24 HTTP/1.1" 200 -
  [06:04:48] [  http] "GET /api/aegis/recent-events?limit=15 HTTP/1.1" 200 -
  [06:04:48] [  http] "GET /api/aegis/healing-log?limit=15 HTTP/1.1" 200 -
  [06:04:48] [  http] "GET /api/drift HTTP/1.1" 200 -
  [06:04:49] [  http] "GET /api/governor HTTP/1.1" 200 -
  [06:04:50] [heartbeat] up 15m00s · model=ready · inferring · pending=0
  [06:04:50] [  http] "GET /api/drift HTTP/1.1" 200 -
  [06:04:50] [  http] "GET /api/status HTTP/1.1" 200 -
  [06:04:50] [  http] "GET /api/session HTTP/1.1" 200 -
  [06:04:50] [  http] "GET /api/sessions HTTP/1.1" 200 -
  [06:04:51] [  http] "GET /api/governor HTTP/1.1" 200 -
  [06:04:51] [  http] "GET /api/drift HTTP/1.1" 200 -
  [06:04:51] [  http] "GET /api/drift HTTP/1.1" 200 -
  [OV:quantum] ~286 tok, 12.4 tok/s
  [TENSION] xi=0.0647 gamma=0.9392 — primary direct (perspectives agree)
[AAP] disabled via CODETTE_AAP=0 (ablation)
[PHASE6] Done: 1999 chars, 652 tokens
  [MEMORY] [generation] baseline=3106MB peak=3309MB (+203 transient) retained=-1280MB in 53.2s (204 samples)
  [WORKER] Got result: response=1999 chars, adapter=newton
  [06:04:51] [  http] "GET /api/aegis/stats?hours=24 HTTP/1.1" 200 -
  [COGNITION] ξ=0.0647 Γ=0.9392 η=0.9601 σ=0.0 fidelity=— P=0.349 (all measured)
  [GLYPH] formed ['newton', 'quantum'] (turn 8, 2 total this session)
  [06:04:52] [  http] "POST /api/chat HTTP/1.1" 200 -
  [06:04:52] [  http] "GET /api/governor HTTP/1.1" 200 -
