INFO:codette_core:[codette_core] Rust extension loaded — FFT running at native speed
  Identity anchor loaded (1 known identities)
  Behavior Governor loaded (identity + memory + cognitive load governance)
INFO:reasoning_forge.unified_memory:UnifiedMemory: 2840 cocoons in J:\codette-clean\data\codette_memory.db
  Unified Memory loaded (2840 cocoons, FTS5 active)
============================================================
  CODETTE WEB UI
============================================================
  Session: cba7bbc61e13e293
  Cocoon: spiderweb=True, metrics=True
  Started 1 worker thread for serial inference
  Started cleanup thread for queue maintenance
  Started worker health monitor thread
  Started heartbeat thread (liveness line every 30s)

  Server: http://localhost:7860
  Press Ctrl+C to stop

  Model loading in background (takes ~60s on first startup)...
  [BACKEND] using backend='openvino' (CODETTE_BACKEND=None)
  [BACKEND] server __file__=J:\codette-clean\inference\codette_server.py

  Loading CodetteOrchestrator (backend: openvino)...
  [05:31:28] [  http] "GET /api/governor HTTP/1.1" 200 -
  [05:31:28] [  http] "GET /api/aegis/stats?hours=24 HTTP/1.1" 200 -
  [05:31:28] [  http] "GET /api/drift HTTP/1.1" 200 -
  [05:31:28] [  http] "GET /api/aegis/healing-log?limit=15 HTTP/1.1" 200 -
  [05:31:28] [  http] "GET /api/aegis/recent-events?limit=15 HTTP/1.1" 200 -
  [05:31:28] [  http] "GET /api/status HTTP/1.1" 200 -
  [05:31:29] [  http] "GET /api/status HTTP/1.1" 200 -
  [05:31:29] [  http] "GET /api/aegis/stats?hours=24 HTTP/1.1" 200 -
  [05:31:29] [  http] "GET /api/governor HTTP/1.1" 200 -
  [05:31:29] [  http] "GET /api/drift HTTP/1.1" 200 -
  [05:31:29] [  http] "GET /api/aegis/healing-log?limit=15 HTTP/1.1" 200 -
  [05:31:29] [  http] "GET /api/aegis/recent-events?limit=15 HTTP/1.1" 200 -
  Memory weighting loaded (unified cocoon feedback active)
  [05:31:29] [  http] "GET /api/aegis/stats?hours=24 HTTP/1.1" 200 -
  [05:31:29] [  http] "GET /api/drift HTTP/1.1" 200 -
[OV] Adapters: newton, davinci, empathy, philosophy, quantum, consciousness, multi_perspective, systems_architecture, constraint_tracker, orchestrator, newton-star, newton-star-hard, newton-star-r
  [05:31:30] [  http] "GET /api/drift HTTP/1.1" 200 -
  [05:31:30] [  http] "GET /api/drift HTTP/1.1" 200 -
  [05:31:30] [  http] "GET /api/drift HTTP/1.1" 200 -
  [05:31:31] [  http] "GET /api/status HTTP/1.1" 200 -
  [05:31:31] [  http] "GET /api/drift HTTP/1.1" 200 -
  [05:31:31] [  http] "GET /api/status HTTP/1.1" 200 -
  [05:31:31] [  http] "GET /api/drift HTTP/1.1" 200 -
  [05:31:31] [  http] "GET /api/drift HTTP/1.1" 200 -
  [05:31:32] [  http] "GET /api/drift HTTP/1.1" 200 -
  [05:31:32] [  http] "GET /api/drift HTTP/1.1" 200 -
  [05:31:32] [  http] "GET /api/drift HTTP/1.1" 200 -
  [05:31:32] [  http] "GET /api/aegis/stats?hours=24 HTTP/1.1" 200 -
  [05:31:33] [  http] "GET /api/drift HTTP/1.1" 200 -
  [05:31:33] [  http] "GET /api/status HTTP/1.1" 200 -
[OV] MODEL_DIR=J:\codette-clean\openvino_backend\llama-3.1-8b-instruct-int4
[OV] MODEL_DIR exists=True
[OV] Loading llama-3.1-8b-instruct-int4 on AUTO...
  [05:31:33] [  http] "GET /api/aegis/stats?hours=24 HTTP/1.1" 200 -
  [05:31:33] [  http] "GET /api/status HTTP/1.1" 200 -
  [05:31:33] [  http] "GET /api/drift HTTP/1.1" 200 -
  [05:31:34] [  http] "GET /api/status HTTP/1.1" 200 -
  [05:31:34] [  http] "GET / HTTP/1.1" 200 -
  [05:31:34] [  http] "GET /api/aegis/stats?hours=24 HTTP/1.1" 200 -
  [05:31:34] [  http] "GET /api/drift HTTP/1.1" 200 -
  [05:31:34] [  http] "GET /api/aegis/healing-log?limit=15 HTTP/1.1" 200 -
  [05:31:34] [  http] "GET /api/aegis/recent-events?limit=15 HTTP/1.1" 200 -
  [05:31:35] [  http] "GET /api/drift HTTP/1.1" 200 -
  [05:31:35] [  http] "GET /api/status HTTP/1.1" 200 -
  [05:31:35] [  http] "GET /api/sessions HTTP/1.1" 200 -
  [05:31:35] [  http] "GET /api/aegis/stats?hours=24 HTTP/1.1" 200 -
  [05:31:35] [  http] "GET /api/drift HTTP/1.1" 200 -
  [05:31:35] [  http] "GET /api/aegis/healing-log?limit=15 HTTP/1.1" 200 -
  [05:31:35] [  http] "GET /api/aegis/recent-events?limit=15 HTTP/1.1" 200 -
  [05:31:35] [  http] "GET /api/governor HTTP/1.1" 200 -
  [05:31:35] [  http] "GET /api/status HTTP/1.1" 200 -
  [05:31:36] [  http] "GET /api/status HTTP/1.1" 200 -
  [05:31:36] [  http] "GET /api/drift HTTP/1.1" 200 -
  [05:31:37] [  http] "GET /api/status HTTP/1.1" 200 -
  [05:31:38] [  http] "GET /api/status HTTP/1.1" 200 -
  [05:31:38] [  http] "GET /api/drift HTTP/1.1" 200 -
  [05:31:38] [  http] "GET /api/governor HTTP/1.1" 200 -
  [05:31:38] [  http] "GET /api/aegis/stats?hours=24 HTTP/1.1" 200 -
  [05:31:38] [  http] "GET /api/aegis/healing-log?limit=15 HTTP/1.1" 200 -
  [05:31:38] [  http] "GET /api/aegis/recent-events?limit=15 HTTP/1.1" 200 -
  [05:31:39] [  http] "GET /api/status HTTP/1.1" 200 -
  [05:31:39] [  http] "GET /api/drift HTTP/1.1" 200 -
  [05:31:39] [  http] "GET /api/aegis/stats?hours=24 HTTP/1.1" 200 -
  [05:31:39] [  http] "GET /api/governor HTTP/1.1" 200 -
  [05:31:39] [  http] "GET /api/aegis/healing-log?limit=15 HTTP/1.1" 200 -
  [05:31:39] [  http] "GET /api/aegis/recent-events?limit=15 HTTP/1.1" 200 -
  [05:31:39] [  http] "GET /api/status HTTP/1.1" 200 -
  [05:31:42] [  http] "GET /api/drift HTTP/1.1" 200 -
  [05:31:42] [  http] "GET /api/aegis/stats?hours=24 HTTP/1.1" 200 -
  [05:31:42] [  http] "GET /api/governor HTTP/1.1" 200 -
  [05:31:42] [  http] "GET /api/status HTTP/1.1" 200 -
  [05:31:42] [  http] "GET /api/drift HTTP/1.1" 200 -
  [05:31:42] [  http] "GET /api/status HTTP/1.1" 200 -
  [05:31:42] [  http] "GET /api/aegis/stats?hours=24 HTTP/1.1" 200 -
  [05:31:43] [  http] "GET /api/drift HTTP/1.1" 200 -
  [05:31:43] [  http] "GET /api/status HTTP/1.1" 200 -
  [05:31:43] [  http] "GET /api/status HTTP/1.1" 200 -
  [05:31:43] [  http] "GET /api/aegis/stats?hours=24 HTTP/1.1" 200 -
  [05:31:45] [  http] "GET /api/drift HTTP/1.1" 200 -
  [05:31:45] [  http] "GET /api/drift HTTP/1.1" 200 -
  [05:31:45] [  http] "GET /api/aegis/stats?hours=24 HTTP/1.1" 200 -
  [05:31:45] [  http] "GET /api/aegis/healing-log?limit=15 HTTP/1.1" 200 -
  [05:31:45] [  http] "GET /api/aegis/recent-events?limit=15 HTTP/1.1" 200 -
  [05:31:45] [  http] "GET /api/status HTTP/1.1" 200 -
  [05:31:45] [  http] "GET /api/status HTTP/1.1" 200 -
  [05:31:45] [  http] "GET /api/drift HTTP/1.1" 200 -
  [05:31:45] [  http] "GET /api/status HTTP/1.1" 200 -
  [05:31:46] [  http] "GET /api/status HTTP/1.1" 200 -
  [05:31:46] [  http] "GET /api/drift HTTP/1.1" 200 -
  [05:31:46] [  http] "GET /api/drift HTTP/1.1" 200 -
  [05:31:46] [  http] "GET /api/drift HTTP/1.1" 200 -
  [05:31:47] [  http] "GET /api/status HTTP/1.1" 200 -
  [05:31:47] [  http] "GET /api/governor HTTP/1.1" 200 -
  [05:31:47] [  http] "GET /api/status HTTP/1.1" 200 -
  [05:31:47] [  http] "GET /api/aegis/stats?hours=24 HTTP/1.1" 200 -
  [05:31:47] [  http] "GET /api/aegis/healing-log?limit=15 HTTP/1.1" 200 -
  [05:31:47] [  http] "GET /api/aegis/recent-events?limit=15 HTTP/1.1" 200 -
  [05:31:47] [  http] "GET /api/aegis/stats?hours=24 HTTP/1.1" 200 -
  [05:31:48] [  http] "GET /api/aegis/healing-log?limit=15 HTTP/1.1" 200 -
  [05:31:48] [  http] "GET /api/aegis/recent-events?limit=15 HTTP/1.1" 200 -
  [05:31:48] [  http] "GET /api/status HTTP/1.1" 200 -
  [05:31:48] [  http] "GET /api/status HTTP/1.1" 200 -
  [05:31:48] [  http] "GET /api/drift HTTP/1.1" 200 -
  [05:31:49] [  http] "GET /api/governor HTTP/1.1" 200 -
  [05:31:49] [  http] "GET /api/status HTTP/1.1" 200 -
  [05:31:49] [  http] "GET /api/aegis/stats?hours=24 HTTP/1.1" 200 -
  [05:31:50] [  http] "GET /api/drift HTTP/1.1" 200 -
  [05:31:50] [  http] "GET /api/governor HTTP/1.1" 200 -
  [05:31:50] [  http] "GET /api/drift HTTP/1.1" 200 -
  [05:31:50] [  http] "GET /api/status HTTP/1.1" 200 -
  [05:31:50] [  http] "GET /api/status HTTP/1.1" 200 -
  [05:31:51] [  http] "GET /api/status HTTP/1.1" 200 -
  [05:31:51] [  http] "GET /api/status HTTP/1.1" 200 -
  [05:31:51] [  http] "GET /api/drift HTTP/1.1" 200 -
  [05:31:52] [  http] "GET /api/status HTTP/1.1" 200 -
  [05:31:52] [  http] "GET /api/status HTTP/1.1" 200 -
  [05:31:52] [  http] "GET /api/aegis/stats?hours=24 HTTP/1.1" 200 -
  [05:31:52] [  http] "GET /api/drift HTTP/1.1" 200 -
  [05:31:53] [  http] "GET /api/drift HTTP/1.1" 200 -
  [05:31:53] [  http] "GET /api/aegis/stats?hours=24 HTTP/1.1" 200 -
  [05:31:53] [  http] "GET /api/status HTTP/1.1" 200 -
  [05:31:54] [  http] "GET /api/status HTTP/1.1" 200 -
  [05:31:54] [  http] "GET /api/status HTTP/1.1" 200 -
  [05:31:54] [  http] "GET /api/drift HTTP/1.1" 200 -
  [05:31:54] [  http] "GET /api/aegis/stats?hours=24 HTTP/1.1" 200 -
  [05:31:54] [  http] "GET /api/aegis/healing-log?limit=15 HTTP/1.1" 200 -
  [05:31:55] [  http] "GET /api/aegis/recent-events?limit=15 HTTP/1.1" 200 -
  [05:31:55] [  http] "GET /api/status HTTP/1.1" 200 -
  [05:31:55] [  http] "GET /api/status HTTP/1.1" 200 -
  [05:31:55] [  http] "GET /api/drift HTTP/1.1" 200 -
  [05:31:56] [  http] "GET /api/drift HTTP/1.1" 200 -
  [05:31:56] [  http] "GET /api/status HTTP/1.1" 200 -
  [05:31:57] [  http] "GET /api/status HTTP/1.1" 200 -
  [05:31:57] [  http] "GET /api/status HTTP/1.1" 200 -
  [05:31:57] [  http] "GET /api/governor HTTP/1.1" 200 -
  [05:31:57] [  http] "GET /api/status HTTP/1.1" 200 -
  [05:31:57] [  http] "GET /api/aegis/stats?hours=24 HTTP/1.1" 200 -
  [05:31:57] [  http] "GET /api/aegis/healing-log?limit=15 HTTP/1.1" 200 -
  [05:31:57] [  http] "GET /api/aegis/recent-events?limit=15 HTTP/1.1" 200 -
  [05:31:57] [  http] "GET /api/drift HTTP/1.1" 200 -
  [05:31:58] [  http] "GET /api/aegis/stats?hours=24 HTTP/1.1" 200 -
  [05:31:58] [  http] "GET /api/aegis/healing-log?limit=15 HTTP/1.1" 200 -
  [05:31:58] [  http] "GET /api/aegis/recent-events?limit=15 HTTP/1.1" 200 -
  [05:31:58] [heartbeat] up 0m30s · model=loading · idle · pending=0
  [05:31:58] [  http] "GET /api/drift HTTP/1.1" 200 -
  [05:31:58] [  http] "GET /api/status HTTP/1.1" 200 -
  [05:31:59] [  http] "GET /api/drift HTTP/1.1" 200 -
  [05:31:59] [  http] "GET /api/governor HTTP/1.1" 200 -
  [05:31:59] [  http] "GET /api/status HTTP/1.1" 200 -
  [05:31:59] [  http] "GET /api/aegis/stats?hours=24 HTTP/1.1" 200 -
  [05:31:59] [  http] "GET /api/status HTTP/1.1" 200 -
  [05:31:59] [  http] "GET /api/governor HTTP/1.1" 200 -
  [05:32:00] [  http] "GET /api/status HTTP/1.1" 200 -
  [05:32:00] [  http] "GET /api/drift HTTP/1.1" 200 -
  [05:32:01] [  http] "GET /api/status HTTP/1.1" 200 -
  [05:32:01] [  http] "GET /api/drift HTTP/1.1" 200 -
  [05:32:02] [  http] "GET /api/status HTTP/1.1" 200 -
  [05:32:02] [  http] "GET /api/drift HTTP/1.1" 200 -
  [05:32:02] [  http] "GET /api/status HTTP/1.1" 200 -
  [05:32:02] [  http] "GET /api/aegis/stats?hours=24 HTTP/1.1" 200 -
  [05:32:03] [  http] "GET /api/status HTTP/1.1" 200 -
  [05:32:03] [  http] "GET /api/aegis/stats?hours=24 HTTP/1.1" 200 -
  [05:32:03] [  http] "GET /api/status HTTP/1.1" 200 -
  [05:32:03] [  http] "GET /api/drift HTTP/1.1" 200 -
  [05:32:04] [  http] "GET /api/status HTTP/1.1" 200 -
  [05:32:04] [  http] "GET /api/status HTTP/1.1" 200 -
  [05:32:04] [  http] "GET /api/aegis/stats?hours=24 HTTP/1.1" 200 -
  [05:32:04] [  http] "GET /api/drift HTTP/1.1" 200 -
  [05:32:04] [  http] "GET /api/aegis/healing-log?limit=15 HTTP/1.1" 200 -
  [05:32:04] [  http] "GET /api/aegis/recent-events?limit=15 HTTP/1.1" 200 -
  [05:32:05] [  http] "GET /api/drift HTTP/1.1" 200 -
  [05:32:05] [  http] "GET /api/status HTTP/1.1" 200 -
  [05:32:06] [  http] "GET /api/status HTTP/1.1" 200 -
  [05:32:06] [  http] "GET /api/status HTTP/1.1" 200 -
  [05:32:06] [  http] "GET /api/status HTTP/1.1" 200 -
  [05:32:06] [  http] "GET /api/drift HTTP/1.1" 200 -
  [05:32:07] [  http] "GET /api/status HTTP/1.1" 200 -
  [05:32:07] [  http] "GET /api/drift HTTP/1.1" 200 -
  [05:32:07] [  http] "GET /api/governor HTTP/1.1" 200 -
  [05:32:07] [  http] "GET /api/aegis/stats?hours=24 HTTP/1.1" 200 -
  [05:32:07] [  http] "GET /api/aegis/healing-log?limit=15 HTTP/1.1" 200 -
  [05:32:07] [  http] "GET /api/aegis/recent-events?limit=15 HTTP/1.1" 200 -
  [05:32:08] [  http] "GET /api/drift HTTP/1.1" 200 -
  [05:32:08] [  http] "GET /api/aegis/stats?hours=24 HTTP/1.1" 200 -
  [05:32:08] [  http] "GET /api/aegis/healing-log?limit=15 HTTP/1.1" 200 -
  [05:32:08] [  http] "GET /api/aegis/recent-events?limit=15 HTTP/1.1" 200 -
  [05:32:08] [  http] "GET /api/governor HTTP/1.1" 200 -
  [05:32:08] [  http] "GET /api/health HTTP/1.1" 200 -
  [05:32:08] [  http] "GET /api/health HTTP/1.1" 200 -
  [05:32:08] [  http] "GET /api/health HTTP/1.1" 200 -
  [05:32:08] [  http] "GET /api/health HTTP/1.1" 200 -
  [05:32:09] [  http] "GET /api/status HTTP/1.1" 200 -
  [05:32:09] [  http] "GET /api/status HTTP/1.1" 200 -
  [05:32:09] [  http] "GET /api/status HTTP/1.1" 200 -
  [05:32:09] [  http] "GET /api/health HTTP/1.1" 200 -
  [05:32:09] [  http] "GET /api/status HTTP/1.1" 200 -
  [05:32:09] [  http] "GET /api/aegis/stats?hours=24 HTTP/1.1" 200 -
  [05:32:09] [  http] "GET /api/drift HTTP/1.1" 200 -
  [05:32:10] [  http] "GET /api/governor HTTP/1.1" 200 -
  [05:32:10] [  http] "GET /api/drift HTTP/1.1" 200 -
  [05:32:10] [  http] "GET /api/drift HTTP/1.1" 200 -
  [05:32:11] [  http] "GET /api/status HTTP/1.1" 200 -
  [05:32:11] [  http] "GET /api/status HTTP/1.1" 200 -
  [05:32:11] [  http] "GET /api/status HTTP/1.1" 200 -
  [05:32:12] [  http] "GET /api/status HTTP/1.1" 200 -
  [05:32:12] [  http] "GET /api/aegis/stats?hours=24 HTTP/1.1" 200 -
  [05:32:12] [  http] "GET /api/drift HTTP/1.1" 200 -
  [05:32:13] [  http] "GET / HTTP/1.1" 200 -
  [05:32:13] [  http] "GET /api/aegis/stats?hours=24 HTTP/1.1" 200 -
  [05:32:13] [  http] "GET /api/status HTTP/1.1" 200 -
  [05:32:13] [  http] "GET /api/status HTTP/1.1" 200 -
  [05:32:13] [  http] "GET /api/drift HTTP/1.1" 200 -
  [05:32:14] [  http] "GET /api/drift HTTP/1.1" 200 -
  [05:32:14] [  http] "GET /api/status HTTP/1.1" 200 -
  [05:32:14] [  http] "GET /api/aegis/stats?hours=24 HTTP/1.1" 200 -
  [05:32:14] [  http] "GET /api/aegis/healing-log?limit=15 HTTP/1.1" 200 -
  [05:32:14] [  http] "GET /api/aegis/recent-events?limit=15 HTTP/1.1" 200 -
  [05:32:15] [  http] "GET /api/status HTTP/1.1" 200 -
  [05:32:15] [  http] "GET /api/drift HTTP/1.1" 200 -
  [05:32:15] [  http] "GET /api/status HTTP/1.1" 200 -
  [05:32:16] [  http] "GET /api/status HTTP/1.1" 200 -
  [05:32:16] [  http] "GET /api/status HTTP/1.1" 200 -
  [05:32:16] [  http] "GET /api/drift HTTP/1.1" 200 -
  [05:32:16] [  http] "GET /api/drift HTTP/1.1" 200 -
  [INFO] Client request queued — model still loading, waiting for ready...
  [05:32:17] [  http] "GET /api/governor HTTP/1.1" 200 -
  [05:32:17] [  http] "GET /api/aegis/stats?hours=24 HTTP/1.1" 200 -
  [05:32:17] [  http] "GET /api/aegis/healing-log?limit=15 HTTP/1.1" 200 -
  [05:32:17] [  http] "GET /api/aegis/recent-events?limit=15 HTTP/1.1" 200 -
  [05:32:18] [  http] "GET /api/status HTTP/1.1" 200 -
  [05:32:18] [  http] "GET /api/aegis/stats?hours=24 HTTP/1.1" 200 -
  [05:32:18] [  http] "GET /api/aegis/recent-events?limit=15 HTTP/1.1" 200 -
  [05:32:18] [  http] "GET /api/aegis/healing-log?limit=15 HTTP/1.1" 200 -
  [05:32:18] [  http] "GET /api/status HTTP/1.1" 200 -
  [05:32:18] [  http] "GET /api/status HTTP/1.1" 200 -
  [05:32:18] [  http] "GET /api/status HTTP/1.1" 200 -
  [05:32:18] [  http] "GET /api/drift HTTP/1.1" 200 -
  [05:32:19] [  http] "GET /api/governor HTTP/1.1" 200 -
  [05:32:19] [  http] "GET /api/aegis/stats?hours=24 HTTP/1.1" 200 -
  [05:32:19] [  http] "GET /api/drift HTTP/1.1" 200 -
  [05:32:20] [  http] "GET /api/drift HTTP/1.1" 200 -
  [05:32:20] [  http] "GET /api/governor HTTP/1.1" 200 -
  [05:32:20] [  http] "GET /api/status HTTP/1.1" 200 -
  [05:32:20] [  http] "GET /api/status HTTP/1.1" 200 -
  [05:32:20] [  http] "GET /api/status HTTP/1.1" 200 -
  [05:32:21] [  http] "GET /api/status HTTP/1.1" 200 -
  [05:32:21] [  http] "GET /api/drift HTTP/1.1" 200 -
  [05:32:22] [  http] "GET /api/status HTTP/1.1" 200 -
  [05:32:22] [  http] "GET /api/status HTTP/1.1" 200 -
  [05:32:22] [  http] "GET /api/aegis/stats?hours=24 HTTP/1.1" 200 -
  [05:32:22] [  http] "GET /api/drift HTTP/1.1" 200 -
  [05:32:23] [  http] "GET /api/drift HTTP/1.1" 200 -
  [05:32:23] [  http] "GET /api/status HTTP/1.1" 200 -
  [05:32:23] [  http] "GET /api/aegis/stats?hours=24 HTTP/1.1" 200 -
  [05:32:24] [  http] "GET /api/status HTTP/1.1" 200 -
  [05:32:24] [  http] "GET /api/status HTTP/1.1" 200 -
  [05:32:24] [  http] "GET /api/drift HTTP/1.1" 200 -
  [05:32:24] [  http] "GET /api/aegis/stats?hours=24 HTTP/1.1" 200 -
  [05:32:24] [  http] "GET /api/aegis/healing-log?limit=15 HTTP/1.1" 200 -
  [05:32:24] [  http] "GET /api/aegis/recent-events?limit=15 HTTP/1.1" 200 -
  [05:32:25] [  http] "GET /api/status HTTP/1.1" 200 -
  [05:32:25] [  http] "GET /api/status HTTP/1.1" 200 -
  [05:32:25] [  http] "GET /api/drift HTTP/1.1" 200 -
  [05:32:25] [  http] "GET /api/drift HTTP/1.1" 200 -
  [05:32:26] [  http] "GET /api/status HTTP/1.1" 200 -
  [05:32:27] [  http] "GET /api/status HTTP/1.1" 200 -
  [05:32:27] [  http] "GET /api/status HTTP/1.1" 200 -
  [05:32:27] [  http] "GET /api/status HTTP/1.1" 200 -
  [05:32:27] [  http] "GET /api/governor HTTP/1.1" 200 -
  [05:32:27] [  http] "GET /api/aegis/stats?hours=24 HTTP/1.1" 200 -
  [05:32:27] [  http] "GET /api/aegis/healing-log?limit=15 HTTP/1.1" 200 -
  [05:32:27] [  http] "GET /api/aegis/recent-events?limit=15 HTTP/1.1" 200 -
  [05:32:27] [  http] "GET /api/drift HTTP/1.1" 200 -
  [05:32:28] [  http] "GET /api/aegis/stats?hours=24 HTTP/1.1" 200 -
  [05:32:28] [  http] "GET /api/aegis/healing-log?limit=15 HTTP/1.1" 200 -
  [05:32:28] [  http] "GET /api/aegis/recent-events?limit=15 HTTP/1.1" 200 -
  [05:32:28] [heartbeat] up 1m00s · model=loading · idle · pending=0
  [05:32:28] [  http] "GET /api/drift HTTP/1.1" 200 -
  [05:32:28] [  http] "GET /api/drift HTTP/1.1" 200 -
  [05:32:29] [  http] "GET /api/governor HTTP/1.1" 200 -
  [05:32:29] [  http] "GET /api/status HTTP/1.1" 200 -
  [05:32:29] [  http] "GET /api/status HTTP/1.1" 200 -
  [05:32:29] [  http] "GET /api/status HTTP/1.1" 200 -
  [05:32:29] [  http] "GET /api/aegis/stats?hours=24 HTTP/1.1" 200 -
  [05:32:29] [  http] "GET /api/governor HTTP/1.1" 200 -
  [05:32:30] [  http] "GET /api/status HTTP/1.1" 200 -
  [05:32:30] [  http] "GET /api/drift HTTP/1.1" 200 -
  [05:32:31] [  http] "GET /api/status HTTP/1.1" 200 -
  [05:32:31] [  http] "GET /api/status HTTP/1.1" 200 -
  [05:32:31] [  http] "GET /api/drift HTTP/1.1" 200 -
  [05:32:31] [  http] "GET /api/status HTTP/1.1" 200 -
  [05:32:32] [  http] "GET /api/drift HTTP/1.1" 200 -
  [05:32:32] [  http] "GET /api/aegis/stats?hours=24 HTTP/1.1" 200 -
  [05:32:33] [  http] "GET /api/aegis/stats?hours=24 HTTP/1.1" 200 -
  [05:32:33] [  http] "GET /api/status HTTP/1.1" 200 -
  [05:32:33] [  http] "GET /api/status HTTP/1.1" 200 -
  [05:32:33] [  http] "GET /api/drift HTTP/1.1" 200 -
  [05:32:34] [  http] "GET /api/status HTTP/1.1" 200 -
  [05:32:34] [  http] "GET /api/status HTTP/1.1" 200 -
  [05:32:34] [  http] "GET /api/aegis/stats?hours=24 HTTP/1.1" 200 -
  [05:32:34] [  http] "GET /api/drift HTTP/1.1" 200 -
  [05:32:34] [  http] "GET /api/aegis/healing-log?limit=15 HTTP/1.1" 200 -
  [05:32:34] [  http] "GET /api/aegis/recent-events?limit=15 HTTP/1.1" 200 -
  [05:32:35] [  http] "GET /api/drift HTTP/1.1" 200 -
  [05:32:35] [  http] "GET /api/aegis/stats?hours=24 HTTP/1.1" 200 -
  [05:32:35] [  http] "GET /api/drift HTTP/1.1" 200 -
  [05:32:35] [  http] "GET /api/aegis/healing-log?limit=15 HTTP/1.1" 200 -
  [05:32:35] [  http] "GET /api/aegis/recent-events?limit=15 HTTP/1.1" 200 -
  [05:32:35] [  http] "GET /api/governor HTTP/1.1" 200 -
  [05:32:35] [  http] "GET /api/status HTTP/1.1" 200 -
  [05:32:36] [  http] "GET /api/status HTTP/1.1" 200 -
  [05:32:36] [  http] "GET /api/status HTTP/1.1" 200 -
  [05:32:36] [  http] "GET /api/status HTTP/1.1" 200 -
  [05:32:36] [  http] "GET /api/drift HTTP/1.1" 200 -
  [05:32:37] [  http] "GET /api/governor HTTP/1.1" 200 -
  [05:32:37] [  http] "GET /api/drift HTTP/1.1" 200 -
  [05:32:37] [  http] "GET /api/aegis/recent-events?limit=15 HTTP/1.1" 200 -
  [05:32:37] [  http] "GET /api/aegis/healing-log?limit=15 HTTP/1.1" 200 -
  [05:32:37] [  http] "GET /api/aegis/stats?hours=24 HTTP/1.1" 200 -
  [05:32:38] [  http] "GET /api/drift HTTP/1.1" 200 -
  [05:32:38] [  http] "GET /api/status HTTP/1.1" 200 -
  [05:32:38] [  http] "GET /api/aegis/recent-events?limit=15 HTTP/1.1" 200 -
  [05:32:38] [  http] "GET /api/aegis/healing-log?limit=15 HTTP/1.1" 200 -
  [05:32:38] [  http] "GET /api/aegis/stats?hours=24 HTTP/1.1" 200 -
  [05:32:38] [  http] "GET /api/status HTTP/1.1" 200 -
  [05:32:38] [  http] "GET /api/status HTTP/1.1" 200 -
  [05:32:39] [  http] "GET /api/status HTTP/1.1" 200 -
  [05:32:39] [  http] "GET /api/governor HTTP/1.1" 200 -
  [05:32:39] [  http] "GET /api/drift HTTP/1.1" 200 -
  [05:32:39] [  http] "GET /api/aegis/stats?hours=24 HTTP/1.1" 200 -
  [05:32:40] [  http] "GET /api/governor HTTP/1.1" 200 -
  [05:32:40] [  http] "GET /api/status HTTP/1.1" 200 -
  [05:32:40] [  http] "GET /api/status HTTP/1.1" 200 -
  [05:32:40] [  http] "GET /api/drift HTTP/1.1" 200 -
  [05:32:40] [  http] "GET /api/drift HTTP/1.1" 200 -
  [05:32:41] [  http] "GET /api/status HTTP/1.1" 200 -
  [05:32:42] [  http] "GET /api/status HTTP/1.1" 200 -
  [05:32:42] [  http] "GET /api/status HTTP/1.1" 200 -
  [05:32:42] [  http] "GET /api/aegis/stats?hours=24 HTTP/1.1" 200 -
  [05:32:42] [  http] "GET /api/drift HTTP/1.1" 200 -
  [05:32:43] [  http] "GET /api/status HTTP/1.1" 200 -
  [05:32:43] [  http] "GET /api/aegis/stats?hours=24 HTTP/1.1" 200 -
  [05:32:43] [  http] "GET /api/status HTTP/1.1" 200 -
  [05:32:43] [  http] "GET /api/drift HTTP/1.1" 200 -
  [05:32:43] [  http] "GET /api/drift HTTP/1.1" 200 -
  [05:32:44] [  http] "GET /api/aegis/stats?hours=24 HTTP/1.1" 200 -
  [05:32:44] [  http] "GET /api/aegis/healing-log?limit=15 HTTP/1.1" 200 -
  [05:32:45] [  http] "GET /api/aegis/recent-events?limit=15 HTTP/1.1" 200 -
  [05:32:45] [  http] "GET /api/status HTTP/1.1" 200 -
  [05:32:45] [  http] "GET /api/status HTTP/1.1" 200 -
  [05:32:45] [  http] "GET /api/status HTTP/1.1" 200 -
  [05:32:45] [  http] "GET /api/drift HTTP/1.1" 200 -
  [05:32:45] [  http] "GET /api/status HTTP/1.1" 200 -
  [05:32:46] [  http] "GET /api/drift HTTP/1.1" 200 -
  [05:32:47] [  http] "GET /api/drift HTTP/1.1" 200 -
  [05:32:47] [  http] "GET /api/status HTTP/1.1" 200 -
  [05:32:47] [  http] "GET /api/status HTTP/1.1" 200 -
  [05:32:47] [  http] "GET /api/governor HTTP/1.1" 200 -
  [05:32:47] [  http] "GET /api/aegis/stats?hours=24 HTTP/1.1" 200 -
  [05:32:47] [  http] "GET /api/aegis/healing-log?limit=15 HTTP/1.1" 200 -
  [05:32:47] [  http] "GET /api/aegis/recent-events?limit=15 HTTP/1.1" 200 -
  [05:32:47] [  http] "GET /api/aegis/stats?hours=24 HTTP/1.1" 200 -
  [05:32:48] [  http] "GET /api/status HTTP/1.1" 200 -
  [05:32:48] [  http] "GET /api/aegis/healing-log?limit=15 HTTP/1.1" 200 -
  [05:32:48] [  http] "GET /api/aegis/recent-events?limit=15 HTTP/1.1" 200 -
  [05:32:48] [  http] "GET /api/status HTTP/1.1" 200 -
  [05:32:48] [  http] "GET /api/drift HTTP/1.1" 200 -
  [05:32:49] [  http] "GET /api/governor HTTP/1.1" 200 -
  [05:32:49] [  http] "GET /api/status HTTP/1.1" 200 -
  [05:32:49] [  http] "GET /api/aegis/stats?hours=24 HTTP/1.1" 200 -
  [05:32:49] [  http] "GET /api/status HTTP/1.1" 200 -
  [05:32:49] [  http] "GET /api/drift HTTP/1.1" 200 -
  [05:32:50] [  http] "GET /api/drift HTTP/1.1" 200 -
  [05:32:50] [  http] "GET /api/governor HTTP/1.1" 200 -
  [05:32:50] [  http] "GET /api/status HTTP/1.1" 200 -
  [05:32:51] [  http] "GET /api/status HTTP/1.1" 200 -
  [05:32:51] [  http] "GET /api/status HTTP/1.1" 200 -
  [05:32:51] [  http] "GET /api/drift HTTP/1.1" 200 -
  [05:32:52] [  http] "GET /api/status HTTP/1.1" 200 -
  [05:32:52] [  http] "GET /api/aegis/stats?hours=24 HTTP/1.1" 200 -
  [05:32:52] [  http] "GET /api/status HTTP/1.1" 200 -
  [05:32:52] [  http] "GET /api/drift HTTP/1.1" 200 -
  [05:32:53] [  http] "GET /api/aegis/stats?hours=24 HTTP/1.1" 200 -
  [05:32:53] [  http] "GET /api/drift HTTP/1.1" 200 -
  [05:32:53] [  http] "GET /api/status HTTP/1.1" 200 -
  [05:32:54] [  http] "GET /api/status HTTP/1.1" 200 -
  [05:32:54] [  http] "GET /api/status HTTP/1.1" 200 -
  [05:32:54] [  http] "GET /api/drift HTTP/1.1" 200 -
  [05:32:54] [  http] "GET /api/aegis/stats?hours=24 HTTP/1.1" 200 -
  [05:32:54] [  http] "GET /api/aegis/recent-events?limit=15 HTTP/1.1" 200 -
  [05:32:54] [  http] "GET /api/aegis/healing-log?limit=15 HTTP/1.1" 200 -
  [05:32:55] [  http] "GET /api/status HTTP/1.1" 200 -
  [05:32:55] [  http] "GET /api/status HTTP/1.1" 200 -
  [05:32:55] [  http] "GET /api/drift HTTP/1.1" 200 -
  [05:32:56] [  http] "GET /api/drift HTTP/1.1" 200 -
  [05:32:56] [  http] "GET /api/status HTTP/1.1" 200 -
  [05:32:57] [  http] "GET /api/status HTTP/1.1" 200 -
  [05:32:57] [  http] "GET /api/status HTTP/1.1" 200 -
  [05:32:57] [  http] "GET /api/aegis/stats?hours=24 HTTP/1.1" 200 -
  [05:32:57] [  http] "GET /api/governor HTTP/1.1" 200 -
  [05:32:57] [  http] "GET /api/aegis/healing-log?limit=15 HTTP/1.1" 200 -
  [05:32:57] [  http] "GET /api/aegis/recent-events?limit=15 HTTP/1.1" 200 -
  [05:32:57] [  http] "GET /api/drift HTTP/1.1" 200 -
  [05:32:58] [  http] "GET /api/aegis/stats?hours=24 HTTP/1.1" 200 -
  [05:32:58] [  http] "GET /api/aegis/healing-log?limit=15 HTTP/1.1" 200 -
  [05:32:58] [  http] "GET /api/aegis/recent-events?limit=15 HTTP/1.1" 200 -
  [05:32:58] [  http] "GET /api/status HTTP/1.1" 200 -
  [05:32:58] [heartbeat] up 1m30s · model=loading · idle · pending=0
  [05:32:58] [  http] "GET /api/drift HTTP/1.1" 200 -
  [05:32:59] [  http] "GET /api/drift HTTP/1.1" 200 -
  [05:32:59] [  http] "GET /api/governor HTTP/1.1" 200 -
  [05:32:59] [  http] "GET /api/status HTTP/1.1" 200 -
  [05:32:59] [  http] "GET /api/status HTTP/1.1" 200 -
  [05:32:59] [  http] "GET /api/aegis/stats?hours=24 HTTP/1.1" 200 -
  [05:32:59] [  http] "GET /api/governor HTTP/1.1" 200 -
  [05:33:00] [  http] "GET /api/drift HTTP/1.1" 200 -
  [05:33:01] [  http] "GET /api/status HTTP/1.1" 200 -
  [05:33:01] [  http] "GET /api/status HTTP/1.1" 200 -
  [05:33:01] [  http] "GET /api/status HTTP/1.1" 200 -
  [05:33:02] [  http] "GET /api/drift HTTP/1.1" 200 -
  [05:33:02] [  http] "GET /api/drift HTTP/1.1" 200 -
  [05:33:02] [  http] "GET /api/aegis/stats?hours=24 HTTP/1.1" 200 -
  [05:33:03] [  http] "GET /api/aegis/stats?hours=24 HTTP/1.1" 200 -
  [05:33:03] [  http] "GET /api/status HTTP/1.1" 200 -
  [05:33:03] [  http] "GET /api/status HTTP/1.1" 200 -
  [05:33:03] [  http] "GET /api/status HTTP/1.1" 200 -
  [05:33:03] [  http] "GET /api/drift HTTP/1.1" 200 -
  [05:33:04] [  http] "GET /api/drift HTTP/1.1" 200 -
  [05:33:04] [  http] "GET /api/aegis/stats?hours=24 HTTP/1.1" 200 -
  [05:33:04] [  http] "GET /api/aegis/recent-events?limit=15 HTTP/1.1" 200 -
  [05:33:04] [  http] "GET /api/aegis/healing-log?limit=15 HTTP/1.1" 200 -
  [05:33:05] [  http] "GET /api/drift HTTP/1.1" 200 -
  [05:33:05] [  http] "GET /api/status HTTP/1.1" 200 -
  [05:33:05] [  http] "GET /api/status HTTP/1.1" 200 -
  [05:33:05] [  http] "GET /api/status HTTP/1.1" 200 -
  [05:33:06] [  http] "GET /api/drift HTTP/1.1" 200 -
  [05:33:07] [  http] "GET /api/aegis/stats?hours=24 HTTP/1.1" 200 -
  [05:33:07] [  http] "GET /api/aegis/healing-log?limit=15 HTTP/1.1" 200 -
  [05:33:07] [  http] "GET /api/aegis/recent-events?limit=15 HTTP/1.1" 200 -
  [05:33:07] [  http] "GET /api/governor HTTP/1.1" 200 -
  [05:33:08] [  http] "GET /api/status HTTP/1.1" 200 -
  [05:33:08] [  http] "GET /api/status HTTP/1.1" 200 -
  [05:33:08] [  http] "GET /api/drift HTTP/1.1" 200 -
  [05:33:08] [  http] "GET /api/drift HTTP/1.1" 200 -
  [05:33:08] [  http] "GET /api/aegis/stats?hours=24 HTTP/1.1" 200 -
  [05:33:08] [  http] "GET /api/aegis/healing-log?limit=15 HTTP/1.1" 200 -
  [05:33:08] [  http] "GET /api/aegis/recent-events?limit=15 HTTP/1.1" 200 -
  [05:33:08] [  http] "GET /api/status HTTP/1.1" 200 -
  [05:33:08] [  http] "GET /api/governor HTTP/1.1" 200 -
  [05:33:09] [  http] "GET /api/aegis/stats?hours=24 HTTP/1.1" 200 -
  [05:33:09] [  http] "GET /api/drift HTTP/1.1" 200 -
  [05:33:10] [  http] "GET /api/governor HTTP/1.1" 200 -
  [05:33:10] [  http] "GET /api/status HTTP/1.1" 200 -
  [05:33:10] [  http] "GET /api/status HTTP/1.1" 200 -
  [05:33:10] [  http] "GET /api/status HTTP/1.1" 200 -
  [05:33:10] [  http] "GET /api/drift HTTP/1.1" 200 -
  [05:33:11] [  http] "GET /api/drift HTTP/1.1" 200 -
  [05:33:12] [  http] "GET /api/status HTTP/1.1" 200 -
  [05:33:12] [  http] "GET /api/status HTTP/1.1" 200 -
  [05:33:12] [  http] "GET /api/status HTTP/1.1" 200 -
  [05:33:12] [  http] "GET /api/aegis/stats?hours=24 HTTP/1.1" 200 -
  [05:33:12] [  http] "GET /api/drift HTTP/1.1" 200 -
  [05:33:13] [  http] "GET /api/aegis/stats?hours=24 HTTP/1.1" 200 -
  [05:33:13] [  http] "GET /api/drift HTTP/1.1" 200 -
  [05:33:13] [  http] "GET /api/drift HTTP/1.1" 200 -
  [05:33:14] [  http] "GET /api/status HTTP/1.1" 200 -
  [05:33:14] [  http] "GET /api/status HTTP/1.1" 200 -
  [05:33:14] [  http] "GET /api/aegis/stats?hours=24 HTTP/1.1" 200 -
  [05:33:15] [  http] "GET /api/aegis/healing-log?limit=15 HTTP/1.1" 200 -
  [05:33:15] [  http] "GET /api/aegis/recent-events?limit=15 HTTP/1.1" 200 -
  [05:33:15] [  http] "GET /api/status HTTP/1.1" 200 -
  [05:33:15] [  http] "GET /api/drift HTTP/1.1" 200 -
  [05:33:16] [  http] "GET /api/drift HTTP/1.1" 200 -
  [05:33:16] [  http] "GET /api/status HTTP/1.1" 200 -
  [05:33:17] [  http] "GET /api/drift HTTP/1.1" 200 -
  [05:33:17] [  http] "GET /api/status HTTP/1.1" 200 -
  [05:33:17] [  http] "GET /api/status HTTP/1.1" 200 -
  [05:33:17] [  http] "GET /api/aegis/stats?hours=24 HTTP/1.1" 200 -
  [05:33:18] [  http] "GET /api/aegis/healing-log?limit=15 HTTP/1.1" 200 -
  [05:33:18] [  http] "GET /api/aegis/recent-events?limit=15 HTTP/1.1" 200 -
  [05:33:18] [  http] "GET /api/governor HTTP/1.1" 200 -
  [05:33:18] [  http] "GET /api/aegis/stats?hours=24 HTTP/1.1" 200 -
  [05:33:18] [  http] "GET /api/aegis/recent-events?limit=15 HTTP/1.1" 200 -
  [05:33:18] [  http] "GET /api/aegis/healing-log?limit=15 HTTP/1.1" 200 -
  [05:33:18] [  http] "GET /api/drift HTTP/1.1" 200 -
  [05:33:19] [  http] "GET /api/governor HTTP/1.1" 200 -
  [05:33:19] [  http] "GET /api/status HTTP/1.1" 200 -
  [05:33:19] [  http] "GET /api/status HTTP/1.1" 200 -
  [05:33:19] [  http] "GET /api/status HTTP/1.1" 200 -
  [05:33:19] [  http] "GET /api/drift HTTP/1.1" 200 -
  [05:33:19] [  http] "GET /api/aegis/stats?hours=24 HTTP/1.1" 200 -
  [05:33:20] [  http] "GET /api/drift HTTP/1.1" 200 -
  [05:33:20] [  http] "GET /api/governor HTTP/1.1" 200 -
  [05:33:21] [  http] "GET /api/status HTTP/1.1" 200 -
  [05:33:21] [  http] "GET /api/status HTTP/1.1" 200 -
  [05:33:21] [  http] "GET /api/status HTTP/1.1" 200 -
  [05:33:21] [  http] "GET /api/drift HTTP/1.1" 200 -
  [05:33:22] [  http] "GET /api/aegis/stats?hours=24 HTTP/1.1" 200 -
  [05:33:23] [  http] "GET /api/drift HTTP/1.1" 200 -
  [05:33:23] [  http] "GET /api/aegis/stats?hours=24 HTTP/1.1" 200 -
  [05:33:23] [  http] "GET /api/drift HTTP/1.1" 200 -
  [05:33:23] [  http] "GET /api/status HTTP/1.1" 200 -
  [05:33:23] [  http] "GET /api/status HTTP/1.1" 200 -
  [05:33:24] [  http] "GET /api/status HTTP/1.1" 200 -
  [05:33:24] [  http] "GET /api/drift HTTP/1.1" 200 -
  [05:33:24] [  http] "GET /api/aegis/stats?hours=24 HTTP/1.1" 200 -
  [05:33:24] [  http] "GET /api/aegis/healing-log?limit=15 HTTP/1.1" 200 -
  [05:33:25] [  http] "GET /api/aegis/recent-events?limit=15 HTTP/1.1" 200 -
  [05:33:25] [  http] "GET /api/status HTTP/1.1" 200 -
  [05:33:25] [  http] "GET /api/status HTTP/1.1" 200 -
  [05:33:26] [  http] "GET /api/drift HTTP/1.1" 200 -
  [05:33:26] [  http] "GET /api/drift HTTP/1.1" 200 -
  [05:33:26] [  http] "GET /api/status HTTP/1.1" 200 -
  [05:33:27] [  http] "GET /api/aegis/stats?hours=24 HTTP/1.1" 200 -
  [05:33:27] [  http] "GET /api/status HTTP/1.1" 200 -
  [05:33:27] [  http] "GET /api/aegis/healing-log?limit=15 HTTP/1.1" 200 -
  [05:33:27] [  http] "GET /api/aegis/recent-events?limit=15 HTTP/1.1" 200 -
  [05:33:27] [  http] "GET /api/drift HTTP/1.1" 200 -
  [05:33:28] [  http] "GET /api/governor HTTP/1.1" 200 -
  [05:33:28] [  http] "GET /api/aegis/stats?hours=24 HTTP/1.1" 200 -
  [05:33:28] [  http] "GET /api/status HTTP/1.1" 200 -
  [05:33:28] [  http] "GET /api/aegis/recent-events?limit=15 HTTP/1.1" 200 -
  [05:33:28] [  http] "GET /api/aegis/healing-log?limit=15 HTTP/1.1" 200 -
  [05:33:28] [  http] "GET /api/status HTTP/1.1" 200 -
  [05:33:28] [heartbeat] up 2m00s · model=loading · idle · pending=0
  [05:33:29] [  http] "GET /api/drift HTTP/1.1" 200 -
  [05:33:29] [  http] "GET /api/drift HTTP/1.1" 200 -
  [05:33:29] [  http] "GET /api/governor HTTP/1.1" 200 -
  [05:33:29] [  http] "GET /api/aegis/stats?hours=24 HTTP/1.1" 200 -
  [05:33:30] [  http] "GET /api/status HTTP/1.1" 200 -
  [05:33:30] [  http] "GET /api/governor HTTP/1.1" 200 -
  [05:33:30] [  http] "GET /api/status HTTP/1.1" 200 -
  [05:33:30] [  http] "GET /api/status HTTP/1.1" 200 -
  [05:33:30] [  http] "GET /api/drift HTTP/1.1" 200 -
  [05:33:31] [  http] "GET /api/drift HTTP/1.1" 200 -
  [05:33:31] [  http] "GET /api/drift HTTP/1.1" 200 -
  [05:33:32] [  http] "GET /api/status HTTP/1.1" 200 -
  [05:33:32] [  http] "GET /api/status HTTP/1.1" 200 -
  [05:33:32] [  http] "GET /api/aegis/stats?hours=24 HTTP/1.1" 200 -
  [05:33:32] [  http] "GET /api/aegis/stats?hours=24 HTTP/1.1" 200 -
  [05:33:33] [  http] "GET /api/status HTTP/1.1" 200 -
  [05:33:33] [  http] "GET /api/drift HTTP/1.1" 200 -
  [05:33:34] [  http] "GET /api/status HTTP/1.1" 200 -
  [05:33:34] [  http] "GET /api/status HTTP/1.1" 200 -
  [05:33:35] [  http] "GET /api/aegis/stats?hours=24 HTTP/1.1" 200 -
  [05:33:35] [  http] "GET /api/aegis/healing-log?limit=15 HTTP/1.1" 200 -
  [05:33:35] [  http] "GET /api/aegis/recent-events?limit=15 HTTP/1.1" 200 -
  [05:33:35] [  http] "GET /api/drift HTTP/1.1" 200 -
  [05:33:35] [  http] "GET /api/drift HTTP/1.1" 200 -
  [05:33:35] [  http] "GET /api/status HTTP/1.1" 200 -
  [05:33:36] [  http] "GET /api/status HTTP/1.1" 200 -
  [05:33:36] [  http] "GET /api/drift HTTP/1.1" 200 -
  [05:33:37] [  http] "GET /api/status HTTP/1.1" 200 -
  [05:33:37] [  http] "GET /api/status HTTP/1.1" 200 -
  [05:33:37] [  http] "GET /api/aegis/stats?hours=24 HTTP/1.1" 200 -
  [05:33:37] [  http] "GET /api/aegis/healing-log?limit=15 HTTP/1.1" 200 -
  [05:33:37] [  http] "GET /api/aegis/recent-events?limit=15 HTTP/1.1" 200 -
  [05:33:38] [  http] "GET /api/governor HTTP/1.1" 200 -
  [05:33:38] [  http] "GET /api/drift HTTP/1.1" 200 -
  [05:33:38] [  http] "GET /api/drift HTTP/1.1" 200 -
  [05:33:38] [  http] "GET /api/aegis/stats?hours=24 HTTP/1.1" 200 -
  [05:33:38] [  http] "GET /api/aegis/healing-log?limit=15 HTTP/1.1" 200 -
  [05:33:38] [  http] "GET /api/aegis/recent-events?limit=15 HTTP/1.1" 200 -
  [05:33:38] [  http] "GET /api/status HTTP/1.1" 200 -
  [05:33:39] [  http] "GET /api/governor HTTP/1.1" 200 -
  [05:33:39] [  http] "GET /api/status HTTP/1.1" 200 -
  [05:33:39] [  http] "GET /api/status HTTP/1.1" 200 -
  [05:33:39] [  http] "GET /api/drift HTTP/1.1" 200 -
  [05:33:39] [  http] "GET /api/aegis/stats?hours=24 HTTP/1.1" 200 -
  [05:33:40] [  http] "GET /api/governor HTTP/1.1" 200 -
  [05:33:40] [  http] "GET /api/status HTTP/1.1" 200 -
  [05:33:40] [  http] "GET /api/drift HTTP/1.1" 200 -
  [05:33:41] [  http] "GET /api/drift HTTP/1.1" 200 -
  [05:33:41] [  http] "GET /api/status HTTP/1.1" 200 -
  [05:33:42] [  http] "GET /api/status HTTP/1.1" 200 -
  [05:33:42] [  http] "GET /api/status HTTP/1.1" 200 -
  [05:33:42] [  http] "GET /api/aegis/stats?hours=24 HTTP/1.1" 200 -
  [05:33:42] [  http] "GET /api/drift HTTP/1.1" 200 -
  [05:33:43] [  http] "GET /api/aegis/stats?hours=24 HTTP/1.1" 200 -
  [05:33:43] [  http] "GET /api/drift HTTP/1.1" 200 -
  [05:33:44] [  http] "GET /api/drift HTTP/1.1" 200 -
  [05:33:44] [  http] "GET /api/status HTTP/1.1" 200 -
  [05:33:44] [  http] "GET /api/status HTTP/1.1" 200 -
  [05:33:44] [  http] "GET /api/status HTTP/1.1" 200 -
  [05:33:44] [  http] "GET /api/aegis/healing-log?limit=15 HTTP/1.1" 200 -
  [05:33:45] [  http] "GET /api/aegis/recent-events?limit=15 HTTP/1.1" 200 -
  [05:33:45] [  http] "GET /api/aegis/stats?hours=24 HTTP/1.1" 200 -
  [05:33:45] [  http] "GET /api/drift HTTP/1.1" 200 -
  [05:33:46] [  http] "GET /api/status HTTP/1.1" 200 -
  [05:33:46] [  http] "GET /api/status HTTP/1.1" 200 -
  [05:33:46] [  http] "GET /api/status HTTP/1.1" 200 -
  [05:33:46] [  http] "GET /api/drift HTTP/1.1" 200 -
  [05:33:47] [  http] "GET /api/drift HTTP/1.1" 200 -
  [05:33:47] [  http] "GET /api/aegis/stats?hours=24 HTTP/1.1" 200 -
  [05:33:47] [  http] "GET /api/aegis/healing-log?limit=15 HTTP/1.1" 200 -
  [05:33:47] [  http] "GET /api/aegis/recent-events?limit=15 HTTP/1.1" 200 -
  [05:33:48] [  http] "GET /api/governor HTTP/1.1" 200 -
  [05:33:48] [  http] "GET /api/aegis/stats?hours=24 HTTP/1.1" 200 -
  [05:33:48] [  http] "GET /api/aegis/healing-log?limit=15 HTTP/1.1" 200 -
  [05:33:48] [  http] "GET /api/aegis/recent-events?limit=15 HTTP/1.1" 200 -
  [05:33:48] [  http] "GET /api/status HTTP/1.1" 200 -
  [05:33:48] [  http] "GET /api/status HTTP/1.1" 200 -
  [05:33:48] [  http] "GET /api/drift HTTP/1.1" 200 -
  [05:33:49] [  http] "GET /api/status HTTP/1.1" 200 -
  [05:33:49] [  http] "GET /api/governor HTTP/1.1" 200 -
  [05:33:49] [  http] "GET /api/drift HTTP/1.1" 200 -
  [05:33:49] [  http] "GET /api/aegis/stats?hours=24 HTTP/1.1" 200 -
  [05:33:50] [  http] "GET /api/drift HTTP/1.1" 200 -
  [05:33:50] [  http] "GET /api/governor HTTP/1.1" 200 -
  [05:33:50] [  http] "GET /api/status HTTP/1.1" 200 -
  [05:33:50] [  http] "GET /api/status HTTP/1.1" 200 -
  [05:33:51] [  http] "GET /api/status HTTP/1.1" 200 -
  [05:33:51] [  http] "GET /api/drift HTTP/1.1" 200 -
[OV] Loaded in 139.7s on AUTO
  [05:33:53] [  http] "GET /api/status HTTP/1.1" 200 -
  [05:33:53] [  http] "GET /api/aegis/stats?hours=24 HTTP/1.1" 200 -
  [05:33:53] [  http] "GET /api/drift HTTP/1.1" 200 -
  [05:33:53] [  http] "GET /api/drift HTTP/1.1" 200 -
  [05:33:53] [  http] "GET /api/status HTTP/1.1" 200 -
  [05:33:53] [  http] "GET /api/aegis/stats?hours=24 HTTP/1.1" 200 -
  Orchestrator ready (openvino): ['newton', 'davinci', 'empathy', 'philosophy', 'quantum', 'consciousness', 'multi_perspective', 'systems_architecture', 'constraint_tracker', 'orchestrator', 'newton-star', 'newton-star-hard', 'newton-star-r']
  [DEBUG] _use_phase6 = True
  [DEBUG] Importing CodetteForgeBridge...
  [WORKER] Processing query: What is the correct answer to this question: Two quantum sta...
  [05:33:53] [  http] "GET /api/status HTTP/1.1" 200 -
  [05:33:53] [  http] "GET /api/session HTTP/1.1" 200 -
  [05:33:54] [  http] "GET /api/sessions HTTP/1.1" 200 -
  [DEBUG] Creating bridge instance...
[SUBSTRATE] Substrate-aware cognition initialized
INFO:reasoning_forge.behavior_governor:[GOVERNOR] Pre: identity=none (conf=0.00), memory=4 cocoons, tokens=600, compression=expanded
[PHASE6] Initializing ForgeEngine...
  [GOVERNOR] identity=none (conf=0.00), memory=4 cocoons, tokens=600, compression=expanded
  [WORKER] Using direct orchestrator
  [05:33:54] [  http] "GET /api/drift HTTP/1.1" 200 -
  [05:33:54] [  http] "GET /api/aegis/stats?hours=24 HTTP/1.1" 200 -

  [OV] Route: newton + quantum (conf=0.71, keyword)
  [05:33:54] [  http] "GET /api/aegis/recent-events?limit=15 HTTP/1.1" 200 -
  [05:33:54] [  http] "GET /api/aegis/healing-log?limit=15 HTTP/1.1" 200 -
  [05:33:55] [  http] "GET /api/status HTTP/1.1" 200 -
  [05:33:55] [  http] "GET /api/status HTTP/1.1" 200 -
  [05:33:55] [  http] "GET /api/session HTTP/1.1" 200 -
  [05:33:55] [  http] "GET /api/sessions HTTP/1.1" 200 -
  [05:33:55] [  http] "GET /api/session HTTP/1.1" 200 -
  [05:33:55] [  http] "GET /api/drift HTTP/1.1" 200 -
  [05:33:55] [  http] "GET /api/drift HTTP/1.1" 200 -
  [05:33:55] [  http] "GET /api/sessions HTTP/1.1" 200 -
  [05:33:57] [  http] "GET /api/aegis/stats?hours=24 HTTP/1.1" 200 -
  [05:33:57] [  http] "GET /api/aegis/healing-log?limit=15 HTTP/1.1" 200 -
  [05:33:57] [  http] "GET /api/aegis/recent-events?limit=15 HTTP/1.1" 200 -
  [05:33:57] [  http] "GET /api/drift HTTP/1.1" 200 -
  [05:33:58] [  http] "GET /api/governor HTTP/1.1" 200 -
  [05:33:58] [  http] "GET /api/aegis/stats?hours=24 HTTP/1.1" 200 -
  [05:33:58] [  http] "GET /api/aegis/healing-log?limit=15 HTTP/1.1" 200 -
  [05:33:58] [  http] "GET /api/aegis/recent-events?limit=15 HTTP/1.1" 200 -
  [05:33:58] [heartbeat] up 2m30s · model=ready · inferring · pending=0
  [05:33:59] [  http] "GET /api/drift HTTP/1.1" 200 -
  [05:33:59] [  http] "GET /api/drift HTTP/1.1" 200 -
  [05:33:59] [  http] "GET /api/governor HTTP/1.1" 200 -
  [05:33:59] [  http] "GET /api/aegis/stats?hours=24 HTTP/1.1" 200 -
  [05:34:00] [  http] "GET /api/governor HTTP/1.1" 200 -
  [05:34:00] [  http] "GET /api/drift HTTP/1.1" 200 -
  [05:34:01] [  http] "GET /api/drift HTTP/1.1" 200 -
  [05:34:02] [  http] "GET /api/drift HTTP/1.1" 200 -
  [05:34:02] [  http] "GET /api/aegis/stats?hours=24 HTTP/1.1" 200 -
  [05:34:03] [  http] "GET /api/aegis/stats?hours=24 HTTP/1.1" 200 -
  [05:34:03] [  http] "GET /api/drift HTTP/1.1" 200 -
  [05:34:04] [  http] "GET /api/aegis/stats?hours=24 HTTP/1.1" 200 -
  [05:34:04] [  http] "GET /api/aegis/healing-log?limit=15 HTTP/1.1" 200 -
  [05:34:04] [  http] "GET /api/aegis/recent-events?limit=15 HTTP/1.1" 200 -
  [05:34:05] [  http] "GET /api/drift HTTP/1.1" 200 -
  [05:34:05] [  http] "GET /api/drift HTTP/1.1" 200 -
  [05:34:06] [  http] "GET /api/drift HTTP/1.1" 200 -
  [05:34:07] [  http] "GET /api/drift HTTP/1.1" 200 -
  [05:34:07] [  http] "GET /api/aegis/stats?hours=24 HTTP/1.1" 200 -
  [05:34:07] [  http] "GET /api/aegis/healing-log?limit=15 HTTP/1.1" 200 -
  [05:34:07] [  http] "GET /api/aegis/recent-events?limit=15 HTTP/1.1" 200 -
  [05:34:08] [  http] "GET /api/governor HTTP/1.1" 200 -
  [05:34:08] [  http] "GET /api/drift HTTP/1.1" 200 -
  [05:34:08] [  http] "GET /api/aegis/stats?hours=24 HTTP/1.1" 200 -
  [05:34:08] [  http] "GET /api/aegis/healing-log?limit=15 HTTP/1.1" 200 -
  [05:34:08] [  http] "GET /api/aegis/recent-events?limit=15 HTTP/1.1" 200 -
  [05:34:08] [  http] "GET /api/status HTTP/1.1" 200 -
  [05:34:09] [  http] "GET /api/session HTTP/1.1" 200 -
  [05:34:09] [  http] "GET /api/governor HTTP/1.1" 200 -
  [05:34:09] [  http] "GET /api/sessions HTTP/1.1" 200 -
  [05:34:09] [  http] "GET /api/drift HTTP/1.1" 200 -
  [05:34:09] [  http] "GET /api/aegis/stats?hours=24 HTTP/1.1" 200 -
  [05:34:10] [  http] "GET /api/governor HTTP/1.1" 200 -
  [05:34:10] [  http] "GET /api/status HTTP/1.1" 200 -
  [05:34:10] [  http] "GET /api/session HTTP/1.1" 200 -
  [05:34:10] [  http] "GET /api/sessions HTTP/1.1" 200 -
  [05:34:10] [  http] "GET /api/status HTTP/1.1" 200 -
  [05:34:11] [  http] "GET /api/drift HTTP/1.1" 200 -
  [05:34:11] [  http] "GET /api/drift HTTP/1.1" 200 -
  [05:34:11] [  http] "GET /api/session HTTP/1.1" 200 -
  [05:34:11] [  http] "GET /api/sessions HTTP/1.1" 200 -
  [05:34:12] [  http] "GET /api/aegis/stats?hours=24 HTTP/1.1" 200 -
  [05:34:12] [  http] "GET /api/drift HTTP/1.1" 200 -
  [05:34:13] [  http] "GET /api/aegis/stats?hours=24 HTTP/1.1" 200 -
  [05:34:13] [  http] "GET /api/drift HTTP/1.1" 200 -
  [05:34:13] [  http] "GET /api/drift HTTP/1.1" 200 -
  [05:34:14] [  http] "GET /api/aegis/stats?hours=24 HTTP/1.1" 200 -
  [05:34:14] [  http] "GET /api/aegis/healing-log?limit=15 HTTP/1.1" 200 -
  [05:34:15] [  http] "GET /api/aegis/recent-events?limit=15 HTTP/1.1" 200 -
  [05:34:15] [  http] "GET /api/drift HTTP/1.1" 200 -
  [05:34:16] [  http] "GET /api/drift HTTP/1.1" 200 -
  [05:34:16] [  http] "GET /api/drift HTTP/1.1" 200 -
  [05:34:17] [  http] "GET /api/aegis/stats?hours=24 HTTP/1.1" 200 -
  [05:34:17] [  http] "GET /api/aegis/healing-log?limit=15 HTTP/1.1" 200 -
  [05:34:17] [  http] "GET /api/aegis/recent-events?limit=15 HTTP/1.1" 200 -
  [05:34:18] [  http] "GET /api/governor HTTP/1.1" 200 -
INFO:reasoning_forge.memory_kernel:  ✓ Loaded 2075 cocoon memories from J:\codette-clean\reasoning_forge\..\cocoons
INFO:reasoning_forge.forge_engine:  ✓ Migrated 2075 cocoons to v2 kernel
  [05:34:18] [  http] "GET /api/aegis/stats?hours=24 HTTP/1.1" 200 -
  [05:34:18] [  http] "GET /api/aegis/healing-log?limit=15 HTTP/1.1" 200 -
  [05:34:18] [  http] "GET /api/aegis/recent-events?limit=15 HTTP/1.1" 200 -
INFO:reasoning_forge.forge_engine:  ✓ Memory kernel initialized (emotional continuity engine active)
INFO:reasoning_forge.forge_engine:  ✓ Cocoon stability field initialized (collapse detection active)
INFO:reasoning_forge.forge_engine:  ✓ Code7eCQURE reasoning engine initialized
INFO:reasoning_forge.forge_engine:  ✓ ColleenConscience ethical validator initialized
INFO:reasoning_forge.forge_engine:  ✓ CoreGuardianSpindle logical validator initialized
INFO:reasoning_forge.forge_engine:  ✓ NexisSignalEngine signal analysis initialized
INFO:Tier2Integration:Tier 2 Integration Bridge initialized
INFO:reasoning_forge.forge_engine:  ✓ Tier 2 Integration Bridge initialized (intent + identity + memory)
INFO:reasoning_forge.forge_engine:  ✓ CognitionCocooner initialized (thought encapsulation active)
INFO:reasoning_forge.forge_engine:  ✓ EthicalAIGovernance initialized (ethical screening active)
INFO:reasoning_forge.forge_engine:  ✓ AEGIS ethical governance initialized (6-framework evaluation)
INFO:reasoning_forge.forge_engine:  ✓ RoutingMetrics initialized (adapter selection tracking)
INFO:reasoning_forge.forge_engine:  ✓ CocoonIntrospectionEngine initialized (self-analysis active)
  [05:34:18] [  http] "GET /api/drift HTTP/1.1" 200 -
INFO:reasoning_forge.unified_memory:UnifiedMemory: 2840 cocoons in J:\codette-clean\data\codette_memory.db
INFO:reasoning_forge.forge_engine:  ✓ CocoonSynthesizer initialized (meta-cognitive strategy forging active)
INFO:reasoning_forge.forge_engine:  ✓ EventEmbeddedValueEngine initialized (discrete suffering analysis active)
INFO:reasoning_forge.forge_engine:  ✓ Self-awareness cocoon loaded (identity + evolution + capabilities)
  [05:34:19] [  http] "GET /api/governor HTTP/1.1" 200 -
INFO:reasoning_forge.forge_engine:  ✓ QuantumHarmonicFramework initialized (harmonic damping + Psi_r tracking)
[PHASE6] Memory kernel wired to orchestrator (2075 cocoon memories)
[PHASE6] ForgeEngine ready with 6 agents
[PHASE7] Executive Controller initialized - intelligent routing enabled
INFO:reasoning_forge.unified_memory:UnifiedMemory: 2840 cocoons in J:\codette-clean\data\codette_memory.db
INFO:inference.cognition_substrate:[substrate] Memory loaded (2840 cocoons)
INFO:inference.cognition_substrate:[substrate] SynthesisEngineV3 loaded
[PHASE8] CognitionSubstrate + RenderLayer initialized
  Phase 6 bridge initialized
  Phase 7 Executive Controller initialized
INFO:aegis_metrics_engine:✓ AEGIS Metrics Engine initialized at J:\codette-clean\aegis_metrics.db
  [05:34:19] [  http] "GET /api/drift HTTP/1.1" 200 -
INFO:aegis_layer4_complete:[Layer4] PQCShield initialized
INFO:aegis_orchestrator:🛡️  [AEGIS Orchestrator] Initialized with all safeguards active
INFO:aegis_forge_integration:✓ AEGIS layers loaded successfully
  AEGIS Protection Layers initialized (metrics db: J:\codette-clean\aegis_metrics.db)
  [05:34:19] [  http] "GET /api/aegis/stats?hours=24 HTTP/1.1" 200 -
INFO:memory_systems.seed_loader:[SeedLoader] Warm start complete — 7 seeds loaded (domain=none)
  Seed loader: 7 identity/value seeds loaded (warm start)
  [05:34:20] [  http] "GET /api/drift HTTP/1.1" 200 -
  [05:34:20] [  http] "GET /api/governor HTTP/1.1" 200 -
  [05:34:21] [  http] "GET /api/drift HTTP/1.1" 200 -
  [05:34:22] [  http] "GET /api/aegis/stats?hours=24 HTTP/1.1" 200 -
  [05:34:22] [  http] "GET /api/drift HTTP/1.1" 200 -
  [05:34:23] [  http] "GET /api/drift HTTP/1.1" 200 -
  [05:34:23] [  http] "GET /api/aegis/stats?hours=24 HTTP/1.1" 200 -
  [05:34:23] [  http] "GET /api/status HTTP/1.1" 200 -
  [05:34:24] [  http] "GET /api/session HTTP/1.1" 200 -
  [05:34:24] [  http] "GET /api/sessions HTTP/1.1" 200 -
  [05:34:24] [  http] "GET /api/drift HTTP/1.1" 200 -
  [05:34:25] [  http] "GET /api/aegis/healing-log?limit=15 HTTP/1.1" 200 -
  [05:34:25] [  http] "GET /api/aegis/stats?hours=24 HTTP/1.1" 200 -
  [05:34:25] [  http] "GET /api/aegis/recent-events?limit=15 HTTP/1.1" 200 -
  [05:34:25] [  http] "GET /api/status HTTP/1.1" 200 -
  [05:34:25] [  http] "GET /api/session HTTP/1.1" 200 -
  [05:34:25] [  http] "GET /api/sessions HTTP/1.1" 200 -
  [05:34:26] [  http] "GET /api/drift HTTP/1.1" 200 -
  [05:34:26] [  http] "GET /api/drift HTTP/1.1" 200 -
  [05:34:26] [  http] "GET /api/status HTTP/1.1" 200 -
  [05:34:26] [  http] "GET /api/session HTTP/1.1" 200 -
  [05:34:26] [  http] "GET /api/sessions HTTP/1.1" 200 -
  [05:34:27] [  http] "GET /api/aegis/stats?hours=24 HTTP/1.1" 200 -
  [05:34:27] [  http] "GET /api/aegis/recent-events?limit=15 HTTP/1.1" 200 -
  [05:34:27] [  http] "GET /api/aegis/healing-log?limit=15 HTTP/1.1" 200 -
  [05:34:27] [  http] "GET /api/drift HTTP/1.1" 200 -
  [05:34:28] [  http] "GET /api/governor HTTP/1.1" 200 -
  [05:34:28] [  http] "GET /api/aegis/stats?hours=24 HTTP/1.1" 200 -
  [05:34:28] [  http] "GET /api/aegis/recent-events?limit=15 HTTP/1.1" 200 -
  [05:34:28] [  http] "GET /api/aegis/healing-log?limit=15 HTTP/1.1" 200 -
  [05:34:28] [heartbeat] up 3m00s · model=ready · inferring · pending=0
  [05:34:28] [  http] "GET /api/drift HTTP/1.1" 200 -
  [05:34:29] [  http] "GET /api/drift HTTP/1.1" 200 -
  [05:34:29] [  http] "GET /api/governor HTTP/1.1" 200 -
  [05:34:30] [  http] "GET /api/aegis/stats?hours=24 HTTP/1.1" 200 -
  [05:34:30] [  http] "GET /api/governor HTTP/1.1" 200 -
  [05:34:30] [  http] "GET /api/drift HTTP/1.1" 200 -
  [OV:newton] ~327 tok, 9.0 tok/s
  [05:34:31] [  http] "GET /api/drift HTTP/1.1" 200 -
  [05:34:32] [  http] "GET /api/drift HTTP/1.1" 200 -
  [05:34:32] [  http] "GET /api/aegis/stats?hours=24 HTTP/1.1" 200 -
  [05:34:33] [  http] "GET /api/aegis/stats?hours=24 HTTP/1.1" 200 -
  [05:34:33] [  http] "GET /api/drift HTTP/1.1" 200 -
  [05:34:35] [  http] "GET /api/aegis/stats?hours=24 HTTP/1.1" 200 -
  [05:34:35] [  http] "GET /api/aegis/healing-log?limit=15 HTTP/1.1" 200 -
  [05:34:35] [  http] "GET /api/aegis/recent-events?limit=15 HTTP/1.1" 200 -
  [05:34:35] [  http] "GET /api/drift HTTP/1.1" 200 -
  [05:34:35] [  http] "GET /api/drift HTTP/1.1" 200 -
  [05:34:36] [  http] "GET /api/drift HTTP/1.1" 200 -
  [05:34:37] [  http] "GET /api/drift HTTP/1.1" 200 -
  [05:34:37] [  http] "GET /api/aegis/healing-log?limit=15 HTTP/1.1" 200 -
  [05:34:37] [  http] "GET /api/aegis/recent-events?limit=15 HTTP/1.1" 200 -
  [05:34:37] [  http] "GET /api/aegis/stats?hours=24 HTTP/1.1" 200 -
  [05:34:38] [  http] "GET /api/governor HTTP/1.1" 200 -
  [05:34:38] [  http] "GET /api/drift HTTP/1.1" 200 -
  [05:34:38] [  http] "GET /api/aegis/healing-log?limit=15 HTTP/1.1" 200 -
  [05:34:38] [  http] "GET /api/aegis/recent-events?limit=15 HTTP/1.1" 200 -
  [05:34:38] [  http] "GET /api/aegis/stats?hours=24 HTTP/1.1" 200 -
  [05:34:39] [  http] "GET /api/status HTTP/1.1" 200 -
  [05:34:39] [  http] "GET /api/governor HTTP/1.1" 200 -
  [05:34:39] [  http] "GET /api/session HTTP/1.1" 200 -
  [05:34:39] [  http] "GET /api/sessions HTTP/1.1" 200 -
  [05:34:39] [  http] "GET /api/drift HTTP/1.1" 200 -
  [05:34:39] [  http] "GET /api/aegis/stats?hours=24 HTTP/1.1" 200 -
  [05:34:40] [  http] "GET /api/governor HTTP/1.1" 200 -
  [05:34:40] [  http] "GET /api/status HTTP/1.1" 200 -
  [05:34:40] [  http] "GET /api/session HTTP/1.1" 200 -
  [05:34:40] [  http] "GET /api/sessions HTTP/1.1" 200 -
  [05:34:41] [  http] "GET /api/drift HTTP/1.1" 200 -
  [05:34:41] [  http] "GET /api/drift HTTP/1.1" 200 -
  [05:34:41] [  http] "GET /api/status HTTP/1.1" 200 -
  [05:34:41] [  http] "GET /api/session HTTP/1.1" 200 -
  [05:34:41] [  http] "GET /api/sessions HTTP/1.1" 200 -
  [05:34:42] [  http] "GET /api/aegis/stats?hours=24 HTTP/1.1" 200 -
  [05:34:42] [  http] "GET /api/drift HTTP/1.1" 200 -
  [05:34:43] [  http] "GET /api/aegis/stats?hours=24 HTTP/1.1" 200 -
  [05:34:43] [  http] "GET /api/drift HTTP/1.1" 200 -
  [05:34:44] [  http] "GET /api/drift HTTP/1.1" 200 -
  [05:34:44] [  http] "GET /api/aegis/recent-events?limit=15 HTTP/1.1" 200 -
  [05:34:44] [  http] "GET /api/aegis/stats?hours=24 HTTP/1.1" 200 -
  [05:34:44] [  http] "GET /api/aegis/healing-log?limit=15 HTTP/1.1" 200 -
  [05:34:45] [  http] "GET /api/drift HTTP/1.1" 200 -
  [05:34:46] [  http] "GET /api/drift HTTP/1.1" 200 -
  [05:34:47] [  http] "GET /api/drift HTTP/1.1" 200 -
  [05:34:47] [  http] "GET /api/aegis/stats?hours=24 HTTP/1.1" 200 -
  [05:34:47] [  http] "GET /api/aegis/healing-log?limit=15 HTTP/1.1" 200 -
  [05:34:47] [  http] "GET /api/aegis/recent-events?limit=15 HTTP/1.1" 200 -
  [05:34:48] [  http] "GET /api/governor HTTP/1.1" 200 -
  [05:34:48] [  http] "GET /api/aegis/stats?hours=24 HTTP/1.1" 200 -
  [05:34:48] [  http] "GET /api/aegis/recent-events?limit=15 HTTP/1.1" 200 -
  [05:34:48] [  http] "GET /api/aegis/healing-log?limit=15 HTTP/1.1" 200 -
  [05:34:48] [  http] "GET /api/drift HTTP/1.1" 200 -
  [05:34:49] [  http] "GET /api/governor HTTP/1.1" 200 -
  [05:34:49] [  http] "GET /api/drift HTTP/1.1" 200 -
  [05:34:50] [  http] "GET /api/aegis/stats?hours=24 HTTP/1.1" 200 -
  [05:34:50] [  http] "GET /api/drift HTTP/1.1" 200 -
  [05:34:50] [  http] "GET /api/governor HTTP/1.1" 200 -
  [05:34:51] [  http] "GET /api/drift HTTP/1.1" 200 -
  [05:34:52] [  http] "GET /api/aegis/stats?hours=24 HTTP/1.1" 200 -
  [05:34:52] [  http] "GET /api/drift HTTP/1.1" 200 -
  [05:34:53] [  http] "GET /api/drift HTTP/1.1" 200 -
  [05:34:53] [  http] "GET /api/aegis/stats?hours=24 HTTP/1.1" 200 -
  [05:34:54] [  http] "GET /api/status HTTP/1.1" 200 -
  [05:34:54] [  http] "GET /api/session HTTP/1.1" 200 -
  [05:34:54] [  http] "GET /api/sessions HTTP/1.1" 200 -
  [05:34:54] [  http] "GET /api/drift HTTP/1.1" 200 -
  [05:34:54] [  http] "GET /api/aegis/stats?hours=24 HTTP/1.1" 200 -
  [05:34:54] [  http] "GET /api/aegis/healing-log?limit=15 HTTP/1.1" 200 -
  [05:34:54] [  http] "GET /api/aegis/recent-events?limit=15 HTTP/1.1" 200 -
  [05:34:55] [  http] "GET /api/status HTTP/1.1" 200 -
  [05:34:55] [  http] "GET /api/session HTTP/1.1" 200 -
  [05:34:55] [  http] "GET /api/sessions HTTP/1.1" 200 -
  [05:34:55] [  http] "GET /api/drift HTTP/1.1" 200 -
  [05:34:56] [  http] "GET /api/drift HTTP/1.1" 200 -
  [05:34:56] [  http] "GET /api/status HTTP/1.1" 200 -
  [05:34:57] [  http] "GET /api/session HTTP/1.1" 200 -
  [05:34:57] [  http] "GET /api/sessions HTTP/1.1" 200 -
  [05:34:57] [  http] "GET /api/aegis/stats?hours=24 HTTP/1.1" 200 -
  [05:34:57] [  http] "GET /api/aegis/healing-log?limit=15 HTTP/1.1" 200 -
  [05:34:58] [heartbeat] up 3m30s · model=ready · inferring · pending=0
  [05:34:58] [  http] "GET /api/drift HTTP/1.1" 200 -
  [05:34:59] [  http] "GET /api/aegis/recent-events?limit=15 HTTP/1.1" 200 -
  [05:35:00] [  http] "GET /api/drift HTTP/1.1" 200 -
  [05:35:00] [  http] "GET /api/governor HTTP/1.1" 200 -
  [05:35:00] [  http] "GET /api/aegis/stats?hours=24 HTTP/1.1" 200 -
  [05:35:00] [  http] "GET /api/aegis/healing-log?limit=15 HTTP/1.1" 200 -
  [05:35:03] [  http] "GET /api/governor HTTP/1.1" 200 -
  [05:35:03] [  http] "GET /api/aegis/stats?hours=24 HTTP/1.1" 200 -
  [05:35:03] [  http] "GET /api/drift HTTP/1.1" 200 -
  [05:35:03] [  http] "GET /api/drift HTTP/1.1" 200 -
  [05:35:03] [  http] "GET /api/aegis/recent-events?limit=15 HTTP/1.1" 200 -
  [05:35:03] [  http] "GET /api/governor HTTP/1.1" 200 -
  [05:35:03] [  http] "GET /api/aegis/stats?hours=24 HTTP/1.1" 200 -
  [05:35:03] [  http] "GET /api/drift HTTP/1.1" 200 -
  [05:35:03] [  http] "GET /api/aegis/stats?hours=24 HTTP/1.1" 200 -
  [05:35:03] [  http] "GET /api/drift HTTP/1.1" 200 -
  [05:35:04] [  http] "GET /api/drift HTTP/1.1" 200 -
  [05:35:05] [  http] "GET /api/aegis/healing-log?limit=15 HTTP/1.1" 200 -
  [05:35:05] [  http] "GET /api/aegis/stats?hours=24 HTTP/1.1" 200 -
  [05:35:05] [  http] "GET /api/aegis/recent-events?limit=15 HTTP/1.1" 200 -
  [05:35:05] [  http] "GET /api/drift HTTP/1.1" 200 -
  [05:35:05] [  http] "GET /api/drift HTTP/1.1" 200 -
  [05:35:06] [  http] "GET /api/drift HTTP/1.1" 200 -
  [05:35:07] [  http] "GET /api/drift HTTP/1.1" 200 -
  [05:35:07] [  http] "GET /api/aegis/healing-log?limit=15 HTTP/1.1" 200 -
  [05:35:07] [  http] "GET /api/aegis/stats?hours=24 HTTP/1.1" 200 -
  [05:35:07] [  http] "GET /api/aegis/recent-events?limit=15 HTTP/1.1" 200 -
  [05:35:08] [  http] "GET /api/governor HTTP/1.1" 200 -
  [OV:quantum] ~391 tok, 10.7 tok/s
  [TENSION] xi=0.1146 gamma=0.8972 — primary direct (perspectives agree)
  [MEMORY] [generation] baseline=2646MB peak=2651MB (+5 transient) retained=-829MB in 73.5s (273 samples)
  [WORKER] Got result: response=1735 chars, adapter=newton
  [05:35:08] [  http] "GET /api/drift HTTP/1.1" 200 -
  [05:35:08] [  http] "GET /api/aegis/healing-log?limit=15 HTTP/1.1" 200 -
  [05:35:08] [  http] "GET /api/aegis/stats?hours=24 HTTP/1.1" 200 -
  [05:35:08] [  http] "GET /api/aegis/recent-events?limit=15 HTTP/1.1" 200 -
WARNING:CodetteSubsystemUpgrade:[AEGIS] would-veto (SHADOW) — ubuntu=0.40 < 0.5 (η=0.84); passing through
  [AEGIS] would-block (SHADOW) η=0.8435 — enforcing nothing yet
  [05:35:09] [  http] "GET /api/governor HTTP/1.1" 200 -
  [05:35:09] [  http] "GET /api/status HTTP/1.1" 200 -
  [05:35:09] [  http] "GET /api/session HTTP/1.1" 200 -
  [COGNITION] ξ=0.1146 Γ=0.8972 η=0.8435 σ=0.0 fidelity=— P=0.303 (all measured)
  [05:35:09] [  http] "GET /api/drift HTTP/1.1" 200 -
  [05:35:09] [  http] "GET /api/sessions HTTP/1.1" 200 -
  [05:35:09] [  http] "GET /api/aegis/stats?hours=24 HTTP/1.1" 200 -
  [05:35:10] [  http] "GET /api/governor HTTP/1.1" 200 -
  [05:35:10] [  http] "GET /api/status HTTP/1.1" 200 -
  [05:35:10] [  http] "POST /api/chat HTTP/1.1" 200 -
  [05:35:10] [  http] "GET /api/session HTTP/1.1" 200 -
  [05:35:10] [  http] "GET /api/sessions HTTP/1.1" 200 -
  [05:35:10] [  http] "GET /api/drift HTTP/1.1" 200 -
  [05:35:11] [  http] "GET /api/drift HTTP/1.1" 200 -
  [05:35:12] [  http] "GET /api/status HTTP/1.1" 200 -
  [05:35:12] [  http] "GET /api/session HTTP/1.1" 200 -
  [05:35:12] [  http] "GET /api/sessions HTTP/1.1" 200 -
  [05:35:12] [  http] "GET /api/aegis/stats?hours=24 HTTP/1.1" 200 -
  [WORKER] Processing query: What is the correct answer to this question: trans-cinnamald...
INFO:reasoning_forge.behavior_governor:[GOVERNOR] Pre: identity=none (conf=0.15), memory=1 cocoons, tokens=200, compression=compressed
  [GOVERNOR] identity=none (conf=0.15), memory=1 cocoons, tokens=200, compression=compressed
  [WORKER] Using forge bridge (Phase 6/7)
[PHASE6] Query complexity: QueryComplexity.SIMPLE
[PHASE7] Route: 
[PHASE6] Domain: chemistry, max_adapters: 1

  [OV] Route: newton (conf=0.89, keyword)
  [05:35:12] [  http] "GET /api/drift HTTP/1.1" 200 -
  [05:35:13] [  http] "GET /api/aegis/stats?hours=24 HTTP/1.1" 200 -
  [05:35:13] [  http] "GET /api/drift HTTP/1.1" 200 -
  [05:35:13] [  http] "GET /api/drift HTTP/1.1" 200 -
  [05:35:15] [  http] "GET /api/aegis/healing-log?limit=15 HTTP/1.1" 200 -
  [05:35:15] [  http] "GET /api/aegis/stats?hours=24 HTTP/1.1" 200 -
  [05:35:15] [  http] "GET /api/aegis/recent-events?limit=15 HTTP/1.1" 200 -
  [05:35:15] [  http] "GET /api/drift HTTP/1.1" 200 -
  [05:35:16] [  http] "GET /api/drift HTTP/1.1" 200 -
  [05:35:16] [  http] "GET /api/drift HTTP/1.1" 200 -
  [05:35:17] [  http] "GET /api/aegis/stats?hours=24 HTTP/1.1" 200 -
  [05:35:17] [  http] "GET /api/aegis/healing-log?limit=15 HTTP/1.1" 200 -
  [05:35:17] [  http] "GET /api/aegis/recent-events?limit=15 HTTP/1.1" 200 -
  [05:35:18] [  http] "GET /api/governor HTTP/1.1" 200 -
  [05:35:18] [  http] "GET /api/aegis/stats?hours=24 HTTP/1.1" 200 -
  [05:35:18] [  http] "GET /api/aegis/healing-log?limit=15 HTTP/1.1" 200 -
  [05:35:18] [  http] "GET /api/aegis/recent-events?limit=15 HTTP/1.1" 200 -
  [05:35:18] [  http] "GET /api/drift HTTP/1.1" 200 -
  [05:35:19] [  http] "GET /api/governor HTTP/1.1" 200 -
  [05:35:19] [  http] "GET /api/drift HTTP/1.1" 200 -
  [05:35:19] [  http] "GET /api/aegis/stats?hours=24 HTTP/1.1" 200 -
  [05:35:20] [  http] "GET /api/drift HTTP/1.1" 200 -
  [05:35:20] [  http] "GET /api/governor HTTP/1.1" 200 -
  [05:35:21] [  http] "GET /api/drift HTTP/1.1" 200 -
  [05:35:22] [  http] "GET /api/aegis/stats?hours=24 HTTP/1.1" 200 -
  [05:35:22] [  http] "GET /api/drift HTTP/1.1" 200 -
  [05:35:23] [  http] "GET /api/drift HTTP/1.1" 200 -
  [05:35:23] [  http] "GET /api/aegis/stats?hours=24 HTTP/1.1" 200 -
  [05:35:24] [  http] "GET /api/status HTTP/1.1" 200 -
  [05:35:24] [  http] "GET /api/session HTTP/1.1" 200 -
  [05:35:24] [  http] "GET /api/sessions HTTP/1.1" 200 -
  [05:35:25] [  http] "GET /api/drift HTTP/1.1" 200 -
  [05:35:25] [  http] "GET /api/aegis/stats?hours=24 HTTP/1.1" 200 -
  [05:35:25] [  http] "GET /api/aegis/healing-log?limit=15 HTTP/1.1" 200 -
  [05:35:25] [  http] "GET /api/aegis/recent-events?limit=15 HTTP/1.1" 200 -
  [05:35:25] [  http] "GET /api/status HTTP/1.1" 200 -
  [05:35:25] [  http] "GET /api/session HTTP/1.1" 200 -
  [05:35:25] [  http] "GET /api/sessions HTTP/1.1" 200 -
  [05:35:25] [  http] "GET /api/drift HTTP/1.1" 200 -
  [05:35:26] [  http] "GET /api/drift HTTP/1.1" 200 -
  [05:35:27] [  http] "GET /api/status HTTP/1.1" 200 -
  [05:35:28] [  http] "GET /api/session HTTP/1.1" 200 -
  [05:35:28] [  http] "GET /api/sessions HTTP/1.1" 200 -
  [05:35:28] [  http] "GET /api/aegis/stats?hours=24 HTTP/1.1" 200 -
  [05:35:28] [  http] "GET /api/aegis/healing-log?limit=15 HTTP/1.1" 200 -
  [05:35:28] [  http] "GET /api/aegis/recent-events?limit=15 HTTP/1.1" 200 -
  [05:35:28] [  http] "GET /api/drift HTTP/1.1" 200 -
  [05:35:28] [  http] "GET /api/governor HTTP/1.1" 200 -
  [05:35:28] [  http] "GET /api/aegis/healing-log?limit=15 HTTP/1.1" 200 -
  [05:35:28] [  http] "GET /api/aegis/stats?hours=24 HTTP/1.1" 200 -
  [05:35:28] [  http] "GET /api/aegis/recent-events?limit=15 HTTP/1.1" 200 -
  [05:35:28] [heartbeat] up 4m00s · model=ready · inferring · pending=0
  [05:35:28] [  http] "GET /api/drift HTTP/1.1" 200 -
  [05:35:29] [  http] "GET /api/drift HTTP/1.1" 200 -
  [05:35:29] [  http] "GET /api/governor HTTP/1.1" 200 -
  [05:35:29] [  http] "GET /api/aegis/stats?hours=24 HTTP/1.1" 200 -
  [05:35:30] [  http] "GET /api/governor HTTP/1.1" 200 -
  [05:35:30] [  http] "GET /api/drift HTTP/1.1" 200 -
  [05:35:31] [  http] "GET /api/drift HTTP/1.1" 200 -
  [05:35:32] [  http] "GET /api/drift HTTP/1.1" 200 -
  [05:35:32] [  http] "GET /api/aegis/stats?hours=24 HTTP/1.1" 200 -
  [05:35:33] [  http] "GET /api/aegis/stats?hours=24 HTTP/1.1" 200 -
  [05:35:33] [  http] "GET /api/drift HTTP/1.1" 200 -
  [OV:newton] ~227 tok, 10.8 tok/s
[AAP] attractor=Fact eps=0.20 trust=0.780
[RENDER-AUDIT] ok overlap=96.77%
[PHASE6] Done: 1391 chars, 227 tokens
  [MEMORY] [generation] baseline=1765MB peak=1846MB (+80 transient) retained=-167MB in 21.3s (80 samples)
  [WORKER] Got result: response=1391 chars, adapter=newton
  [GOVERNOR] Response exceeded token budget (348 est vs 200 budget).
  [COGNITION] ξ=— Γ=— η=0.8815 σ=0.0 fidelity=0.9677 P=0.302 (all measured)
  [05:35:34] [  http] "POST /api/chat HTTP/1.1" 200 -
  [05:35:34] [  http] "GET /api/aegis/healing-log?limit=15 HTTP/1.1" 200 -
  [05:35:34] [  http] "GET /api/aegis/stats?hours=24 HTTP/1.1" 200 -
  [05:35:34] [  http] "GET /api/aegis/recent-events?limit=15 HTTP/1.1" 200 -
  [05:35:35] [  http] "GET /api/drift HTTP/1.1" 200 -
  [05:35:35] [  http] "GET /api/drift HTTP/1.1" 200 -
  [WORKER] Processing query: What is the correct answer to this question: A spin-half par...
INFO:reasoning_forge.behavior_governor:[GOVERNOR] Pre: identity=none (conf=0.15), memory=2 cocoons, tokens=400, compression=normal
  [GOVERNOR] identity=none (conf=0.15), memory=2 cocoons, tokens=400, compression=normal
  [WORKER] Using forge bridge (Phase 6/7)
[PHASE6] Query complexity: QueryComplexity.MEDIUM
[PHASE7] Route: debate,semantic_tension,specialization_tracking,memory_weighting,gamma_monitoring,synthesis
[PHASE6] Domain: physics, max_adapters: 2

  [OV] Route: newton + quantum (conf=0.62, keyword)
  [05:35:36] [  http] "GET /api/drift HTTP/1.1" 200 -
  [05:35:37] [  http] "GET /api/drift HTTP/1.1" 200 -
  [05:35:37] [  http] "GET /api/aegis/stats?hours=24 HTTP/1.1" 200 -
  [05:35:37] [  http] "GET /api/aegis/healing-log?limit=15 HTTP/1.1" 200 -
  [05:35:37] [  http] "GET /api/aegis/recent-events?limit=15 HTTP/1.1" 200 -
  [05:35:38] [  http] "GET /api/governor HTTP/1.1" 200 -
  [05:35:38] [  http] "GET /api/drift HTTP/1.1" 200 -
  [05:35:38] [  http] "GET /api/aegis/stats?hours=24 HTTP/1.1" 200 -
  [05:35:38] [  http] "GET /api/aegis/healing-log?limit=15 HTTP/1.1" 200 -
  [05:35:38] [  http] "GET /api/aegis/recent-events?limit=15 HTTP/1.1" 200 -
  [05:35:39] [  http] "GET /api/governor HTTP/1.1" 200 -
  [05:35:39] [  http] "GET /api/status HTTP/1.1" 200 -
  [05:35:39] [  http] "GET /api/drift HTTP/1.1" 200 -
  [05:35:39] [  http] "GET /api/session HTTP/1.1" 200 -
  [05:35:39] [  http] "GET /api/sessions HTTP/1.1" 200 -
  [05:35:39] [  http] "GET /api/aegis/stats?hours=24 HTTP/1.1" 200 -
  [05:35:40] [  http] "GET /api/governor HTTP/1.1" 200 -
  [05:35:40] [  http] "GET /api/status HTTP/1.1" 200 -
  [05:35:40] [  http] "GET /api/drift HTTP/1.1" 200 -
  [05:35:40] [  http] "GET /api/session HTTP/1.1" 200 -
  [05:35:40] [  http] "GET /api/sessions HTTP/1.1" 200 -
  [05:35:41] [  http] "GET /api/drift HTTP/1.1" 200 -
  [05:35:42] [  http] "GET /api/status HTTP/1.1" 200 -
  [05:35:42] [  http] "GET /api/drift HTTP/1.1" 200 -
  [05:35:42] [  http] "GET /api/aegis/stats?hours=24 HTTP/1.1" 200 -
  [05:35:43] [  http] "GET /api/session HTTP/1.1" 200 -
  [05:35:43] [  http] "GET /api/aegis/stats?hours=24 HTTP/1.1" 200 -
  [05:35:43] [  http] "GET /api/sessions HTTP/1.1" 200 -
  [05:35:43] [  http] "GET /api/drift HTTP/1.1" 200 -
  [05:35:43] [  http] "GET /api/drift HTTP/1.1" 200 -
  [05:35:44] [  http] "GET /api/aegis/healing-log?limit=15 HTTP/1.1" 200 -
  [05:35:44] [  http] "GET /api/aegis/recent-events?limit=15 HTTP/1.1" 200 -
  [05:35:44] [  http] "GET /api/aegis/stats?hours=24 HTTP/1.1" 200 -
  [05:35:45] [  http] "GET /api/drift HTTP/1.1" 200 -
  [05:35:46] [  http] "GET /api/drift HTTP/1.1" 200 -
  [05:35:46] [  http] "GET /api/drift HTTP/1.1" 200 -
  [05:35:47] [  http] "GET /api/aegis/stats?hours=24 HTTP/1.1" 200 -
  [05:35:47] [  http] "GET /api/aegis/recent-events?limit=15 HTTP/1.1" 200 -
  [05:35:47] [  http] "GET /api/aegis/healing-log?limit=15 HTTP/1.1" 200 -
  [05:35:48] [  http] "GET /api/governor HTTP/1.1" 200 -
  [05:35:48] [  http] "GET /api/aegis/stats?hours=24 HTTP/1.1" 200 -
  [05:35:48] [  http] "GET /api/aegis/recent-events?limit=15 HTTP/1.1" 200 -
  [05:35:48] [  http] "GET /api/aegis/healing-log?limit=15 HTTP/1.1" 200 -
  [05:35:48] [  http] "GET /api/drift HTTP/1.1" 200 -
  [05:35:49] [  http] "GET /api/governor HTTP/1.1" 200 -
  [05:35:49] [  http] "GET /api/drift HTTP/1.1" 200 -
  [05:35:49] [  http] "GET /api/aegis/stats?hours=24 HTTP/1.1" 200 -
  [05:35:50] [  http] "GET /api/drift HTTP/1.1" 200 -
  [05:35:50] [  http] "GET /api/governor HTTP/1.1" 200 -
  [05:35:51] [  http] "GET /api/drift HTTP/1.1" 200 -
  [05:35:52] [  http] "GET /api/aegis/stats?hours=24 HTTP/1.1" 200 -
  [05:35:52] [  http] "GET /api/drift HTTP/1.1" 200 -
  [05:35:53] [  http] "GET /api/drift HTTP/1.1" 200 -
  [05:35:53] [  http] "GET /api/aegis/stats?hours=24 HTTP/1.1" 200 -
  [05:35:54] [  http] "GET /api/drift HTTP/1.1" 200 -
  [05:35:54] [  http] "GET /api/aegis/stats?hours=24 HTTP/1.1" 200 -
  [05:35:54] [  http] "GET /api/aegis/healing-log?limit=15 HTTP/1.1" 200 -
  [05:35:54] [  http] "GET /api/aegis/recent-events?limit=15 HTTP/1.1" 200 -
  [05:35:55] [  http] "GET /api/status HTTP/1.1" 200 -
  [05:35:55] [  http] "GET /api/session HTTP/1.1" 200 -
  [05:35:55] [  http] "GET /api/sessions HTTP/1.1" 200 -
  [05:35:55] [  http] "GET /api/status HTTP/1.1" 200 -
  [05:35:55] [  http] "GET /api/session HTTP/1.1" 200 -
  [05:35:55] [  http] "GET /api/drift HTTP/1.1" 200 -
  [05:35:55] [  http] "GET /api/sessions HTTP/1.1" 200 -
  [05:35:56] [  http] "GET /api/drift HTTP/1.1" 200 -
  [05:35:57] [  http] "GET /api/aegis/healing-log?limit=15 HTTP/1.1" 200 -
  [05:35:57] [  http] "GET /api/aegis/stats?hours=24 HTTP/1.1" 200 -
  [05:35:57] [  http] "GET /api/aegis/recent-events?limit=15 HTTP/1.1" 200 -
  [05:35:57] [  http] "GET /api/drift HTTP/1.1" 200 -
  [05:35:58] [  http] "GET /api/status HTTP/1.1" 200 -
  [05:35:58] [  http] "GET /api/governor HTTP/1.1" 200 -
  [05:35:58] [  http] "GET /api/aegis/healing-log?limit=15 HTTP/1.1" 200 -
  [05:35:58] [  http] "GET /api/aegis/recent-events?limit=15 HTTP/1.1" 200 -
  [05:35:58] [  http] "GET /api/aegis/stats?hours=24 HTTP/1.1" 200 -
  [05:35:58] [  http] "GET /api/session HTTP/1.1" 200 -
  [05:35:58] [  http] "GET /api/sessions HTTP/1.1" 200 -
  [05:35:58] [heartbeat] up 4m30s · model=ready · inferring · pending=0
  [05:35:58] [  http] "GET /api/drift HTTP/1.1" 200 -
  [05:35:58] [  http] "GET /api/drift HTTP/1.1" 200 -
  [05:35:59] [  http] "GET /api/governor HTTP/1.1" 200 -
  [05:35:59] [  http] "GET /api/aegis/stats?hours=24 HTTP/1.1" 200 -
  [05:36:00] [  http] "GET /api/governor HTTP/1.1" 200 -
  [05:36:00] [  http] "GET /api/drift HTTP/1.1" 200 -
  [05:36:01] [  http] "GET /api/drift HTTP/1.1" 200 -
  [05:36:02] [  http] "GET /api/drift HTTP/1.1" 200 -
  [05:36:02] [  http] "GET /api/aegis/stats?hours=24 HTTP/1.1" 200 -
  [05:36:03] [  http] "GET /api/aegis/stats?hours=24 HTTP/1.1" 200 -
  [05:36:03] [  http] "GET /api/drift HTTP/1.1" 200 -
  [05:36:04] [  http] "GET /api/aegis/stats?hours=24 HTTP/1.1" 200 -
  [05:36:04] [  http] "GET /api/aegis/healing-log?limit=15 HTTP/1.1" 200 -
  [05:36:04] [  http] "GET /api/aegis/recent-events?limit=15 HTTP/1.1" 200 -
  [05:36:05] [  http] "GET /api/drift HTTP/1.1" 200 -
  [05:36:05] [  http] "GET /api/drift HTTP/1.1" 200 -
  [05:36:06] [  http] "GET /api/drift HTTP/1.1" 200 -
  [05:36:07] [  http] "GET /api/drift HTTP/1.1" 200 -
  [05:36:07] [  http] "GET /api/aegis/healing-log?limit=15 HTTP/1.1" 200 -
  [05:36:07] [  http] "GET /api/aegis/stats?hours=24 HTTP/1.1" 200 -
  [05:36:07] [  http] "GET /api/aegis/recent-events?limit=15 HTTP/1.1" 200 -
  [05:36:08] [  http] "GET /api/governor HTTP/1.1" 200 -
  [05:36:08] [  http] "GET /api/drift HTTP/1.1" 200 -
  [05:36:08] [  http] "GET /api/aegis/healing-log?limit=15 HTTP/1.1" 200 -
  [05:36:08] [  http] "GET /api/aegis/recent-events?limit=15 HTTP/1.1" 200 -
  [05:36:08] [  http] "GET /api/aegis/stats?hours=24 HTTP/1.1" 200 -
  [05:36:09] [  http] "GET /api/governor HTTP/1.1" 200 -
  [05:36:09] [  http] "GET /api/drift HTTP/1.1" 200 -
  [05:36:10] [  http] "GET /api/aegis/stats?hours=24 HTTP/1.1" 200 -
  [05:36:10] [  http] "GET /api/status HTTP/1.1" 200 -
  [05:36:10] [  http] "GET /api/governor HTTP/1.1" 200 -
  [05:36:10] [  http] "GET /api/session HTTP/1.1" 200 -
  [05:36:10] [  http] "GET /api/sessions HTTP/1.1" 200 -
  [05:36:10] [  http] "GET /api/status HTTP/1.1" 200 -
  [05:36:10] [  http] "GET /api/drift HTTP/1.1" 200 -
  [05:36:10] [  http] "GET /api/session HTTP/1.1" 200 -
  [05:36:10] [  http] "GET /api/sessions HTTP/1.1" 200 -
  [05:36:11] [  http] "GET /api/drift HTTP/1.1" 200 -
  [05:36:12] [  http] "GET /api/drift HTTP/1.1" 200 -
  [05:36:12] [  http] "GET /api/aegis/stats?hours=24 HTTP/1.1" 200 -
  [05:36:13] [  http] "GET /api/aegis/stats?hours=24 HTTP/1.1" 200 -
  [05:36:13] [  http] "GET /api/status HTTP/1.1" 200 -
  [05:36:13] [  http] "GET /api/session HTTP/1.1" 200 -
  [05:36:13] [  http] "GET /api/sessions HTTP/1.1" 200 -
  [05:36:13] [  http] "GET /api/drift HTTP/1.1" 200 -
  [05:36:13] [  http] "GET /api/drift HTTP/1.1" 200 -
  [05:36:15] [  http] "GET /api/aegis/stats?hours=24 HTTP/1.1" 200 -
  [05:36:15] [  http] "GET /api/aegis/healing-log?limit=15 HTTP/1.1" 200 -
  [05:36:15] [  http] "GET /api/aegis/recent-events?limit=15 HTTP/1.1" 200 -
  [05:36:16] [  http] "GET /api/drift HTTP/1.1" 200 -
  [05:36:16] [  http] "GET /api/drift HTTP/1.1" 200 -
  [05:36:16] [  http] "GET /api/drift HTTP/1.1" 200 -
  [05:36:17] [  http] "GET /api/aegis/healing-log?limit=15 HTTP/1.1" 200 -
  [05:36:17] [  http] "GET /api/aegis/recent-events?limit=15 HTTP/1.1" 200 -
  [05:36:17] [  http] "GET /api/aegis/stats?hours=24 HTTP/1.1" 200 -
  [05:36:18] [  http] "GET /api/governor HTTP/1.1" 200 -
  [05:36:18] [  http] "GET /api/aegis/healing-log?limit=15 HTTP/1.1" 200 -
  [05:36:18] [  http] "GET /api/aegis/recent-events?limit=15 HTTP/1.1" 200 -
  [05:36:18] [  http] "GET /api/aegis/stats?hours=24 HTTP/1.1" 200 -
  [05:36:18] [  http] "GET /api/drift HTTP/1.1" 200 -
  [05:36:19] [  http] "GET /api/governor HTTP/1.1" 200 -
  [05:36:19] [  http] "GET /api/drift HTTP/1.1" 200 -
  [05:36:19] [  http] "GET /api/aegis/stats?hours=24 HTTP/1.1" 200 -
  [05:36:20] [  http] "GET /api/drift HTTP/1.1" 200 -
  [05:36:20] [  http] "GET /api/governor HTTP/1.1" 200 -
  [05:36:21] [  http] "GET /api/drift HTTP/1.1" 200 -
  [05:36:22] [  http] "GET /api/aegis/stats?hours=24 HTTP/1.1" 200 -
  [05:36:22] [  http] "GET /api/drift HTTP/1.1" 200 -
  [05:36:23] [  http] "GET /api/aegis/stats?hours=24 HTTP/1.1" 200 -
  [05:36:23] [  http] "GET /api/drift HTTP/1.1" 200 -
  [05:36:24] [  http] "GET /api/drift HTTP/1.1" 200 -
  [05:36:24] [  http] "GET /api/aegis/stats?hours=24 HTTP/1.1" 200 -
  [05:36:24] [  http] "GET /api/aegis/healing-log?limit=15 HTTP/1.1" 200 -
  [05:36:24] [  http] "GET /api/aegis/recent-events?limit=15 HTTP/1.1" 200 -
  [05:36:25] [  http] "GET /api/status HTTP/1.1" 200 -
  [05:36:25] [  http] "GET /api/status HTTP/1.1" 200 -
  [05:36:25] [  http] "GET /api/session HTTP/1.1" 200 -
  [05:36:25] [  http] "GET /api/sessions HTTP/1.1" 200 -
  [05:36:25] [  http] "GET /api/drift HTTP/1.1" 200 -
  [05:36:25] [  http] "GET /api/session HTTP/1.1" 200 -
  [05:36:25] [  http] "GET /api/sessions HTTP/1.1" 200 -
  [05:36:26] [  http] "GET /api/drift HTTP/1.1" 200 -
  [05:36:27] [  http] "GET /api/drift HTTP/1.1" 200 -
  [05:36:27] [  http] "GET /api/aegis/healing-log?limit=15 HTTP/1.1" 200 -
  [05:36:27] [  http] "GET /api/aegis/recent-events?limit=15 HTTP/1.1" 200 -
  [05:36:27] [  http] "GET /api/aegis/stats?hours=24 HTTP/1.1" 200 -
  [05:36:28] [  http] "GET /api/governor HTTP/1.1" 200 -
  [05:36:28] [  http] "GET /api/aegis/healing-log?limit=15 HTTP/1.1" 200 -
  [05:36:28] [  http] "GET /api/aegis/recent-events?limit=15 HTTP/1.1" 200 -
  [05:36:28] [  http] "GET /api/aegis/stats?hours=24 HTTP/1.1" 200 -
  [05:36:28] [  http] "GET /api/status HTTP/1.1" 200 -
  [05:36:28] [heartbeat] up 5m00s · model=ready · inferring · pending=0
  [05:36:28] [  http] "GET /api/drift HTTP/1.1" 200 -
  [05:36:28] [  http] "GET /api/session HTTP/1.1" 200 -
  [05:36:28] [  http] "GET /api/sessions HTTP/1.1" 200 -
  [05:36:29] [  http] "GET /api/drift HTTP/1.1" 200 -
  [05:36:29] [  http] "GET /api/governor HTTP/1.1" 200 -
  [05:36:29] [  http] "GET /api/aegis/stats?hours=24 HTTP/1.1" 200 -
  [05:36:30] [  http] "GET /api/governor HTTP/1.1" 200 -
  [05:36:30] [  http] "GET /api/drift HTTP/1.1" 200 -
  [05:36:31] [  http] "GET /api/drift HTTP/1.1" 200 -
  [05:36:32] [  http] "GET /api/drift HTTP/1.1" 200 -
  [05:36:32] [  http] "GET /api/aegis/stats?hours=24 HTTP/1.1" 200 -
  [05:36:33] [  http] "GET /api/aegis/stats?hours=24 HTTP/1.1" 200 -
  [05:36:33] [  http] "GET /api/drift HTTP/1.1" 200 -
  [05:36:34] [  http] "GET /api/aegis/healing-log?limit=15 HTTP/1.1" 200 -
  [05:36:34] [  http] "GET /api/aegis/recent-events?limit=15 HTTP/1.1" 200 -
  [05:36:34] [  http] "GET /api/aegis/stats?hours=24 HTTP/1.1" 200 -
  [05:36:35] [  http] "GET /api/drift HTTP/1.1" 200 -
  [05:36:35] [  http] "GET /api/drift HTTP/1.1" 200 -
  [05:36:36] [  http] "GET /api/drift HTTP/1.1" 200 -
  [05:36:37] [  http] "GET /api/drift HTTP/1.1" 200 -
  [05:36:37] [  http] "GET /api/aegis/healing-log?limit=15 HTTP/1.1" 200 -
  [05:36:37] [  http] "GET /api/aegis/stats?hours=24 HTTP/1.1" 200 -
  [05:36:37] [  http] "GET /api/aegis/recent-events?limit=15 HTTP/1.1" 200 -
  [05:36:38] [  http] "GET /api/governor HTTP/1.1" 200 -
  [05:36:38] [  http] "GET /api/drift HTTP/1.1" 200 -
  [05:36:38] [  http] "GET /api/aegis/healing-log?limit=15 HTTP/1.1" 200 -
  [05:36:38] [  http] "GET /api/aegis/recent-events?limit=15 HTTP/1.1" 200 -
  [05:36:38] [  http] "GET /api/aegis/stats?hours=24 HTTP/1.1" 200 -
  [05:36:39] [  http] "GET /api/governor HTTP/1.1" 200 -
  [05:36:39] [  http] "GET /api/drift HTTP/1.1" 200 -
  [05:36:40] [  http] "GET /api/aegis/stats?hours=24 HTTP/1.1" 200 -
  [05:36:40] [  http] "GET /api/governor HTTP/1.1" 200 -
  [05:36:40] [  http] "GET /api/status HTTP/1.1" 200 -
  [05:36:40] [  http] "GET /api/status HTTP/1.1" 200 -
  [05:36:40] [  http] "GET /api/session HTTP/1.1" 200 -
  [05:36:40] [  http] "GET /api/sessions HTTP/1.1" 200 -
  [05:36:40] [  http] "GET /api/session HTTP/1.1" 200 -
  [05:36:40] [  http] "GET /api/sessions HTTP/1.1" 200 -
  [05:36:40] [  http] "GET /api/drift HTTP/1.1" 200 -
  [05:36:41] [  http] "GET /api/drift HTTP/1.1" 200 -
  [05:36:42] [  http] "GET /api/aegis/stats?hours=24 HTTP/1.1" 200 -
  [05:36:42] [  http] "GET /api/drift HTTP/1.1" 200 -
  [05:36:43] [  http] "GET /api/aegis/stats?hours=24 HTTP/1.1" 200 -
  [05:36:43] [  http] "GET /api/drift HTTP/1.1" 200 -
  [05:36:44] [  http] "GET /api/status HTTP/1.1" 200 -
  [05:36:44] [  http] "GET /api/drift HTTP/1.1" 200 -
  [05:36:44] [  http] "GET /api/session HTTP/1.1" 200 -
  [05:36:44] [  http] "GET /api/sessions HTTP/1.1" 200 -
  [05:36:44] [  http] "GET /api/aegis/healing-log?limit=15 HTTP/1.1" 200 -
  [05:36:44] [  http] "GET /api/aegis/stats?hours=24 HTTP/1.1" 200 -
  [05:36:45] [  http] "GET /api/aegis/recent-events?limit=15 HTTP/1.1" 200 -
  [05:36:45] [  http] "GET /api/drift HTTP/1.1" 200 -
[EMBED] semantic embedder ready (all-MiniLM-L6-v2, CPU)
  [05:36:46] [  http] "GET /api/drift HTTP/1.1" 200 -
  [05:36:47] [  http] "GET /api/drift HTTP/1.1" 200 -
  [05:36:47] [  http] "GET /api/aegis/stats?hours=24 HTTP/1.1" 200 -
  [05:36:47] [  http] "GET /api/aegis/healing-log?limit=15 HTTP/1.1" 200 -
  [05:36:47] [  http] "GET /api/aegis/recent-events?limit=15 HTTP/1.1" 200 -
  [05:36:48] [  http] "GET /api/governor HTTP/1.1" 200 -
  [05:36:48] [  http] "GET /api/aegis/stats?hours=24 HTTP/1.1" 200 -
  [05:36:48] [  http] "GET /api/aegis/healing-log?limit=15 HTTP/1.1" 200 -
  [05:36:48] [  http] "GET /api/aegis/recent-events?limit=15 HTTP/1.1" 200 -
  [05:36:48] [  http] "GET /api/drift HTTP/1.1" 200 -
  [05:36:49] [  http] "GET /api/governor HTTP/1.1" 200 -
  [05:36:49] [  http] "GET /api/drift HTTP/1.1" 200 -
  [05:36:49] [  http] "GET /api/aegis/stats?hours=24 HTTP/1.1" 200 -
  [05:36:50] [  http] "GET /api/drift HTTP/1.1" 200 -
  [05:36:50] [  http] "GET /api/governor HTTP/1.1" 200 -
  [05:36:51] [  http] "GET /api/drift HTTP/1.1" 200 -
  [05:36:52] [  http] "GET /api/aegis/stats?hours=24 HTTP/1.1" 200 -
  [05:36:52] [  http] "GET /api/drift HTTP/1.1" 200 -
  [05:36:53] [  http] "GET /api/aegis/stats?hours=24 HTTP/1.1" 200 -
  [05:36:53] [  http] "GET /api/drift HTTP/1.1" 200 -
  [05:36:54] [  http] "GET /api/drift HTTP/1.1" 200 -
  [05:36:55] [  http] "GET /api/aegis/stats?hours=24 HTTP/1.1" 200 -
  [05:36:55] [  http] "GET /api/aegis/healing-log?limit=15 HTTP/1.1" 200 -
  [05:36:55] [  http] "GET /api/aegis/recent-events?limit=15 HTTP/1.1" 200 -
  [05:36:55] [  http] "GET /api/status HTTP/1.1" 200 -
  [05:36:55] [  http] "GET /api/status HTTP/1.1" 200 -
  [05:36:55] [  http] "GET /api/session HTTP/1.1" 200 -
  [05:36:55] [  http] "GET /api/sessions HTTP/1.1" 200 -
  [05:36:55] [  http] "GET /api/session HTTP/1.1" 200 -
  [05:36:56] [  http] "GET /api/drift HTTP/1.1" 200 -
  [05:36:56] [  http] "GET /api/sessions HTTP/1.1" 200 -
  [05:36:56] [  http] "GET /api/drift HTTP/1.1" 200 -
  [05:36:57] [  http] "GET /api/aegis/stats?hours=24 HTTP/1.1" 200 -
  [05:36:57] [  http] "GET /api/aegis/healing-log?limit=15 HTTP/1.1" 200 -
  [05:36:57] [  http] "GET /api/aegis/recent-events?limit=15 HTTP/1.1" 200 -
  [05:36:57] [  http] "GET /api/drift HTTP/1.1" 200 -
  [05:36:58] [  http] "GET /api/aegis/stats?hours=24 HTTP/1.1" 200 -
  [05:36:58] [  http] "GET /api/governor HTTP/1.1" 200 -
  [05:36:58] [  http] "GET /api/aegis/healing-log?limit=15 HTTP/1.1" 200 -
  [05:36:58] [  http] "GET /api/aegis/recent-events?limit=15 HTTP/1.1" 200 -
  [05:36:58] [heartbeat] up 5m30s · model=ready · inferring · pending=0
  [05:36:58] [  http] "GET /api/drift HTTP/1.1" 200 -
  [05:36:59] [  http] "GET /api/drift HTTP/1.1" 200 -
  [05:36:59] [  http] "GET /api/status HTTP/1.1" 200 -
  [05:36:59] [  http] "GET /api/governor HTTP/1.1" 200 -
  [05:36:59] [  http] "GET /api/session HTTP/1.1" 200 -
  [05:36:59] [  http] "GET /api/sessions HTTP/1.1" 200 -
  [05:36:59] [  http] "GET /api/aegis/stats?hours=24 HTTP/1.1" 200 -
  [05:37:00] [  http] "GET /api/governor HTTP/1.1" 200 -
  [05:37:00] [  http] "GET /api/drift HTTP/1.1" 200 -
  [05:37:01] [  http] "GET /api/drift HTTP/1.1" 200 -
  [05:37:02] [  http] "GET /api/drift HTTP/1.1" 200 -
  [05:37:02] [  http] "GET /api/aegis/stats?hours=24 HTTP/1.1" 200 -
  [05:37:03] [  http] "GET /api/aegis/stats?hours=24 HTTP/1.1" 200 -
  [05:37:03] [  http] "GET /api/drift HTTP/1.1" 200 -
  [05:37:04] [  http] "GET /api/aegis/stats?hours=24 HTTP/1.1" 200 -
  [05:37:04] [  http] "GET /api/aegis/recent-events?limit=15 HTTP/1.1" 200 -
  [05:37:04] [  http] "GET /api/aegis/healing-log?limit=15 HTTP/1.1" 200 -
  [05:37:05] [  http] "GET /api/drift HTTP/1.1" 200 -
  [05:37:05] [  http] "GET /api/drift HTTP/1.1" 200 -
  [05:37:06] [  http] "GET /api/drift HTTP/1.1" 200 -
  [05:37:07] [  http] "GET /api/drift HTTP/1.1" 200 -
  [05:37:07] [  http] "GET /api/aegis/stats?hours=24 HTTP/1.1" 200 -
  [05:37:07] [  http] "GET /api/aegis/recent-events?limit=15 HTTP/1.1" 200 -
  [05:37:07] [  http] "GET /api/aegis/healing-log?limit=15 HTTP/1.1" 200 -
  [05:37:08] [  http] "GET /api/drift HTTP/1.1" 200 -
  [05:37:08] [  http] "GET /api/governor HTTP/1.1" 200 -
  [05:37:08] [  http] "GET /api/aegis/stats?hours=24 HTTP/1.1" 200 -
  [05:37:08] [  http] "GET /api/aegis/recent-events?limit=15 HTTP/1.1" 200 -
  [05:37:08] [  http] "GET /api/aegis/healing-log?limit=15 HTTP/1.1" 200 -
  [05:37:09] [  http] "GET /api/governor HTTP/1.1" 200 -
  [05:37:09] [  http] "GET /api/drift HTTP/1.1" 200 -
  [05:37:09] [  http] "GET /api/aegis/stats?hours=24 HTTP/1.1" 200 -
  [05:37:10] [  http] "GET /api/governor HTTP/1.1" 200 -
  [05:37:10] [  http] "GET /api/status HTTP/1.1" 200 -
  [05:37:10] [  http] "GET /api/status HTTP/1.1" 200 -
  [05:37:10] [  http] "GET /api/session HTTP/1.1" 200 -
  [05:37:10] [  http] "GET /api/sessions HTTP/1.1" 200 -
  [05:37:11] [  http] "GET /api/session HTTP/1.1" 200 -
  [05:37:11] [  http] "GET /api/sessions HTTP/1.1" 200 -
  [05:37:11] [  http] "GET /api/drift HTTP/1.1" 200 -
  [05:37:11] [  http] "GET /api/drift HTTP/1.1" 200 -
  [05:37:12] [  http] "GET /api/aegis/stats?hours=24 HTTP/1.1" 200 -
  [05:37:12] [  http] "GET /api/drift HTTP/1.1" 200 -
  [05:37:13] [  http] "GET /api/aegis/stats?hours=24 HTTP/1.1" 200 -
  [05:37:13] [  http] "GET /api/drift HTTP/1.1" 200 -
  [05:37:14] [  http] "GET /api/drift HTTP/1.1" 200 -
  [05:37:14] [  http] "GET /api/status HTTP/1.1" 200 -
  [05:37:14] [  http] "GET /api/session HTTP/1.1" 200 -
  [05:37:14] [  http] "GET /api/sessions HTTP/1.1" 200 -
  [05:37:14] [  http] "GET /api/aegis/stats?hours=24 HTTP/1.1" 200 -
  [05:37:14] [  http] "GET /api/aegis/healing-log?limit=15 HTTP/1.1" 200 -
  [05:37:14] [  http] "GET /api/aegis/recent-events?limit=15 HTTP/1.1" 200 -
  [05:37:15] [  http] "GET /api/drift HTTP/1.1" 200 -
  [OV:newton] ~500 tok, 5.0 tok/s
  [05:37:16] [  http] "GET /api/drift HTTP/1.1" 200 -
  [05:37:17] [  http] "GET /api/drift HTTP/1.1" 200 -
  [05:37:17] [  http] "GET /api/aegis/stats?hours=24 HTTP/1.1" 200 -
  [05:37:17] [  http] "GET /api/aegis/healing-log?limit=15 HTTP/1.1" 200 -
  [05:37:17] [  http] "GET /api/aegis/recent-events?limit=15 HTTP/1.1" 200 -
  [05:37:18] [  http] "GET /api/aegis/stats?hours=24 HTTP/1.1" 200 -
  [05:37:18] [  http] "GET /api/governor HTTP/1.1" 200 -
  [05:37:18] [  http] "GET /api/aegis/healing-log?limit=15 HTTP/1.1" 200 -
  [05:37:18] [  http] "GET /api/aegis/recent-events?limit=15 HTTP/1.1" 200 -
  [05:37:18] [  http] "GET /api/drift HTTP/1.1" 200 -
  [05:37:19] [  http] "GET /api/governor HTTP/1.1" 200 -
  [05:37:19] [  http] "GET /api/drift HTTP/1.1" 200 -
  [05:37:19] [  http] "GET /api/aegis/stats?hours=24 HTTP/1.1" 200 -
  [05:37:20] [  http] "GET /api/drift HTTP/1.1" 200 -
  [05:37:20] [  http] "GET /api/governor HTTP/1.1" 200 -
  [05:37:21] [  http] "GET /api/drift HTTP/1.1" 200 -
  [05:37:22] [  http] "GET /api/aegis/stats?hours=24 HTTP/1.1" 200 -
  [05:37:22] [  http] "GET /api/drift HTTP/1.1" 200 -
  [05:37:23] [  http] "GET /api/drift HTTP/1.1" 200 -
  [05:37:23] [  http] "GET /api/aegis/stats?hours=24 HTTP/1.1" 200 -
  [05:37:24] [  http] "GET /api/drift HTTP/1.1" 200 -
  [05:37:25] [  http] "GET /api/aegis/healing-log?limit=15 HTTP/1.1" 200 -
  [05:37:25] [  http] "GET /api/aegis/stats?hours=24 HTTP/1.1" 200 -
  [05:37:25] [  http] "GET /api/aegis/recent-events?limit=15 HTTP/1.1" 200 -
  [05:37:25] [  http] "GET /api/status HTTP/1.1" 200 -
  [05:37:25] [  http] "GET /api/session HTTP/1.1" 200 -
  [05:37:25] [  http] "GET /api/sessions HTTP/1.1" 200 -
  [05:37:26] [  http] "GET /api/status HTTP/1.1" 200 -
  [05:37:26] [  http] "GET /api/drift HTTP/1.1" 200 -
  [05:37:26] [  http] "GET /api/drift HTTP/1.1" 200 -
  [05:37:26] [  http] "GET /api/session HTTP/1.1" 200 -
  [05:37:26] [  http] "GET /api/sessions HTTP/1.1" 200 -
  [05:37:27] [  http] "GET /api/aegis/stats?hours=24 HTTP/1.1" 200 -
  [05:37:27] [  http] "GET /api/drift HTTP/1.1" 200 -
  [05:37:27] [  http] "GET /api/aegis/healing-log?limit=15 HTTP/1.1" 200 -
  [05:37:27] [  http] "GET /api/aegis/recent-events?limit=15 HTTP/1.1" 200 -
  [05:37:28] [  http] "GET /api/aegis/stats?hours=24 HTTP/1.1" 200 -
  [05:37:28] [  http] "GET /api/governor HTTP/1.1" 200 -
  [05:37:28] [  http] "GET /api/aegis/healing-log?limit=15 HTTP/1.1" 200 -
  [05:37:28] [  http] "GET /api/aegis/recent-events?limit=15 HTTP/1.1" 200 -
  [05:37:28] [heartbeat] up 6m00s · model=ready · inferring · pending=0
  [05:37:28] [  http] "GET /api/drift HTTP/1.1" 200 -
  [05:37:29] [  http] "GET /api/drift HTTP/1.1" 200 -
  [05:37:29] [  http] "GET /api/governor HTTP/1.1" 200 -
  [05:37:29] [  http] "GET /api/status HTTP/1.1" 200 -
  [05:37:29] [  http] "GET /api/session HTTP/1.1" 200 -
  [05:37:29] [  http] "GET /api/sessions HTTP/1.1" 200 -
  [05:37:29] [  http] "GET /api/aegis/stats?hours=24 HTTP/1.1" 200 -
  [05:37:30] [  http] "GET /api/governor HTTP/1.1" 200 -
  [05:37:30] [  http] "GET /api/drift HTTP/1.1" 200 -
  [05:37:31] [  http] "GET /api/drift HTTP/1.1" 200 -
  [05:37:32] [  http] "GET /api/drift HTTP/1.1" 200 -
  [05:37:32] [  http] "GET /api/aegis/stats?hours=24 HTTP/1.1" 200 -
  [05:37:33] [  http] "GET /api/aegis/stats?hours=24 HTTP/1.1" 200 -
  [05:37:33] [  http] "GET /api/drift HTTP/1.1" 200 -
  [05:37:34] [  http] "GET /api/aegis/healing-log?limit=15 HTTP/1.1" 200 -
  [05:37:34] [  http] "GET /api/aegis/stats?hours=24 HTTP/1.1" 200 -
  [05:37:34] [  http] "GET /api/aegis/recent-events?limit=15 HTTP/1.1" 200 -
  [05:37:35] [  http] "GET /api/drift HTTP/1.1" 200 -
  [05:37:35] [  http] "GET /api/drift HTTP/1.1" 200 -
  [05:37:36] [  http] "GET /api/drift HTTP/1.1" 200 -
  [05:37:37] [  http] "GET /api/drift HTTP/1.1" 200 -
  [05:37:37] [  http] "GET /api/aegis/stats?hours=24 HTTP/1.1" 200 -
  [05:37:37] [  http] "GET /api/aegis/healing-log?limit=15 HTTP/1.1" 200 -
  [05:37:37] [  http] "GET /api/aegis/recent-events?limit=15 HTTP/1.1" 200 -
  [05:37:38] [  http] "GET /api/drift HTTP/1.1" 200 -
  [05:37:38] [  http] "GET /api/governor HTTP/1.1" 200 -
  [05:37:38] [  http] "GET /api/aegis/stats?hours=24 HTTP/1.1" 200 -
  [05:37:38] [  http] "GET /api/aegis/healing-log?limit=15 HTTP/1.1" 200 -
  [05:37:38] [  http] "GET /api/aegis/recent-events?limit=15 HTTP/1.1" 200 -
  [05:37:39] [  http] "GET /api/governor HTTP/1.1" 200 -
  [05:37:39] [  http] "GET /api/drift HTTP/1.1" 200 -
  [05:37:39] [  http] "GET /api/aegis/stats?hours=24 HTTP/1.1" 200 -
  [05:37:40] [  http] "GET /api/governor HTTP/1.1" 200 -
  [05:37:40] [  http] "GET /api/status HTTP/1.1" 200 -
  [05:37:40] [  http] "GET /api/drift HTTP/1.1" 200 -
  [05:37:40] [  http] "GET /api/session HTTP/1.1" 200 -
  [05:37:40] [  http] "GET /api/sessions HTTP/1.1" 200 -
  [05:37:41] [  http] "GET /api/drift HTTP/1.1" 200 -
  [05:37:41] [  http] "GET /api/status HTTP/1.1" 200 -
  [05:37:41] [  http] "GET /api/session HTTP/1.1" 200 -
  [05:37:41] [  http] "GET /api/sessions HTTP/1.1" 200 -
  [05:37:42] [  http] "GET /api/aegis/stats?hours=24 HTTP/1.1" 200 -
  [05:37:42] [  http] "GET /api/drift HTTP/1.1" 200 -
  [05:37:43] [  http] "GET /api/aegis/stats?hours=24 HTTP/1.1" 200 -
  [05:37:43] [  http] "GET /api/drift HTTP/1.1" 200 -
  [05:37:44] [  http] "GET /api/drift HTTP/1.1" 200 -
  [05:37:44] [  http] "GET /api/status HTTP/1.1" 200 -
  [05:37:44] [  http] "GET /api/session HTTP/1.1" 200 -
  [05:37:44] [  http] "GET /api/sessions HTTP/1.1" 200 -
  [05:37:44] [  http] "GET /api/aegis/stats?hours=24 HTTP/1.1" 200 -
  [05:37:45] [  http] "GET /api/aegis/healing-log?limit=15 HTTP/1.1" 200 -
  [05:37:45] [  http] "GET /api/aegis/recent-events?limit=15 HTTP/1.1" 200 -
  [05:37:45] [  http] "GET /api/drift HTTP/1.1" 200 -
  [05:37:46] [  http] "GET /api/drift HTTP/1.1" 200 -
  [05:37:47] [  http] "GET /api/drift HTTP/1.1" 200 -
  [05:37:47] [  http] "GET /api/aegis/stats?hours=24 HTTP/1.1" 200 -
  [05:37:47] [  http] "GET /api/aegis/recent-events?limit=15 HTTP/1.1" 200 -
  [05:37:47] [  http] "GET /api/aegis/healing-log?limit=15 HTTP/1.1" 200 -
  [05:37:48] [  http] "GET /api/aegis/stats?hours=24 HTTP/1.1" 200 -
  [05:37:48] [  http] "GET /api/governor HTTP/1.1" 200 -
  [05:37:48] [  http] "GET /api/aegis/recent-events?limit=15 HTTP/1.1" 200 -
  [05:37:48] [  http] "GET /api/aegis/healing-log?limit=15 HTTP/1.1" 200 -
  [05:37:48] [  http] "GET /api/drift HTTP/1.1" 200 -
  [05:37:49] [  http] "GET /api/governor HTTP/1.1" 200 -
  [05:37:49] [  http] "GET /api/aegis/stats?hours=24 HTTP/1.1" 200 -
  [05:37:50] [  http] "GET /api/drift HTTP/1.1" 200 -
  [05:37:50] [  http] "GET /api/drift HTTP/1.1" 200 -
  [05:37:50] [  http] "GET /api/governor HTTP/1.1" 200 -
  [05:37:51] [  http] "GET /api/drift HTTP/1.1" 200 -
  [05:37:52] [  http] "GET /api/drift HTTP/1.1" 200 -
  [05:37:52] [  http] "GET /api/aegis/stats?hours=24 HTTP/1.1" 200 -
  [05:37:53] [  http] "GET /api/drift HTTP/1.1" 200 -
  [05:37:53] [  http] "GET /api/aegis/stats?hours=24 HTTP/1.1" 200 -
  [05:37:54] [  http] "GET /api/drift HTTP/1.1" 200 -
  [05:37:55] [  http] "GET /api/aegis/stats?hours=24 HTTP/1.1" 200 -
  [05:37:55] [  http] "GET /api/aegis/healing-log?limit=15 HTTP/1.1" 200 -
  [05:37:55] [  http] "GET /api/aegis/recent-events?limit=15 HTTP/1.1" 200 -
  [05:37:55] [  http] "GET /api/status HTTP/1.1" 200 -
  [05:37:55] [  http] "GET /api/session HTTP/1.1" 200 -
  [05:37:55] [  http] "GET /api/sessions HTTP/1.1" 200 -
  [05:37:56] [  http] "GET /api/drift HTTP/1.1" 200 -
  [05:37:56] [  http] "GET /api/drift HTTP/1.1" 200 -
  [05:37:56] [  http] "GET /api/status HTTP/1.1" 200 -
  [05:37:56] [  http] "GET /api/session HTTP/1.1" 200 -
  [05:37:56] [  http] "GET /api/sessions HTTP/1.1" 200 -
  [05:37:57] [  http] "GET /api/aegis/stats?hours=24 HTTP/1.1" 200 -
  [05:37:57] [  http] "GET /api/aegis/healing-log?limit=15 HTTP/1.1" 200 -
  [05:37:57] [  http] "GET /api/drift HTTP/1.1" 200 -
  [05:37:57] [  http] "GET /api/aegis/recent-events?limit=15 HTTP/1.1" 200 -
  [05:37:58] [  http] "GET /api/aegis/stats?hours=24 HTTP/1.1" 200 -
  [05:37:58] [  http] "GET /api/governor HTTP/1.1" 200 -
  [05:37:58] [  http] "GET /api/aegis/healing-log?limit=15 HTTP/1.1" 200 -
  [05:37:58] [  http] "GET /api/aegis/recent-events?limit=15 HTTP/1.1" 200 -
  [05:37:58] [heartbeat] up 6m30s · model=ready · inferring · pending=0
  [05:37:58] [  http] "GET /api/drift HTTP/1.1" 200 -
  [05:37:59] [  http] "GET /api/drift HTTP/1.1" 200 -
  [05:37:59] [  http] "GET /api/governor HTTP/1.1" 200 -
  [05:37:59] [  http] "GET /api/status HTTP/1.1" 200 -
  [05:37:59] [  http] "GET /api/session HTTP/1.1" 200 -
  [05:37:59] [  http] "GET /api/sessions HTTP/1.1" 200 -
  [05:37:59] [  http] "GET /api/aegis/stats?hours=24 HTTP/1.1" 200 -
  [05:38:00] [  http] "GET /api/governor HTTP/1.1" 200 -
  [05:38:00] [  http] "GET /api/drift HTTP/1.1" 200 -
  [05:38:01] [  http] "GET /api/drift HTTP/1.1" 200 -
  [05:38:02] [  http] "GET /api/drift HTTP/1.1" 200 -
  [05:38:02] [  http] "GET /api/aegis/stats?hours=24 HTTP/1.1" 200 -
  [05:38:03] [  http] "GET /api/aegis/stats?hours=24 HTTP/1.1" 200 -
  [05:38:03] [  http] "GET /api/drift HTTP/1.1" 200 -
  [05:38:04] [  http] "GET /api/aegis/healing-log?limit=15 HTTP/1.1" 200 -
  [05:38:04] [  http] "GET /api/aegis/stats?hours=24 HTTP/1.1" 200 -
  [05:38:04] [  http] "GET /api/aegis/recent-events?limit=15 HTTP/1.1" 200 -
  [05:38:05] [  http] "GET /api/drift HTTP/1.1" 200 -
  [05:38:05] [  http] "GET /api/drift HTTP/1.1" 200 -
  [05:38:06] [  http] "GET /api/drift HTTP/1.1" 200 -
  [05:38:07] [  http] "GET /api/drift HTTP/1.1" 200 -
  [05:38:07] [  http] "GET /api/aegis/stats?hours=24 HTTP/1.1" 200 -
  [05:38:07] [  http] "GET /api/aegis/healing-log?limit=15 HTTP/1.1" 200 -
  [05:38:07] [  http] "GET /api/aegis/recent-events?limit=15 HTTP/1.1" 200 -
  [05:38:08] [  http] "GET /api/drift HTTP/1.1" 200 -
  [05:38:08] [  http] "GET /api/governor HTTP/1.1" 200 -
  [05:38:08] [  http] "GET /api/aegis/stats?hours=24 HTTP/1.1" 200 -
  [05:38:08] [  http] "GET /api/aegis/healing-log?limit=15 HTTP/1.1" 200 -
  [05:38:08] [  http] "GET /api/aegis/recent-events?limit=15 HTTP/1.1" 200 -
  [05:38:09] [  http] "GET /api/governor HTTP/1.1" 200 -
  [05:38:09] [  http] "GET /api/drift HTTP/1.1" 200 -
  [05:38:09] [  http] "GET /api/aegis/stats?hours=24 HTTP/1.1" 200 -
  [05:38:10] [  http] "GET /api/governor HTTP/1.1" 200 -
  [05:38:10] [  http] "GET /api/status HTTP/1.1" 200 -
  [05:38:10] [  http] "GET /api/drift HTTP/1.1" 200 -
  [05:38:10] [  http] "GET /api/session HTTP/1.1" 200 -
  [05:38:10] [  http] "GET /api/sessions HTTP/1.1" 200 -
  [05:38:11] [  http] "GET /api/drift HTTP/1.1" 200 -
  [05:38:11] [  http] "GET /api/status HTTP/1.1" 200 -
  [05:38:12] [  http] "GET /api/session HTTP/1.1" 200 -
  [05:38:12] [  http] "GET /api/sessions HTTP/1.1" 200 -
  [05:38:12] [  http] "GET /api/aegis/stats?hours=24 HTTP/1.1" 200 -
  [05:38:12] [  http] "GET /api/drift HTTP/1.1" 200 -
  [05:38:13] [  http] "GET /api/aegis/stats?hours=24 HTTP/1.1" 200 -
  [05:38:13] [  http] "GET /api/drift HTTP/1.1" 200 -
  [05:38:14] [  http] "GET /api/drift HTTP/1.1" 200 -
  [05:38:14] [  http] "GET /api/status HTTP/1.1" 200 -
  [05:38:14] [  http] "GET /api/session HTTP/1.1" 200 -
  [05:38:14] [  http] "GET /api/sessions HTTP/1.1" 200 -
  [05:38:15] [  http] "GET /api/aegis/healing-log?limit=15 HTTP/1.1" 200 -
  [05:38:15] [  http] "GET /api/aegis/stats?hours=24 HTTP/1.1" 200 -
  [05:38:15] [  http] "GET /api/aegis/recent-events?limit=15 HTTP/1.1" 200 -
  [05:38:15] [  http] "GET /api/drift HTTP/1.1" 200 -
  [05:38:16] [  http] "GET /api/drift HTTP/1.1" 200 -
  [05:38:17] [  http] "GET /api/drift HTTP/1.1" 200 -
  [05:38:17] [  http] "GET /api/aegis/stats?hours=24 HTTP/1.1" 200 -
  [05:38:17] [  http] "GET /api/aegis/healing-log?limit=15 HTTP/1.1" 200 -
  [05:38:17] [  http] "GET /api/aegis/recent-events?limit=15 HTTP/1.1" 200 -
  [05:38:18] [  http] "GET /api/aegis/stats?hours=24 HTTP/1.1" 200 -
  [05:38:18] [  http] "GET /api/governor HTTP/1.1" 200 -
  [05:38:18] [  http] "GET /api/aegis/healing-log?limit=15 HTTP/1.1" 200 -
  [05:38:18] [  http] "GET /api/aegis/recent-events?limit=15 HTTP/1.1" 200 -
  [05:38:18] [  http] "GET /api/drift HTTP/1.1" 200 -
  [05:38:19] [  http] "GET /api/governor HTTP/1.1" 200 -
  [05:38:20] [  http] "GET /api/aegis/stats?hours=24 HTTP/1.1" 200 -
  [05:38:20] [  http] "GET /api/drift HTTP/1.1" 200 -
  [05:38:20] [  http] "GET /api/drift HTTP/1.1" 200 -
  [05:38:20] [  http] "GET /api/governor HTTP/1.1" 200 -
  [05:38:21] [  http] "GET /api/drift HTTP/1.1" 200 -
  [05:38:22] [  http] "GET /api/drift HTTP/1.1" 200 -
  [05:38:22] [  http] "GET /api/aegis/stats?hours=24 HTTP/1.1" 200 -
  [05:38:23] [  http] "GET /api/drift HTTP/1.1" 200 -
  [05:38:23] [  http] "GET /api/aegis/stats?hours=24 HTTP/1.1" 200 -
  [05:38:24] [  http] "GET /api/drift HTTP/1.1" 200 -
  [05:38:24] [  http] "GET /api/aegis/stats?hours=24 HTTP/1.1" 200 -
  [05:38:24] [  http] "GET /api/aegis/recent-events?limit=15 HTTP/1.1" 200 -
  [05:38:24] [  http] "GET /api/aegis/healing-log?limit=15 HTTP/1.1" 200 -
  [05:38:25] [  http] "GET /api/status HTTP/1.1" 200 -
  [05:38:25] [  http] "GET /api/session HTTP/1.1" 200 -
  [05:38:25] [  http] "GET /api/sessions HTTP/1.1" 200 -
  [05:38:26] [  http] "GET /api/drift HTTP/1.1" 200 -
  [05:38:26] [  http] "GET /api/drift HTTP/1.1" 200 -
  [05:38:26] [  http] "GET /api/status HTTP/1.1" 200 -
  [05:38:27] [  http] "GET /api/session HTTP/1.1" 200 -
  [05:38:27] [  http] "GET /api/sessions HTTP/1.1" 200 -
  [05:38:27] [  http] "GET /api/aegis/stats?hours=24 HTTP/1.1" 200 -
  [05:38:27] [  http] "GET /api/aegis/healing-log?limit=15 HTTP/1.1" 200 -
  [05:38:27] [  http] "GET /api/drift HTTP/1.1" 200 -
  [05:38:27] [  http] "GET /api/aegis/recent-events?limit=15 HTTP/1.1" 200 -
  [05:38:28] [  http] "GET /api/aegis/stats?hours=24 HTTP/1.1" 200 -
  [05:38:28] [  http] "GET /api/governor HTTP/1.1" 200 -
  [05:38:28] [  http] "GET /api/aegis/healing-log?limit=15 HTTP/1.1" 200 -
  [05:38:28] [  http] "GET /api/aegis/recent-events?limit=15 HTTP/1.1" 200 -
  [05:38:28] [heartbeat] up 7m00s · model=ready · inferring · pending=0
  [05:38:28] [  http] "GET /api/drift HTTP/1.1" 200 -
  [05:38:29] [  http] "GET /api/drift HTTP/1.1" 200 -
  [05:38:29] [  http] "GET /api/governor HTTP/1.1" 200 -
  [05:38:29] [  http] "GET /api/status HTTP/1.1" 200 -
  [05:38:29] [  http] "GET /api/session HTTP/1.1" 200 -
  [05:38:29] [  http] "GET /api/sessions HTTP/1.1" 200 -
  [05:38:29] [  http] "GET /api/aegis/stats?hours=24 HTTP/1.1" 200 -
  [05:38:30] [  http] "GET /api/governor HTTP/1.1" 200 -
  [05:38:30] [  http] "GET /api/drift HTTP/1.1" 200 -
  [05:38:31] [  http] "GET /api/drift HTTP/1.1" 200 -
  [05:38:32] [  http] "GET /api/drift HTTP/1.1" 200 -
  [05:38:32] [  http] "GET /api/aegis/stats?hours=24 HTTP/1.1" 200 -
  [05:38:33] [  http] "GET /api/aegis/stats?hours=24 HTTP/1.1" 200 -
  [05:38:33] [  http] "GET /api/drift HTTP/1.1" 200 -
  [OV:quantum] ~345 tok, 4.4 tok/s
  [05:38:35] [  http] "GET /api/aegis/stats?hours=24 HTTP/1.1" 200 -
  [05:38:35] [  http] "GET /api/aegis/healing-log?limit=15 HTTP/1.1" 200 -
  [05:38:35] [  http] "GET /api/aegis/recent-events?limit=15 HTTP/1.1" 200 -
  [05:38:35] [  http] "GET /api/drift HTTP/1.1" 200 -
  [05:38:35] [  http] "GET /api/drift HTTP/1.1" 200 -
  [05:38:36] [  http] "GET /api/drift HTTP/1.1" 200 -
  [05:38:37] [  http] "GET /api/drift HTTP/1.1" 200 -
  [05:38:37] [  http] "GET /api/aegis/stats?hours=24 HTTP/1.1" 200 -
  [05:38:37] [  http] "GET /api/aegis/healing-log?limit=15 HTTP/1.1" 200 -
  [05:38:37] [  http] "GET /api/aegis/recent-events?limit=15 HTTP/1.1" 200 -
  [05:38:38] [  http] "GET /api/drift HTTP/1.1" 200 -
  [05:38:38] [  http] "GET /api/governor HTTP/1.1" 200 -
  [05:38:38] [  http] "GET /api/aegis/healing-log?limit=15 HTTP/1.1" 200 -
  [05:38:38] [  http] "GET /api/aegis/stats?hours=24 HTTP/1.1" 200 -
  [05:38:38] [  http] "GET /api/aegis/recent-events?limit=15 HTTP/1.1" 200 -
  [05:38:39] [  http] "GET /api/governor HTTP/1.1" 200 -
  [05:38:39] [  http] "GET /api/drift HTTP/1.1" 200 -
  [05:38:39] [  http] "GET /api/aegis/stats?hours=24 HTTP/1.1" 200 -
  [05:38:40] [  http] "GET /api/governor HTTP/1.1" 200 -
  [05:38:40] [  http] "GET /api/status HTTP/1.1" 200 -
  [05:38:40] [  http] "GET /api/drift HTTP/1.1" 200 -
  [05:38:40] [  http] "GET /api/session HTTP/1.1" 200 -
  [05:38:40] [  http] "GET /api/sessions HTTP/1.1" 200 -
  [05:38:41] [  http] "GET /api/drift HTTP/1.1" 200 -
  [05:38:42] [  http] "GET /api/status HTTP/1.1" 200 -
  [05:38:42] [  http] "GET /api/session HTTP/1.1" 200 -
  [05:38:42] [  http] "GET /api/sessions HTTP/1.1" 200 -
  [05:38:42] [  http] "GET /api/aegis/stats?hours=24 HTTP/1.1" 200 -
  [05:38:42] [  http] "GET /api/drift HTTP/1.1" 200 -
  [05:38:43] [  http] "GET /api/aegis/stats?hours=24 HTTP/1.1" 200 -
  [05:38:43] [  http] "GET /api/drift HTTP/1.1" 200 -
  [05:38:44] [  http] "GET /api/drift HTTP/1.1" 200 -
  [05:38:44] [  http] "GET /api/status HTTP/1.1" 200 -
  [05:38:44] [  http] "GET /api/session HTTP/1.1" 200 -
  [05:38:44] [  http] "GET /api/sessions HTTP/1.1" 200 -
  [05:38:44] [  http] "GET /api/aegis/stats?hours=24 HTTP/1.1" 200 -
  [05:38:44] [  http] "GET /api/aegis/healing-log?limit=15 HTTP/1.1" 200 -
  [05:38:44] [  http] "GET /api/aegis/recent-events?limit=15 HTTP/1.1" 200 -
  [05:38:45] [  http] "GET /api/drift HTTP/1.1" 200 -
  [05:38:46] [  http] "GET /api/drift HTTP/1.1" 200 -
  [05:38:47] [  http] "GET /api/drift HTTP/1.1" 200 -
  [05:38:47] [  http] "GET /api/aegis/stats?hours=24 HTTP/1.1" 200 -
  [05:38:47] [  http] "GET /api/aegis/healing-log?limit=15 HTTP/1.1" 200 -
  [05:38:47] [  http] "GET /api/aegis/recent-events?limit=15 HTTP/1.1" 200 -
  [05:38:48] [  http] "GET /api/aegis/stats?hours=24 HTTP/1.1" 200 -
  [05:38:48] [  http] "GET /api/aegis/recent-events?limit=15 HTTP/1.1" 200 -
  [05:38:48] [  http] "GET /api/aegis/healing-log?limit=15 HTTP/1.1" 200 -
  [05:38:48] [  http] "GET /api/governor HTTP/1.1" 200 -
  [05:38:48] [  http] "GET /api/drift HTTP/1.1" 200 -
  [05:38:49] [  http] "GET /api/governor HTTP/1.1" 200 -
  [05:38:49] [  http] "GET /api/aegis/stats?hours=24 HTTP/1.1" 200 -
  [05:38:50] [  http] "GET /api/drift HTTP/1.1" 200 -
  [05:38:50] [  http] "GET /api/drift HTTP/1.1" 200 -
  [05:38:50] [  http] "GET /api/governor HTTP/1.1" 200 -
  [05:38:51] [  http] "GET /api/drift HTTP/1.1" 200 -
  [05:38:52] [  http] "GET /api/drift HTTP/1.1" 200 -
  [05:38:52] [  http] "GET /api/aegis/stats?hours=24 HTTP/1.1" 200 -
  [05:38:53] [  http] "GET /api/drift HTTP/1.1" 200 -
  [05:38:53] [  http] "GET /api/aegis/stats?hours=24 HTTP/1.1" 200 -
  [05:38:54] [  http] "GET /api/drift HTTP/1.1" 200 -
  [05:38:54] [  http] "GET /api/aegis/healing-log?limit=15 HTTP/1.1" 200 -
  [05:38:54] [  http] "GET /api/aegis/stats?hours=24 HTTP/1.1" 200 -
  [05:38:54] [  http] "GET /api/aegis/recent-events?limit=15 HTTP/1.1" 200 -
  [05:38:55] [  http] "GET /api/status HTTP/1.1" 200 -
  [05:38:56] [  http] "GET /api/session HTTP/1.1" 200 -
  [05:38:56] [  http] "GET /api/sessions HTTP/1.1" 200 -
  [05:38:56] [  http] "GET /api/drift HTTP/1.1" 200 -
  [05:38:56] [  http] "GET /api/drift HTTP/1.1" 200 -
  [05:38:57] [  http] "GET /api/status HTTP/1.1" 200 -
  [05:38:57] [  http] "GET /api/session HTTP/1.1" 200 -
  [05:38:57] [  http] "GET /api/sessions HTTP/1.1" 200 -
  [05:38:57] [  http] "GET /api/aegis/stats?hours=24 HTTP/1.1" 200 -
  [05:38:57] [  http] "GET /api/aegis/healing-log?limit=15 HTTP/1.1" 200 -
  [05:38:57] [  http] "GET /api/aegis/recent-events?limit=15 HTTP/1.1" 200 -
  [05:38:57] [  http] "GET /api/drift HTTP/1.1" 200 -
  [05:38:57] [  http] "GET /api/aegis/stats?hours=24 HTTP/1.1" 200 -
  [05:38:58] [  http] "GET /api/aegis/healing-log?limit=15 HTTP/1.1" 200 -
  [05:38:58] [  http] "GET /api/aegis/recent-events?limit=15 HTTP/1.1" 200 -
  [05:38:58] [  http] "GET /api/governor HTTP/1.1" 200 -
  [05:38:58] [heartbeat] up 7m30s · model=ready · inferring · pending=0
  [05:38:58] [  http] "GET /api/drift HTTP/1.1" 200 -
  [05:38:59] [  http] "GET /api/drift HTTP/1.1" 200 -
  [05:38:59] [  http] "GET /api/governor HTTP/1.1" 200 -
  [05:38:59] [  http] "GET /api/status HTTP/1.1" 200 -
  [05:38:59] [  http] "GET /api/session HTTP/1.1" 200 -
  [05:38:59] [  http] "GET /api/sessions HTTP/1.1" 200 -
  [05:38:59] [  http] "GET /api/aegis/stats?hours=24 HTTP/1.1" 200 -
  [05:39:00] [  http] "GET /api/governor HTTP/1.1" 200 -
  [05:39:00] [  http] "GET /api/drift HTTP/1.1" 200 -
  [05:39:01] [  http] "GET /api/drift HTTP/1.1" 200 -
  [05:39:02] [  http] "GET /api/drift HTTP/1.1" 200 -
  [05:39:02] [  http] "GET /api/aegis/stats?hours=24 HTTP/1.1" 200 -
  [05:39:03] [  http] "GET /api/aegis/stats?hours=24 HTTP/1.1" 200 -
  [05:39:03] [  http] "GET /api/drift HTTP/1.1" 200 -
  [05:39:04] [  http] "GET /api/aegis/stats?hours=24 HTTP/1.1" 200 -
  [05:39:04] [  http] "GET /api/aegis/healing-log?limit=15 HTTP/1.1" 200 -
  [05:39:04] [  http] "GET /api/aegis/recent-events?limit=15 HTTP/1.1" 200 -
  [05:39:05] [  http] "GET /api/drift HTTP/1.1" 200 -
  [05:39:05] [  http] "GET /api/drift HTTP/1.1" 200 -
  [05:39:06] [  http] "GET /api/drift HTTP/1.1" 200 -
  [05:39:07] [  http] "GET /api/drift HTTP/1.1" 200 -
  [05:39:07] [  http] "GET /api/aegis/healing-log?limit=15 HTTP/1.1" 200 -
  [05:39:07] [  http] "GET /api/aegis/recent-events?limit=15 HTTP/1.1" 200 -
  [05:39:07] [  http] "GET /api/aegis/stats?hours=24 HTTP/1.1" 200 -
  [05:39:08] [  http] "GET /api/drift HTTP/1.1" 200 -
  [05:39:08] [  http] "GET /api/aegis/healing-log?limit=15 HTTP/1.1" 200 -
  [05:39:08] [  http] "GET /api/aegis/recent-events?limit=15 HTTP/1.1" 200 -
  [05:39:08] [  http] "GET /api/aegis/stats?hours=24 HTTP/1.1" 200 -
  [05:39:08] [  http] "GET /api/governor HTTP/1.1" 200 -
  [05:39:09] [  http] "GET /api/governor HTTP/1.1" 200 -
  [05:39:09] [  http] "GET /api/drift HTTP/1.1" 200 -
  [05:39:09] [  http] "GET /api/aegis/stats?hours=24 HTTP/1.1" 200 -
  [05:39:10] [  http] "GET /api/governor HTTP/1.1" 200 -
  [05:39:10] [  http] "GET /api/status HTTP/1.1" 200 -
  [05:39:10] [  http] "GET /api/drift HTTP/1.1" 200 -
  [05:39:11] [  http] "GET /api/session HTTP/1.1" 200 -
  [05:39:11] [  http] "GET /api/sessions HTTP/1.1" 200 -
  [05:39:11] [  http] "GET /api/drift HTTP/1.1" 200 -
  [05:39:12] [  http] "GET /api/status HTTP/1.1" 200 -
  [05:39:12] [  http] "GET /api/session HTTP/1.1" 200 -
  [05:39:12] [  http] "GET /api/aegis/stats?hours=24 HTTP/1.1" 200 -
  [05:39:12] [  http] "GET /api/sessions HTTP/1.1" 200 -
  [05:39:12] [  http] "GET /api/drift HTTP/1.1" 200 -
  [05:39:12] [  http] "GET /api/aegis/stats?hours=24 HTTP/1.1" 200 -
  [05:39:13] [  http] "GET /api/drift HTTP/1.1" 200 -
  [05:39:13] [  http] "GET /api/drift HTTP/1.1" 200 -
  [05:39:14] [  http] "GET /api/status HTTP/1.1" 200 -
  [05:39:14] [  http] "GET /api/aegis/healing-log?limit=15 HTTP/1.1" 200 -
  [05:39:14] [  http] "GET /api/aegis/stats?hours=24 HTTP/1.1" 200 -
  [05:39:14] [  http] "GET /api/aegis/recent-events?limit=15 HTTP/1.1" 200 -
  [05:39:15] [  http] "GET /api/session HTTP/1.1" 200 -
  [05:39:15] [  http] "GET /api/sessions HTTP/1.1" 200 -
  [05:39:15] [  http] "GET /api/drift HTTP/1.1" 200 -
  [05:39:16] [  http] "GET /api/drift HTTP/1.1" 200 -
  [05:39:17] [  http] "GET /api/drift HTTP/1.1" 200 -
  [05:39:17] [  http] "GET /api/aegis/stats?hours=24 HTTP/1.1" 200 -
  [05:39:17] [  http] "GET /api/aegis/healing-log?limit=15 HTTP/1.1" 200 -
  [05:39:17] [  http] "GET /api/aegis/recent-events?limit=15 HTTP/1.1" 200 -
  [05:39:18] [  http] "GET /api/aegis/stats?hours=24 HTTP/1.1" 200 -
  [05:39:18] [  http] "GET /api/aegis/healing-log?limit=15 HTTP/1.1" 200 -
  [05:39:18] [  http] "GET /api/aegis/recent-events?limit=15 HTTP/1.1" 200 -
  [05:39:18] [  http] "GET /api/governor HTTP/1.1" 200 -
  [05:39:18] [  http] "GET /api/drift HTTP/1.1" 200 -
  [05:39:19] [  http] "GET /api/governor HTTP/1.1" 200 -
  [05:39:19] [  http] "GET /api/aegis/stats?hours=24 HTTP/1.1" 200 -
  [05:39:20] [  http] "GET /api/drift HTTP/1.1" 200 -
  [05:39:20] [  http] "GET /api/drift HTTP/1.1" 200 -
  [05:39:20] [  http] "GET /api/governor HTTP/1.1" 200 -
  [05:39:21] [  http] "GET /api/drift HTTP/1.1" 200 -
  [05:39:22] [  http] "GET /api/drift HTTP/1.1" 200 -
  [05:39:22] [  http] "GET /api/aegis/stats?hours=24 HTTP/1.1" 200 -
  [05:39:23] [  http] "GET /api/drift HTTP/1.1" 200 -
  [05:39:23] [  http] "GET /api/aegis/stats?hours=24 HTTP/1.1" 200 -
  [05:39:24] [  http] "GET /api/drift HTTP/1.1" 200 -
  [05:39:24] [  http] "GET /api/aegis/stats?hours=24 HTTP/1.1" 200 -
  [05:39:24] [  http] "GET /api/aegis/healing-log?limit=15 HTTP/1.1" 200 -
  [05:39:24] [  http] "GET /api/aegis/recent-events?limit=15 HTTP/1.1" 200 -
  [05:39:25] [  http] "GET /api/status HTTP/1.1" 200 -
  [05:39:26] [  http] "GET /api/session HTTP/1.1" 200 -
  [05:39:26] [  http] "GET /api/sessions HTTP/1.1" 200 -
  [05:39:26] [  http] "GET /api/drift HTTP/1.1" 200 -
  [05:39:26] [  http] "GET /api/drift HTTP/1.1" 200 -
  [05:39:27] [  http] "GET /api/status HTTP/1.1" 200 -
  [05:39:27] [  http] "GET /api/session HTTP/1.1" 200 -
  [05:39:27] [  http] "GET /api/sessions HTTP/1.1" 200 -
  [05:39:27] [  http] "GET /api/aegis/stats?hours=24 HTTP/1.1" 200 -
  [05:39:27] [  http] "GET /api/aegis/healing-log?limit=15 HTTP/1.1" 200 -
  [05:39:27] [  http] "GET /api/aegis/recent-events?limit=15 HTTP/1.1" 200 -
  [05:39:27] [  http] "GET /api/drift HTTP/1.1" 200 -
  [05:39:28] [  http] "GET /api/aegis/healing-log?limit=15 HTTP/1.1" 200 -
  [05:39:28] [  http] "GET /api/aegis/stats?hours=24 HTTP/1.1" 200 -
  [05:39:28] [  http] "GET /api/aegis/recent-events?limit=15 HTTP/1.1" 200 -
  [05:39:28] [  http] "GET /api/governor HTTP/1.1" 200 -
  [05:39:28] [heartbeat] up 8m00s · model=ready · inferring · pending=0
  [05:39:28] [  http] "GET /api/drift HTTP/1.1" 200 -
  [05:39:29] [  http] "GET /api/drift HTTP/1.1" 200 -
  [05:39:29] [  http] "GET /api/governor HTTP/1.1" 200 -
  [05:39:29] [  http] "GET /api/status HTTP/1.1" 200 -
  [05:39:29] [  http] "GET /api/aegis/stats?hours=24 HTTP/1.1" 200 -
  [05:39:30] [  http] "GET /api/governor HTTP/1.1" 200 -
  [05:39:30] [  http] "GET /api/session HTTP/1.1" 200 -
  [05:39:30] [  http] "GET /api/sessions HTTP/1.1" 200 -
  [05:39:30] [  http] "GET /api/drift HTTP/1.1" 200 -
  [05:39:31] [  http] "GET /api/drift HTTP/1.1" 200 -
  [05:39:32] [  http] "GET /api/drift HTTP/1.1" 200 -
  [05:39:32] [  http] "GET /api/aegis/stats?hours=24 HTTP/1.1" 200 -
  [05:39:33] [  http] "GET /api/aegis/stats?hours=24 HTTP/1.1" 200 -
  [05:39:33] [  http] "GET /api/drift HTTP/1.1" 200 -
  [05:39:34] [  http] "GET /api/aegis/stats?hours=24 HTTP/1.1" 200 -
  [05:39:34] [  http] "GET /api/aegis/healing-log?limit=15 HTTP/1.1" 200 -
  [05:39:34] [  http] "GET /api/aegis/recent-events?limit=15 HTTP/1.1" 200 -
  [05:39:35] [  http] "GET /api/drift HTTP/1.1" 200 -
  [05:39:35] [  http] "GET /api/drift HTTP/1.1" 200 -
  [05:39:36] [  http] "GET /api/drift HTTP/1.1" 200 -
  [OV:base] ~299 tok, 4.8 tok/s
  [TENSION] xi=0.2057 gamma=0.8294 — synthesis (perspectives disagree)
[MANIFOLD] weights={'newton': 0.5, 'quantum': 0.5} xi=0.109 steering=ON
[AAP] attractor=Fact eps=0.21 trust=0.700
[RENDER-AUDIT] ok overlap=96.67%
[PHASE6] Done: 2414 chars, 845 tokens
  [MEMORY] [generation] baseline=1601MB peak=2588MB (+987 transient) retained=+831MB in 241.4s (919 samples)
  [WORKER] Got result: response=2414 chars, adapter=newton
  [GOVERNOR] Response exceeded token budget (604 est vs 400 budget).
  [05:39:37] [  http] "GET /api/drift HTTP/1.1" 200 -
  [COGNITION] ξ=0.2057 Γ=0.8294 η=0.9081 σ=0.0 fidelity=0.9667 P=0.334 (all measured)
  [05:39:37] [  http] "GET /api/aegis/healing-log?limit=15 HTTP/1.1" 200 -
  [05:39:37] [  http] "GET /api/aegis/recent-events?limit=15 HTTP/1.1" 200 -
  [05:39:37] [  http] "GET /api/aegis/stats?hours=24 HTTP/1.1" 200 -
  [05:39:38] [  http] "POST /api/chat HTTP/1.1" 200 -
  [05:39:38] [  http] "GET /api/drift HTTP/1.1" 200 -
  [05:39:38] [  http] "GET /api/aegis/healing-log?limit=15 HTTP/1.1" 200 -
  [05:39:38] [  http] "GET /api/aegis/recent-events?limit=15 HTTP/1.1" 200 -
  [05:39:38] [  http] "GET /api/aegis/stats?hours=24 HTTP/1.1" 200 -
  [05:39:38] [  http] "GET /api/governor HTTP/1.1" 200 -
  [05:39:39] [  http] "GET /api/governor HTTP/1.1" 200 -
  [05:39:39] [  http] "GET /api/drift HTTP/1.1" 200 -
  [05:39:39] [  http] "GET /api/aegis/stats?hours=24 HTTP/1.1" 200 -
  [WORKER] Processing query: What is the correct answer to this question: In a parallel u...
INFO:reasoning_forge.behavior_governor:[GOVERNOR] Pre: identity=none (conf=0.15), memory=4 cocoons, tokens=600, compression=expanded
  [GOVERNOR] identity=none (conf=0.15), memory=4 cocoons, tokens=600, compression=expanded
  [WORKER] Using forge bridge (Phase 6/7)
[PHASE6] Query complexity: QueryComplexity.COMPLEX
[PHASE7] Route: debate,semantic_tension,specialization_tracking,preflight_predictor,memory_weighting,gamma_monitoring,synthesis
[PHASE6] Domain: chemistry, max_adapters: 2

  [OV] Route: newton + quantum (conf=0.90, keyword)
  [05:39:40] [  http] "GET /api/governor HTTP/1.1" 200 -
  [05:39:40] [  http] "GET /api/status HTTP/1.1" 200 -
  [05:39:40] [  http] "GET /api/drift HTTP/1.1" 200 -
  [05:39:41] [  http] "GET /api/session HTTP/1.1" 200 -
  [05:39:41] [  http] "GET /api/sessions HTTP/1.1" 200 -
  [05:39:41] [  http] "GET /api/drift HTTP/1.1" 200 -
  [05:39:42] [  http] "GET /api/status HTTP/1.1" 200 -
  [05:39:42] [  http] "GET /api/drift HTTP/1.1" 200 -
  [05:39:42] [  http] "GET /api/aegis/stats?hours=24 HTTP/1.1" 200 -
  [05:39:43] [  http] "GET /api/session HTTP/1.1" 200 -
  [05:39:43] [  http] "GET /api/sessions HTTP/1.1" 200 -
  [05:39:43] [  http] "GET /api/aegis/stats?hours=24 HTTP/1.1" 200 -
  [05:39:43] [  http] "GET /api/drift HTTP/1.1" 200 -
  [05:39:43] [  http] "GET /api/drift HTTP/1.1" 200 -
  [05:39:45] [  http] "GET /api/aegis/stats?hours=24 HTTP/1.1" 200 -
  [05:39:45] [  http] "GET /api/aegis/healing-log?limit=15 HTTP/1.1" 200 -
  [05:39:45] [  http] "GET /api/aegis/recent-events?limit=15 HTTP/1.1" 200 -
  [05:39:45] [  http] "GET /api/status HTTP/1.1" 200 -
  [05:39:45] [  http] "GET /api/session HTTP/1.1" 200 -
  [05:39:45] [  http] "GET /api/sessions HTTP/1.1" 200 -
  [05:39:45] [  http] "GET /api/drift HTTP/1.1" 200 -
  [05:39:46] [  http] "GET /api/drift HTTP/1.1" 200 -
  [05:39:47] [  http] "GET /api/drift HTTP/1.1" 200 -
  [05:39:47] [  http] "GET /api/aegis/stats?hours=24 HTTP/1.1" 200 -
  [05:39:47] [  http] "GET /api/aegis/healing-log?limit=15 HTTP/1.1" 200 -
  [05:39:47] [  http] "GET /api/aegis/recent-events?limit=15 HTTP/1.1" 200 -
  [05:39:48] [  http] "GET /api/aegis/stats?hours=24 HTTP/1.1" 200 -
  [05:39:48] [  http] "GET /api/aegis/healing-log?limit=15 HTTP/1.1" 200 -
  [05:39:48] [  http] "GET /api/aegis/recent-events?limit=15 HTTP/1.1" 200 -
  [05:39:48] [  http] "GET /api/governor HTTP/1.1" 200 -
  [05:39:48] [  http] "GET /api/drift HTTP/1.1" 200 -
  [05:39:49] [  http] "GET /api/governor HTTP/1.1" 200 -
  [05:39:49] [  http] "GET /api/drift HTTP/1.1" 200 -
  [05:39:49] [  http] "GET /api/aegis/stats?hours=24 HTTP/1.1" 200 -
  [05:39:50] [  http] "GET /api/drift HTTP/1.1" 200 -
  [05:39:50] [  http] "GET /api/governor HTTP/1.1" 200 -
  [05:39:51] [  http] "GET /api/drift HTTP/1.1" 200 -
  [05:39:52] [  http] "GET /api/drift HTTP/1.1" 200 -
  [05:39:52] [  http] "GET /api/aegis/stats?hours=24 HTTP/1.1" 200 -
  [05:39:53] [  http] "GET /api/drift HTTP/1.1" 200 -
  [05:39:53] [  http] "GET /api/aegis/stats?hours=24 HTTP/1.1" 200 -
  [05:39:54] [  http] "GET /api/drift HTTP/1.1" 200 -
  [05:39:54] [  http] "GET /api/aegis/stats?hours=24 HTTP/1.1" 200 -
  [05:39:54] [  http] "GET /api/aegis/recent-events?limit=15 HTTP/1.1" 200 -
  [05:39:54] [  http] "GET /api/aegis/healing-log?limit=15 HTTP/1.1" 200 -
  [05:39:55] [  http] "GET /api/status HTTP/1.1" 200 -
  [05:39:56] [  http] "GET /api/session HTTP/1.1" 200 -
  [05:39:56] [  http] "GET /api/sessions HTTP/1.1" 200 -
  [05:39:56] [  http] "GET /api/drift HTTP/1.1" 200 -
  [05:39:56] [  http] "GET /api/drift HTTP/1.1" 200 -
  [05:39:57] [  http] "GET /api/aegis/stats?hours=24 HTTP/1.1" 200 -
  [05:39:57] [  http] "GET /api/aegis/healing-log?limit=15 HTTP/1.1" 200 -
  [05:39:57] [  http] "GET /api/aegis/recent-events?limit=15 HTTP/1.1" 200 -
  [05:39:57] [  http] "GET /api/drift HTTP/1.1" 200 -
  [05:39:58] [  http] "GET /api/status HTTP/1.1" 200 -
  [05:39:58] [  http] "GET /api/aegis/stats?hours=24 HTTP/1.1" 200 -
  [05:39:58] [  http] "GET /api/aegis/healing-log?limit=15 HTTP/1.1" 200 -
  [05:39:58] [  http] "GET /api/aegis/recent-events?limit=15 HTTP/1.1" 200 -
  [05:39:58] [  http] "GET /api/governor HTTP/1.1" 200 -
  [05:39:58] [  http] "GET /api/session HTTP/1.1" 200 -
  [05:39:58] [  http] "GET /api/sessions HTTP/1.1" 200 -
  [05:39:58] [heartbeat] up 8m30s · model=ready · inferring · pending=0
  [05:39:58] [  http] "GET /api/drift HTTP/1.1" 200 -
  [05:39:59] [  http] "GET /api/drift HTTP/1.1" 200 -
  [05:39:59] [  http] "GET /api/governor HTTP/1.1" 200 -
  [05:39:59] [  http] "GET /api/aegis/stats?hours=24 HTTP/1.1" 200 -
  [05:40:00] [  http] "GET /api/governor HTTP/1.1" 200 -
  [05:40:00] [  http] "GET /api/status HTTP/1.1" 200 -
  [05:40:00] [  http] "GET /api/session HTTP/1.1" 200 -
  [05:40:00] [  http] "GET /api/sessions HTTP/1.1" 200 -
  [05:40:00] [  http] "GET /api/drift HTTP/1.1" 200 -
  [05:40:01] [  http] "GET /api/drift HTTP/1.1" 200 -
  [05:40:01] [  http] "GET /api/drift HTTP/1.1" 200 -
  [05:40:02] [  http] "GET /api/aegis/stats?hours=24 HTTP/1.1" 200 -
  [05:40:03] [  http] "GET /api/aegis/stats?hours=24 HTTP/1.1" 200 -
  [05:40:03] [  http] "GET /api/drift HTTP/1.1" 200 -
  [05:40:04] [  http] "GET /api/aegis/recent-events?limit=15 HTTP/1.1" 200 -
  [05:40:04] [  http] "GET /api/aegis/healing-log?limit=15 HTTP/1.1" 200 -
  [05:40:04] [  http] "GET /api/aegis/stats?hours=24 HTTP/1.1" 200 -
  [05:40:05] [  http] "GET /api/drift HTTP/1.1" 200 -
  [05:40:05] [  http] "GET /api/drift HTTP/1.1" 200 -
  [05:40:06] [  http] "GET /api/drift HTTP/1.1" 200 -
  [05:40:07] [  http] "GET /api/drift HTTP/1.1" 200 -
  [05:40:07] [  http] "GET /api/aegis/stats?hours=24 HTTP/1.1" 200 -
  [05:40:07] [  http] "GET /api/aegis/recent-events?limit=15 HTTP/1.1" 200 -
  [05:40:07] [  http] "GET /api/aegis/healing-log?limit=15 HTTP/1.1" 200 -
  [05:40:08] [  http] "GET /api/drift HTTP/1.1" 200 -
  [05:40:08] [  http] "GET /api/aegis/stats?hours=24 HTTP/1.1" 200 -
  [05:40:08] [  http] "GET /api/aegis/recent-events?limit=15 HTTP/1.1" 200 -
  [05:40:08] [  http] "GET /api/aegis/healing-log?limit=15 HTTP/1.1" 200 -
  [05:40:08] [  http] "GET /api/governor HTTP/1.1" 200 -
  [OV:newton] ~361 tok, 12.4 tok/s
  [05:40:09] [  http] "GET /api/governor HTTP/1.1" 200 -
  [05:40:09] [  http] "GET /api/drift HTTP/1.1" 200 -
  [05:40:09] [  http] "GET /api/aegis/stats?hours=24 HTTP/1.1" 200 -
  [05:40:10] [  http] "GET /api/governor HTTP/1.1" 200 -
  [05:40:10] [  http] "GET /api/status HTTP/1.1" 200 -
  [05:40:10] [  http] "GET /api/drift HTTP/1.1" 200 -
  [05:40:11] [  http] "GET /api/session HTTP/1.1" 200 -
  [05:40:11] [  http] "GET /api/sessions HTTP/1.1" 200 -
  [05:40:11] [  http] "GET /api/drift HTTP/1.1" 200 -
  [05:40:12] [  http] "GET /api/drift HTTP/1.1" 200 -
  [05:40:12] [  http] "GET /api/aegis/stats?hours=24 HTTP/1.1" 200 -
  [05:40:13] [  http] "GET /api/aegis/stats?hours=24 HTTP/1.1" 200 -
  [05:40:13] [  http] "GET /api/status HTTP/1.1" 200 -
  [05:40:13] [  http] "GET /api/session HTTP/1.1" 200 -
  [05:40:13] [  http] "GET /api/sessions HTTP/1.1" 200 -
  [05:40:13] [  http] "GET /api/drift HTTP/1.1" 200 -
  [05:40:13] [  http] "GET /api/drift HTTP/1.1" 200 -
  [05:40:15] [  http] "GET /api/aegis/stats?hours=24 HTTP/1.1" 200 -
  [05:40:15] [  http] "GET /api/aegis/healing-log?limit=15 HTTP/1.1" 200 -
  [05:40:15] [  http] "GET /api/aegis/recent-events?limit=15 HTTP/1.1" 200 -
  [05:40:15] [  http] "GET /api/status HTTP/1.1" 200 -
  [05:40:15] [  http] "GET /api/session HTTP/1.1" 200 -
  [05:40:15] [  http] "GET /api/sessions HTTP/1.1" 200 -
  [05:40:15] [  http] "GET /api/drift HTTP/1.1" 200 -
  [05:40:16] [  http] "GET /api/drift HTTP/1.1" 200 -
  [05:40:16] [  http] "GET /api/drift HTTP/1.1" 200 -
  [05:40:17] [  http] "GET /api/aegis/stats?hours=24 HTTP/1.1" 200 -
  [05:40:17] [  http] "GET /api/aegis/healing-log?limit=15 HTTP/1.1" 200 -
  [05:40:17] [  http] "GET /api/aegis/recent-events?limit=15 HTTP/1.1" 200 -
  [05:40:18] [  http] "GET /api/aegis/healing-log?limit=15 HTTP/1.1" 200 -
  [05:40:18] [  http] "GET /api/aegis/recent-events?limit=15 HTTP/1.1" 200 -
  [05:40:18] [  http] "GET /api/governor HTTP/1.1" 200 -
  [05:40:18] [  http] "GET /api/aegis/stats?hours=24 HTTP/1.1" 200 -
  [05:40:18] [  http] "GET /api/drift HTTP/1.1" 200 -
  [05:40:19] [  http] "GET /api/governor HTTP/1.1" 200 -
  [05:40:19] [  http] "GET /api/drift HTTP/1.1" 200 -
  [05:40:20] [  http] "GET /api/aegis/stats?hours=24 HTTP/1.1" 200 -
  [05:40:20] [  http] "GET /api/drift HTTP/1.1" 200 -
  [05:40:20] [  http] "GET /api/governor HTTP/1.1" 200 -
  [05:40:21] [  http] "GET /api/drift HTTP/1.1" 200 -
  [05:40:22] [  http] "GET /api/drift HTTP/1.1" 200 -
  [05:40:22] [  http] "GET /api/aegis/stats?hours=24 HTTP/1.1" 200 -
  [05:40:23] [  http] "GET /api/drift HTTP/1.1" 200 -
  [05:40:23] [  http] "GET /api/aegis/stats?hours=24 HTTP/1.1" 200 -
  [05:40:24] [  http] "GET /api/drift HTTP/1.1" 200 -
  [05:40:24] [  http] "GET /api/aegis/stats?hours=24 HTTP/1.1" 200 -
  [05:40:24] [  http] "GET /api/aegis/recent-events?limit=15 HTTP/1.1" 200 -
  [05:40:24] [  http] "GET /api/aegis/healing-log?limit=15 HTTP/1.1" 200 -
  [05:40:25] [  http] "GET /api/status HTTP/1.1" 200 -
  [05:40:26] [  http] "GET /api/session HTTP/1.1" 200 -
  [05:40:26] [  http] "GET /api/sessions HTTP/1.1" 200 -
  [05:40:26] [  http] "GET /api/drift HTTP/1.1" 200 -
  [05:40:26] [  http] "GET /api/drift HTTP/1.1" 200 -
  [05:40:27] [  http] "GET /api/aegis/stats?hours=24 HTTP/1.1" 200 -
  [05:40:27] [  http] "GET /api/aegis/recent-events?limit=15 HTTP/1.1" 200 -
  [05:40:27] [  http] "GET /api/aegis/healing-log?limit=15 HTTP/1.1" 200 -
  [05:40:27] [  http] "GET /api/drift HTTP/1.1" 200 -
  [05:40:28] [  http] "GET /api/aegis/stats?hours=24 HTTP/1.1" 200 -
  [05:40:28] [  http] "GET /api/aegis/recent-events?limit=15 HTTP/1.1" 200 -
  [05:40:28] [  http] "GET /api/aegis/healing-log?limit=15 HTTP/1.1" 200 -
  [05:40:28] [  http] "GET /api/governor HTTP/1.1" 200 -
  [05:40:28] [  http] "GET /api/status HTTP/1.1" 200 -
  [05:40:28] [heartbeat] up 9m00s · model=ready · inferring · pending=0
  [05:40:28] [  http] "GET /api/drift HTTP/1.1" 200 -
  [05:40:28] [  http] "GET /api/session HTTP/1.1" 200 -
  [05:40:28] [  http] "GET /api/sessions HTTP/1.1" 200 -
  [05:40:29] [  http] "GET /api/drift HTTP/1.1" 200 -
  [05:40:29] [  http] "GET /api/governor HTTP/1.1" 200 -
  [05:40:29] [  http] "GET /api/aegis/stats?hours=24 HTTP/1.1" 200 -
  [05:40:30] [  http] "GET /api/governor HTTP/1.1" 200 -
  [05:40:30] [  http] "GET /api/drift HTTP/1.1" 200 -
  [05:40:30] [  http] "GET /api/status HTTP/1.1" 200 -
  [05:40:31] [  http] "GET /api/session HTTP/1.1" 200 -
  [05:40:31] [  http] "GET /api/sessions HTTP/1.1" 200 -
  [05:40:31] [  http] "GET /api/drift HTTP/1.1" 200 -
  [05:40:31] [  http] "GET /api/drift HTTP/1.1" 200 -
  [05:40:32] [  http] "GET /api/aegis/stats?hours=24 HTTP/1.1" 200 -
  [05:40:33] [  http] "GET /api/aegis/stats?hours=24 HTTP/1.1" 200 -
  [05:40:33] [  http] "GET /api/drift HTTP/1.1" 200 -
  [05:40:34] [  http] "GET /api/aegis/healing-log?limit=15 HTTP/1.1" 200 -
  [05:40:34] [  http] "GET /api/aegis/stats?hours=24 HTTP/1.1" 200 -
  [05:40:34] [  http] "GET /api/aegis/recent-events?limit=15 HTTP/1.1" 200 -
  [05:40:35] [  http] "GET /api/drift HTTP/1.1" 200 -
  [05:40:35] [  http] "GET /api/drift HTTP/1.1" 200 -
  [OV:quantum] ~344 tok, 13.1 tok/s
  [TENSION] xi=0.0848 gamma=0.9219 — primary direct (perspectives agree)
[MANIFOLD] weights={'newton': 0.5, 'quantum': 0.5} xi=0.104 steering=ON
[AAP] attractor=Fact eps=0.08 trust=0.780
[RENDER-AUDIT] ok overlap=96.77%
[PHASE6] Done: 2267 chars, 705 tokens
  [MEMORY] [generation] baseline=2395MB peak=2535MB (+140 transient) retained=-544MB in 55.8s (213 samples)
  [WORKER] Got result: response=2267 chars, adapter=newton
WARNING:CodetteSubsystemUpgrade:[AEGIS] would-veto (SHADOW) — ubuntu=0.40 < 0.5 (η=0.92); passing through
  [AEGIS] would-block (SHADOW) η=0.9203 — enforcing nothing yet
  [COGNITION] ξ=0.0848 Γ=0.9219 η=0.9203 σ=0.0 fidelity=0.9677 P=0.339 (all measured)
  [05:40:36] [  http] "POST /api/chat HTTP/1.1" 200 -
  [05:40:36] [  http] "GET /api/drift HTTP/1.1" 200 -
  [05:40:37] [  http] "GET /api/drift HTTP/1.1" 200 -
  [05:40:37] [  http] "GET /api/aegis/healing-log?limit=15 HTTP/1.1" 200 -
  [05:40:37] [  http] "GET /api/aegis/stats?hours=24 HTTP/1.1" 200 -
  [05:40:37] [  http] "GET /api/aegis/recent-events?limit=15 HTTP/1.1" 200 -
  [05:40:38] [  http] "GET /api/drift HTTP/1.1" 200 -
  [05:40:38] [  http] "GET /api/aegis/healing-log?limit=15 HTTP/1.1" 200 -
  [05:40:38] [  http] "GET /api/aegis/stats?hours=24 HTTP/1.1" 200 -
  [05:40:38] [  http] "GET /api/aegis/recent-events?limit=15 HTTP/1.1" 200 -
  [WORKER] Processing query: What is the correct answer to this question: Calculate the e...
INFO:reasoning_forge.behavior_governor:[GOVERNOR] Pre: identity=none (conf=0.15), memory=1 cocoons, tokens=200, compression=compressed
  [GOVERNOR] identity=none (conf=0.15), memory=1 cocoons, tokens=200, compression=compressed
  [WORKER] Using forge bridge (Phase 6/7)
[PHASE6] Query complexity: QueryComplexity.SIMPLE
[PHASE7] Route: 
  [05:40:38] [  http] "GET /api/governor HTTP/1.1" 200 -
[PHASE6] Domain: physics, max_adapters: 1

  [OV] Route: newton (conf=0.69, keyword)
  [05:40:39] [  http] "GET /api/governor HTTP/1.1" 200 -
  [05:40:39] [  http] "GET /api/drift HTTP/1.1" 200 -
  [05:40:39] [  http] "GET /api/aegis/stats?hours=24 HTTP/1.1" 200 -
  [05:40:40] [  http] "GET /api/governor HTTP/1.1" 200 -
  [05:40:40] [  http] "GET /api/status HTTP/1.1" 200 -
  [05:40:40] [  http] "GET /api/drift HTTP/1.1" 200 -
  [05:40:41] [  http] "GET /api/session HTTP/1.1" 200 -
  [05:40:41] [  http] "GET /api/sessions HTTP/1.1" 200 -
  [05:40:41] [  http] "GET /api/drift HTTP/1.1" 200 -
  [05:40:42] [  http] "GET /api/drift HTTP/1.1" 200 -
  [05:40:42] [  http] "GET /api/aegis/stats?hours=24 HTTP/1.1" 200 -
  [05:40:43] [  http] "GET /api/aegis/stats?hours=24 HTTP/1.1" 200 -
  [05:40:43] [  http] "GET /api/status HTTP/1.1" 200 -
  [05:40:43] [  http] "GET /api/drift HTTP/1.1" 200 -
  [05:40:43] [  http] "GET /api/session HTTP/1.1" 200 -
  [05:40:43] [  http] "GET /api/sessions HTTP/1.1" 200 -
  [05:40:44] [  http] "GET /api/drift HTTP/1.1" 200 -
  [05:40:45] [  http] "GET /api/aegis/stats?hours=24 HTTP/1.1" 200 -
  [05:40:45] [  http] "GET /api/aegis/healing-log?limit=15 HTTP/1.1" 200 -
  [05:40:45] [  http] "GET /api/aegis/recent-events?limit=15 HTTP/1.1" 200 -
  [05:40:45] [  http] "GET /api/drift HTTP/1.1" 200 -
  [05:40:46] [  http] "GET /api/status HTTP/1.1" 200 -
  [05:40:46] [  http] "GET /api/session HTTP/1.1" 200 -
  [05:40:46] [  http] "GET /api/sessions HTTP/1.1" 200 -
  [05:40:46] [  http] "GET /api/drift HTTP/1.1" 200 -
  [05:40:46] [  http] "GET /api/drift HTTP/1.1" 200 -
  [05:40:47] [  http] "GET /api/aegis/stats?hours=24 HTTP/1.1" 200 -
  [05:40:47] [  http] "GET /api/aegis/healing-log?limit=15 HTTP/1.1" 200 -
  [05:40:47] [  http] "GET /api/aegis/recent-events?limit=15 HTTP/1.1" 200 -
  [05:40:48] [  http] "GET /api/aegis/stats?hours=24 HTTP/1.1" 200 -
  [05:40:48] [  http] "GET /api/aegis/healing-log?limit=15 HTTP/1.1" 200 -
  [05:40:48] [  http] "GET /api/aegis/recent-events?limit=15 HTTP/1.1" 200 -
  [05:40:48] [  http] "GET /api/governor HTTP/1.1" 200 -
  [05:40:48] [  http] "GET /api/drift HTTP/1.1" 200 -
  [05:40:49] [  http] "GET /api/governor HTTP/1.1" 200 -
  [05:40:49] [  http] "GET /api/drift HTTP/1.1" 200 -
  [05:40:49] [  http] "GET /api/aegis/stats?hours=24 HTTP/1.1" 200 -
  [05:40:50] [  http] "GET /api/drift HTTP/1.1" 200 -
  [05:40:50] [  http] "GET /api/governor HTTP/1.1" 200 -
  [05:40:51] [  http] "GET /api/drift HTTP/1.1" 200 -
  [05:40:52] [  http] "GET /api/drift HTTP/1.1" 200 -
  [05:40:52] [  http] "GET /api/aegis/stats?hours=24 HTTP/1.1" 200 -
  [05:40:53] [  http] "GET /api/drift HTTP/1.1" 200 -
  [05:40:53] [  http] "GET /api/aegis/stats?hours=24 HTTP/1.1" 200 -
  [05:40:54] [  http] "GET /api/drift HTTP/1.1" 200 -
  [05:40:54] [  http] "GET /api/aegis/stats?hours=24 HTTP/1.1" 200 -
  [05:40:54] [  http] "GET /api/aegis/healing-log?limit=15 HTTP/1.1" 200 -
  [05:40:54] [  http] "GET /api/aegis/recent-events?limit=15 HTTP/1.1" 200 -
  [05:40:55] [  http] "GET /api/status HTTP/1.1" 200 -
  [05:40:56] [  http] "GET /api/session HTTP/1.1" 200 -
  [05:40:56] [  http] "GET /api/sessions HTTP/1.1" 200 -
  [05:40:56] [  http] "GET /api/drift HTTP/1.1" 200 -
  [05:40:56] [  http] "GET /api/drift HTTP/1.1" 200 -
  [05:40:57] [  http] "GET /api/aegis/stats?hours=24 HTTP/1.1" 200 -
  [05:40:57] [  http] "GET /api/aegis/healing-log?limit=15 HTTP/1.1" 200 -
  [05:40:57] [  http] "GET /api/drift HTTP/1.1" 200 -
  [05:40:57] [  http] "GET /api/aegis/recent-events?limit=15 HTTP/1.1" 200 -
  [05:40:58] [  http] "GET /api/aegis/stats?hours=24 HTTP/1.1" 200 -
  [05:40:58] [  http] "GET /api/aegis/healing-log?limit=15 HTTP/1.1" 200 -
  [05:40:58] [  http] "GET /api/aegis/recent-events?limit=15 HTTP/1.1" 200 -
  [05:40:58] [  http] "GET /api/governor HTTP/1.1" 200 -
  [05:40:58] [heartbeat] up 9m30s · model=ready · inferring · pending=0
  [05:40:58] [  http] "GET /api/drift HTTP/1.1" 200 -
  [05:40:58] [  http] "GET /api/status HTTP/1.1" 200 -
  [05:40:59] [  http] "GET /api/drift HTTP/1.1" 200 -
  [05:40:59] [  http] "GET /api/session HTTP/1.1" 200 -
  [05:40:59] [  http] "GET /api/sessions HTTP/1.1" 200 -
  [05:40:59] [  http] "GET /api/governor HTTP/1.1" 200 -
  [05:40:59] [  http] "GET /api/aegis/stats?hours=24 HTTP/1.1" 200 -
  [05:41:00] [  http] "GET /api/governor HTTP/1.1" 200 -
  [05:41:00] [  http] "GET /api/drift HTTP/1.1" 200 -
  [05:41:01] [  http] "GET /api/status HTTP/1.1" 200 -
  [05:41:01] [  http] "GET /api/session HTTP/1.1" 200 -
  [05:41:01] [  http] "GET /api/sessions HTTP/1.1" 200 -
  [05:41:01] [  http] "GET /api/drift HTTP/1.1" 200 -
  [05:41:01] [  http] "GET /api/drift HTTP/1.1" 200 -
  [05:41:02] [  http] "GET /api/aegis/stats?hours=24 HTTP/1.1" 200 -
  [05:41:03] [  http] "GET /api/aegis/stats?hours=24 HTTP/1.1" 200 -
  [05:41:03] [  http] "GET /api/drift HTTP/1.1" 200 -
  [05:41:04] [  http] "GET /api/aegis/stats?hours=24 HTTP/1.1" 200 -
  [05:41:04] [  http] "GET /api/aegis/healing-log?limit=15 HTTP/1.1" 200 -
  [05:41:04] [  http] "GET /api/aegis/recent-events?limit=15 HTTP/1.1" 200 -
  [05:41:05] [  http] "GET /api/drift HTTP/1.1" 200 -
  [05:41:05] [  http] "GET /api/drift HTTP/1.1" 200 -
  [05:41:06] [  http] "GET /api/drift HTTP/1.1" 200 -
  [05:41:07] [  http] "GET /api/drift HTTP/1.1" 200 -
  [05:41:07] [  http] "GET /api/aegis/healing-log?limit=15 HTTP/1.1" 200 -
  [05:41:07] [  http] "GET /api/aegis/stats?hours=24 HTTP/1.1" 200 -
  [05:41:07] [  http] "GET /api/aegis/recent-events?limit=15 HTTP/1.1" 200 -
  [05:41:08] [  http] "GET /api/drift HTTP/1.1" 200 -
  [05:41:08] [  http] "GET /api/aegis/healing-log?limit=15 HTTP/1.1" 200 -
  [05:41:08] [  http] "GET /api/aegis/recent-events?limit=15 HTTP/1.1" 200 -
  [05:41:08] [  http] "GET /api/aegis/stats?hours=24 HTTP/1.1" 200 -
  [05:41:08] [  http] "GET /api/governor HTTP/1.1" 200 -
  [05:41:09] [  http] "GET /api/governor HTTP/1.1" 200 -
  [05:41:09] [  http] "GET /api/drift HTTP/1.1" 200 -
  [05:41:09] [  http] "GET /api/aegis/stats?hours=24 HTTP/1.1" 200 -
  [05:41:10] [  http] "GET /api/governor HTTP/1.1" 200 -
  [05:41:10] [  http] "GET /api/status HTTP/1.1" 200 -
  [05:41:10] [  http] "GET /api/drift HTTP/1.1" 200 -
  [05:41:11] [  http] "GET /api/session HTTP/1.1" 200 -
  [05:41:11] [  http] "GET /api/sessions HTTP/1.1" 200 -
  [05:41:11] [  http] "GET /api/drift HTTP/1.1" 200 -
  [05:41:12] [  http] "GET /api/drift HTTP/1.1" 200 -
  [05:41:12] [  http] "GET /api/aegis/stats?hours=24 HTTP/1.1" 200 -
  [05:41:13] [  http] "GET /api/aegis/stats?hours=24 HTTP/1.1" 200 -
  [05:41:13] [  http] "GET /api/drift HTTP/1.1" 200 -
  [05:41:13] [  http] "GET /api/drift HTTP/1.1" 200 -
  [05:41:14] [  http] "GET /api/status HTTP/1.1" 200 -
  [05:41:14] [  http] "GET /api/session HTTP/1.1" 200 -
  [05:41:14] [  http] "GET /api/sessions HTTP/1.1" 200 -
  [05:41:14] [  http] "GET /api/aegis/healing-log?limit=15 HTTP/1.1" 200 -
  [05:41:14] [  http] "GET /api/aegis/stats?hours=24 HTTP/1.1" 200 -
  [05:41:14] [  http] "GET /api/aegis/recent-events?limit=15 HTTP/1.1" 200 -
  [05:41:15] [  http] "GET /api/drift HTTP/1.1" 200 -
  [05:41:16] [  http] "GET /api/status HTTP/1.1" 200 -
  [05:41:16] [  http] "GET /api/drift HTTP/1.1" 200 -
  [05:41:16] [  http] "GET /api/session HTTP/1.1" 200 -
  [05:41:16] [  http] "GET /api/drift HTTP/1.1" 200 -
  [05:41:16] [  http] "GET /api/sessions HTTP/1.1" 200 -
  [05:41:17] [  http] "GET /api/aegis/stats?hours=24 HTTP/1.1" 200 -
  [05:41:17] [  http] "GET /api/aegis/healing-log?limit=15 HTTP/1.1" 200 -
  [05:41:17] [  http] "GET /api/aegis/recent-events?limit=15 HTTP/1.1" 200 -
  [05:41:18] [  http] "GET /api/aegis/stats?hours=24 HTTP/1.1" 200 -
  [05:41:18] [  http] "GET /api/aegis/healing-log?limit=15 HTTP/1.1" 200 -
  [05:41:18] [  http] "GET /api/aegis/recent-events?limit=15 HTTP/1.1" 200 -
  [05:41:18] [  http] "GET /api/governor HTTP/1.1" 200 -
  [05:41:18] [  http] "GET /api/drift HTTP/1.1" 200 -
  [05:41:19] [  http] "GET /api/governor HTTP/1.1" 200 -
  [05:41:19] [  http] "GET /api/aegis/stats?hours=24 HTTP/1.1" 200 -
  [05:41:20] [  http] "GET /api/drift HTTP/1.1" 200 -
  [05:41:20] [  http] "GET /api/drift HTTP/1.1" 200 -
  [05:41:20] [  http] "GET /api/governor HTTP/1.1" 200 -
  [05:41:21] [  http] "GET /api/drift HTTP/1.1" 200 -
  [05:41:22] [  http] "GET /api/drift HTTP/1.1" 200 -
  [05:41:22] [  http] "GET /api/aegis/stats?hours=24 HTTP/1.1" 200 -
  [05:41:23] [  http] "GET /api/drift HTTP/1.1" 200 -
  [05:41:23] [  http] "GET /api/aegis/stats?hours=24 HTTP/1.1" 200 -
  [05:41:24] [  http] "GET /api/drift HTTP/1.1" 200 -
  [05:41:25] [  http] "GET /api/aegis/recent-events?limit=15 HTTP/1.1" 200 -
  [05:41:25] [  http] "GET /api/aegis/healing-log?limit=15 HTTP/1.1" 200 -
  [05:41:25] [  http] "GET /api/aegis/stats?hours=24 HTTP/1.1" 200 -
  [05:41:25] [  http] "GET /api/status HTTP/1.1" 200 -
  [05:41:26] [  http] "GET /api/session HTTP/1.1" 200 -
  [05:41:26] [  http] "GET /api/sessions HTTP/1.1" 200 -
  [05:41:26] [  http] "GET /api/drift HTTP/1.1" 200 -
  [05:41:26] [  http] "GET /api/drift HTTP/1.1" 200 -
  [05:41:27] [  http] "GET /api/aegis/stats?hours=24 HTTP/1.1" 200 -
  [05:41:27] [  http] "GET /api/aegis/healing-log?limit=15 HTTP/1.1" 200 -
  [05:41:27] [  http] "GET /api/drift HTTP/1.1" 200 -
  [05:41:27] [  http] "GET /api/aegis/recent-events?limit=15 HTTP/1.1" 200 -
  [05:41:28] [  http] "GET /api/aegis/stats?hours=24 HTTP/1.1" 200 -
  [05:41:28] [  http] "GET /api/aegis/healing-log?limit=15 HTTP/1.1" 200 -
  [05:41:28] [  http] "GET /api/aegis/recent-events?limit=15 HTTP/1.1" 200 -
  [05:41:28] [  http] "GET /api/governor HTTP/1.1" 200 -
  [05:41:28] [heartbeat] up 10m00s · model=ready · inferring · pending=0
  [05:41:28] [  http] "GET /api/drift HTTP/1.1" 200 -
  [05:41:29] [  http] "GET /api/drift HTTP/1.1" 200 -
  [05:41:29] [  http] "GET /api/status HTTP/1.1" 200 -
  [05:41:29] [  http] "GET /api/governor HTTP/1.1" 200 -
  [05:41:29] [  http] "GET /api/session HTTP/1.1" 200 -
  [05:41:29] [  http] "GET /api/sessions HTTP/1.1" 200 -
  [05:41:29] [  http] "GET /api/aegis/stats?hours=24 HTTP/1.1" 200 -
  [05:41:30] [  http] "GET /api/governor HTTP/1.1" 200 -
  [05:41:30] [  http] "GET /api/drift HTTP/1.1" 200 -
  [05:41:31] [  http] "GET /api/drift HTTP/1.1" 200 -
  [05:41:31] [  http] "GET /api/status HTTP/1.1" 200 -
  [05:41:32] [  http] "GET /api/drift HTTP/1.1" 200 -
  [05:41:32] [  http] "GET /api/session HTTP/1.1" 200 -
  [05:41:32] [  http] "GET /api/sessions HTTP/1.1" 200 -
  [05:41:32] [  http] "GET /api/aegis/stats?hours=24 HTTP/1.1" 200 -
  [05:41:33] [  http] "GET /api/aegis/stats?hours=24 HTTP/1.1" 200 -
  [05:41:33] [  http] "GET /api/drift HTTP/1.1" 200 -
  [05:41:34] [  http] "GET /api/aegis/healing-log?limit=15 HTTP/1.1" 200 -
  [05:41:34] [  http] "GET /api/aegis/stats?hours=24 HTTP/1.1" 200 -
  [05:41:34] [  http] "GET /api/aegis/recent-events?limit=15 HTTP/1.1" 200 -
  [05:41:35] [  http] "GET /api/drift HTTP/1.1" 200 -
  [05:41:35] [  http] "GET /api/drift HTTP/1.1" 200 -
  [05:41:36] [  http] "GET /api/drift HTTP/1.1" 200 -
  [05:41:37] [  http] "GET /api/drift HTTP/1.1" 200 -
  [05:41:37] [  http] "GET /api/aegis/stats?hours=24 HTTP/1.1" 200 -
  [05:41:37] [  http] "GET /api/aegis/healing-log?limit=15 HTTP/1.1" 200 -
  [05:41:37] [  http] "GET /api/aegis/recent-events?limit=15 HTTP/1.1" 200 -
  [05:41:38] [  http] "GET /api/drift HTTP/1.1" 200 -
  [05:41:38] [  http] "GET /api/aegis/stats?hours=24 HTTP/1.1" 200 -
  [05:41:38] [  http] "GET /api/aegis/healing-log?limit=15 HTTP/1.1" 200 -
  [05:41:38] [  http] "GET /api/aegis/recent-events?limit=15 HTTP/1.1" 200 -
  [05:41:38] [  http] "GET /api/governor HTTP/1.1" 200 -
  [05:41:39] [  http] "GET /api/governor HTTP/1.1" 200 -
  [05:41:39] [  http] "GET /api/drift HTTP/1.1" 200 -
  [05:41:40] [  http] "GET /api/aegis/stats?hours=24 HTTP/1.1" 200 -
  [05:41:40] [  http] "GET /api/governor HTTP/1.1" 200 -
  [05:41:40] [  http] "GET /api/status HTTP/1.1" 200 -
  [05:41:40] [  http] "GET /api/drift HTTP/1.1" 200 -
  [05:41:41] [  http] "GET /api/session HTTP/1.1" 200 -
  [05:41:41] [  http] "GET /api/sessions HTTP/1.1" 200 -
  [05:41:41] [  http] "GET /api/drift HTTP/1.1" 200 -
  [05:41:42] [  http] "GET /api/drift HTTP/1.1" 200 -
  [05:41:42] [  http] "GET /api/aegis/stats?hours=24 HTTP/1.1" 200 -
  [05:41:43] [  http] "GET /api/aegis/stats?hours=24 HTTP/1.1" 200 -
  [05:41:43] [  http] "GET /api/drift HTTP/1.1" 200 -
  [05:41:43] [  http] "GET /api/drift HTTP/1.1" 200 -
  [05:41:44] [  http] "GET /api/status HTTP/1.1" 200 -
  [05:41:44] [  http] "GET /api/aegis/healing-log?limit=15 HTTP/1.1" 200 -
  [05:41:44] [  http] "GET /api/aegis/stats?hours=24 HTTP/1.1" 200 -
  [05:41:44] [  http] "GET /api/aegis/recent-events?limit=15 HTTP/1.1" 200 -
  [05:41:45] [  http] "GET /api/session HTTP/1.1" 200 -
  [05:41:45] [  http] "GET /api/sessions HTTP/1.1" 200 -
  [05:41:45] [  http] "GET /api/drift HTTP/1.1" 200 -
  [05:41:46] [  http] "GET /api/drift HTTP/1.1" 200 -
  [05:41:47] [  http] "GET /api/drift HTTP/1.1" 200 -
  [05:41:47] [  http] "GET /api/status HTTP/1.1" 200 -
  [05:41:47] [  http] "GET /api/session HTTP/1.1" 200 -
  [05:41:47] [  http] "GET /api/sessions HTTP/1.1" 200 -
  [05:41:47] [  http] "GET /api/aegis/stats?hours=24 HTTP/1.1" 200 -
  [05:41:47] [  http] "GET /api/aegis/healing-log?limit=15 HTTP/1.1" 200 -
  [05:41:47] [  http] "GET /api/aegis/recent-events?limit=15 HTTP/1.1" 200 -
  [05:41:48] [  http] "GET /api/aegis/stats?hours=24 HTTP/1.1" 200 -
  [05:41:48] [  http] "GET /api/aegis/healing-log?limit=15 HTTP/1.1" 200 -
  [05:41:48] [  http] "GET /api/aegis/recent-events?limit=15 HTTP/1.1" 200 -
  [05:41:48] [  http] "GET /api/governor HTTP/1.1" 200 -
  [05:41:48] [  http] "GET /api/drift HTTP/1.1" 200 -
  [05:41:49] [  http] "GET /api/governor HTTP/1.1" 200 -
  [05:41:49] [  http] "GET /api/aegis/stats?hours=24 HTTP/1.1" 200 -
  [05:41:50] [  http] "GET /api/drift HTTP/1.1" 200 -
  [05:41:50] [  http] "GET /api/drift HTTP/1.1" 200 -
  [05:41:50] [  http] "GET /api/governor HTTP/1.1" 200 -
  [05:41:51] [  http] "GET /api/drift HTTP/1.1" 200 -
  [05:41:52] [  http] "GET /api/drift HTTP/1.1" 200 -
  [05:41:52] [  http] "GET /api/aegis/stats?hours=24 HTTP/1.1" 200 -
  [05:41:53] [  http] "GET /api/drift HTTP/1.1" 200 -
  [05:41:53] [  http] "GET /api/aegis/stats?hours=24 HTTP/1.1" 200 -
  [OV:newton] ~430 tok, 5.7 tok/s
[AAP] attractor=Fact eps=0.20 trust=0.780
[RENDER-AUDIT] ok overlap=96.67%
[PHASE6] Done: 3141 chars, 430 tokens
  [MEMORY] [generation] baseline=1851MB peak=2319MB (+468 transient) retained=+448MB in 76.0s (291 samples)
  [WORKER] Got result: response=3141 chars, adapter=newton
  [GOVERNOR] Response exceeded token budget (785 est vs 200 budget).
  [COGNITION] ξ=— Γ=— η=0.9386 σ=0.0 fidelity=0.9667 P=0.352 (all measured)
  [05:41:54] [  http] "POST /api/chat HTTP/1.1" 200 -
  [05:41:54] [  http] "GET /api/drift HTTP/1.1" 200 -
  [05:41:54] [  http] "GET /api/aegis/healing-log?limit=15 HTTP/1.1" 200 -
  [05:41:54] [  http] "GET /api/aegis/recent-events?limit=15 HTTP/1.1" 200 -
  [05:41:54] [  http] "GET /api/aegis/stats?hours=24 HTTP/1.1" 200 -
  [05:41:55] [  http] "GET /api/status HTTP/1.1" 200 -
  [05:41:56] [  http] "GET /api/session HTTP/1.1" 200 -
  [05:41:56] [  http] "GET /api/sessions HTTP/1.1" 200 -
  [05:41:56] [  http] "GET /api/drift HTTP/1.1" 200 -
  [05:41:56] [  http] "GET /api/drift HTTP/1.1" 200 -
  [WORKER] Processing query: What is the correct answer to this question: A quantum mecha...
INFO:reasoning_forge.behavior_governor:[GOVERNOR] Pre: identity=none (conf=0.15), memory=2 cocoons, tokens=400, compression=normal
  [GOVERNOR] identity=none (conf=0.15), memory=2 cocoons, tokens=400, compression=normal
  [WORKER] Using forge bridge (Phase 6/7)
[PHASE6] Query complexity: QueryComplexity.MEDIUM
[PHASE7] Route: debate,semantic_tension,specialization_tracking,memory_weighting,gamma_monitoring,synthesis
[PHASE6] Domain: physics, max_adapters: 2

  [OV] Route: newton + quantum (conf=0.67, keyword)
  [05:41:57] [  http] "GET /api/aegis/stats?hours=24 HTTP/1.1" 200 -
  [05:41:57] [  http] "GET /api/aegis/healing-log?limit=15 HTTP/1.1" 200 -
  [05:41:57] [  http] "GET /api/aegis/recent-events?limit=15 HTTP/1.1" 200 -
  [05:41:57] [  http] "GET /api/drift HTTP/1.1" 200 -
  [05:41:58] [  http] "GET /api/aegis/stats?hours=24 HTTP/1.1" 200 -
  [05:41:58] [  http] "GET /api/aegis/healing-log?limit=15 HTTP/1.1" 200 -
  [05:41:58] [  http] "GET /api/aegis/recent-events?limit=15 HTTP/1.1" 200 -
  [05:41:58] [  http] "GET /api/governor HTTP/1.1" 200 -
  [05:41:58] [heartbeat] up 10m30s · model=ready · inferring · pending=0
  [05:41:58] [  http] "GET /api/drift HTTP/1.1" 200 -
  [05:41:58] [  http] "GET /api/drift HTTP/1.1" 200 -
  [05:41:59] [  http] "GET /api/governor HTTP/1.1" 200 -
  [05:42:00] [  http] "GET /api/aegis/stats?hours=24 HTTP/1.1" 200 -
  [05:42:00] [  http] "GET /api/status HTTP/1.1" 200 -
  [05:42:00] [  http] "GET /api/session HTTP/1.1" 200 -
  [05:42:00] [  http] "GET /api/governor HTTP/1.1" 200 -
  [05:42:00] [  http] "GET /api/sessions HTTP/1.1" 200 -
  [05:42:00] [  http] "GET /api/drift HTTP/1.1" 200 -
  [05:42:01] [  http] "GET /api/drift HTTP/1.1" 200 -
  [05:42:02] [  http] "GET /api/drift HTTP/1.1" 200 -
  [05:42:02] [  http] "GET /api/status HTTP/1.1" 200 -
  [05:42:02] [  http] "GET /api/session HTTP/1.1" 200 -
  [05:42:02] [  http] "GET /api/sessions HTTP/1.1" 200 -
  [05:42:02] [  http] "GET /api/aegis/stats?hours=24 HTTP/1.1" 200 -
  [05:42:02] [  http] "GET /api/aegis/stats?hours=24 HTTP/1.1" 200 -
  [05:42:03] [  http] "GET /api/drift HTTP/1.1" 200 -
  [05:42:05] [  http] "GET /api/aegis/stats?hours=24 HTTP/1.1" 200 -
  [05:42:05] [  http] "GET /api/aegis/healing-log?limit=15 HTTP/1.1" 200 -
  [05:42:05] [  http] "GET /api/aegis/recent-events?limit=15 HTTP/1.1" 200 -
  [05:42:05] [  http] "GET /api/drift HTTP/1.1" 200 -
  [05:42:05] [  http] "GET /api/drift HTTP/1.1" 200 -
  [05:42:06] [  http] "GET /api/drift HTTP/1.1" 200 -
  [05:42:07] [  http] "GET /api/drift HTTP/1.1" 200 -
  [05:42:07] [  http] "GET /api/aegis/stats?hours=24 HTTP/1.1" 200 -
  [05:42:07] [  http] "GET /api/aegis/recent-events?limit=15 HTTP/1.1" 200 -
  [05:42:07] [  http] "GET /api/aegis/healing-log?limit=15 HTTP/1.1" 200 -
  [05:42:08] [  http] "GET /api/drift HTTP/1.1" 200 -
  [05:42:08] [  http] "GET /api/aegis/stats?hours=24 HTTP/1.1" 200 -
  [05:42:08] [  http] "GET /api/aegis/recent-events?limit=15 HTTP/1.1" 200 -
  [05:42:08] [  http] "GET /api/aegis/healing-log?limit=15 HTTP/1.1" 200 -
  [05:42:08] [  http] "GET /api/governor HTTP/1.1" 200 -
  [05:42:09] [  http] "GET /api/governor HTTP/1.1" 200 -
  [05:42:09] [  http] "GET /api/drift HTTP/1.1" 200 -
  [05:42:09] [  http] "GET /api/aegis/stats?hours=24 HTTP/1.1" 200 -
  [05:42:10] [  http] "GET /api/governor HTTP/1.1" 200 -
  [05:42:10] [  http] "GET /api/status HTTP/1.1" 200 -
  [05:42:10] [  http] "GET /api/drift HTTP/1.1" 200 -
  [05:42:11] [  http] "GET /api/session HTTP/1.1" 200 -
  [05:42:11] [  http] "GET /api/drift HTTP/1.1" 200 -
  [05:42:11] [  http] "GET /api/sessions HTTP/1.1" 200 -
  [05:42:12] [  http] "GET /api/drift HTTP/1.1" 200 -
  [05:42:12] [  http] "GET /api/aegis/stats?hours=24 HTTP/1.1" 200 -
  [05:42:13] [  http] "GET /api/aegis/stats?hours=24 HTTP/1.1" 200 -
  [05:42:13] [  http] "GET /api/drift HTTP/1.1" 200 -
  [05:42:13] [  http] "GET /api/drift HTTP/1.1" 200 -
  [05:42:14] [  http] "GET /api/aegis/healing-log?limit=15 HTTP/1.1" 200 -
  [05:42:14] [  http] "GET /api/aegis/stats?hours=24 HTTP/1.1" 200 -
  [05:42:14] [  http] "GET /api/aegis/recent-events?limit=15 HTTP/1.1" 200 -
  [05:42:15] [  http] "GET /api/status HTTP/1.1" 200 -
  [05:42:15] [  http] "GET /api/session HTTP/1.1" 200 -
  [05:42:15] [  http] "GET /api/sessions HTTP/1.1" 200 -
  [05:42:15] [  http] "GET /api/drift HTTP/1.1" 200 -
  [05:42:16] [  http] "GET /api/drift HTTP/1.1" 200 -
  [05:42:17] [  http] "GET /api/drift HTTP/1.1" 200 -
  [05:42:17] [  http] "GET /api/status HTTP/1.1" 200 -
  [05:42:17] [  http] "GET /api/session HTTP/1.1" 200 -
  [05:42:17] [  http] "GET /api/sessions HTTP/1.1" 200 -
  [05:42:17] [  http] "GET /api/aegis/healing-log?limit=15 HTTP/1.1" 200 -
  [05:42:17] [  http] "GET /api/aegis/recent-events?limit=15 HTTP/1.1" 200 -
  [05:42:17] [  http] "GET /api/aegis/stats?hours=24 HTTP/1.1" 200 -
  [05:42:18] [  http] "GET /api/aegis/healing-log?limit=15 HTTP/1.1" 200 -
  [05:42:18] [  http] "GET /api/aegis/recent-events?limit=15 HTTP/1.1" 200 -
  [05:42:18] [  http] "GET /api/aegis/stats?hours=24 HTTP/1.1" 200 -
  [05:42:18] [  http] "GET /api/governor HTTP/1.1" 200 -
  [05:42:18] [  http] "GET /api/drift HTTP/1.1" 200 -
  [05:42:19] [  http] "GET /api/governor HTTP/1.1" 200 -
  [05:42:20] [  http] "GET /api/aegis/stats?hours=24 HTTP/1.1" 200 -
  [05:42:20] [  http] "GET /api/drift HTTP/1.1" 200 -
  [05:42:20] [  http] "GET /api/drift HTTP/1.1" 200 -
  [05:42:20] [  http] "GET /api/governor HTTP/1.1" 200 -
  [05:42:21] [  http] "GET /api/drift HTTP/1.1" 200 -
  [05:42:22] [  http] "GET /api/drift HTTP/1.1" 200 -
  [05:42:22] [  http] "GET /api/aegis/stats?hours=24 HTTP/1.1" 200 -
  [05:42:23] [  http] "GET /api/drift HTTP/1.1" 200 -
  [05:42:23] [  http] "GET /api/aegis/stats?hours=24 HTTP/1.1" 200 -
  [05:42:24] [  http] "GET /api/drift HTTP/1.1" 200 -
  [05:42:25] [  http] "GET /api/aegis/stats?hours=24 HTTP/1.1" 200 -
  [05:42:25] [  http] "GET /api/aegis/healing-log?limit=15 HTTP/1.1" 200 -
  [05:42:25] [  http] "GET /api/aegis/recent-events?limit=15 HTTP/1.1" 200 -
  [05:42:25] [  http] "GET /api/status HTTP/1.1" 200 -
  [05:42:26] [  http] "GET /api/session HTTP/1.1" 200 -
  [05:42:26] [  http] "GET /api/sessions HTTP/1.1" 200 -
  [05:42:26] [  http] "GET /api/drift HTTP/1.1" 200 -
  [05:42:26] [  http] "GET /api/drift HTTP/1.1" 200 -
  [05:42:27] [  http] "GET /api/aegis/stats?hours=24 HTTP/1.1" 200 -
  [05:42:27] [  http] "GET /api/aegis/healing-log?limit=15 HTTP/1.1" 200 -
  [05:42:27] [  http] "GET /api/drift HTTP/1.1" 200 -
  [05:42:27] [  http] "GET /api/aegis/recent-events?limit=15 HTTP/1.1" 200 -
  [05:42:28] [  http] "GET /api/aegis/stats?hours=24 HTTP/1.1" 200 -
  [05:42:28] [  http] "GET /api/aegis/healing-log?limit=15 HTTP/1.1" 200 -
  [05:42:28] [  http] "GET /api/aegis/recent-events?limit=15 HTTP/1.1" 200 -
  [05:42:28] [  http] "GET /api/governor HTTP/1.1" 200 -
  [05:42:28] [heartbeat] up 11m00s · model=ready · inferring · pending=0
  [05:42:28] [  http] "GET /api/drift HTTP/1.1" 200 -
  [05:42:29] [  http] "GET /api/drift HTTP/1.1" 200 -
  [05:42:29] [  http] "GET /api/governor HTTP/1.1" 200 -
  [05:42:29] [  http] "GET /api/aegis/stats?hours=24 HTTP/1.1" 200 -
  [05:42:30] [  http] "GET /api/governor HTTP/1.1" 200 -
  [05:42:30] [  http] "GET /api/status HTTP/1.1" 200 -
  [05:42:30] [  http] "GET /api/drift HTTP/1.1" 200 -
  [05:42:30] [  http] "GET /api/session HTTP/1.1" 200 -
  [05:42:30] [  http] "GET /api/sessions HTTP/1.1" 200 -
  [05:42:31] [  http] "GET /api/drift HTTP/1.1" 200 -
  [05:42:31] [  http] "GET /api/drift HTTP/1.1" 200 -
  [05:42:32] [  http] "GET /api/status HTTP/1.1" 200 -
  [05:42:32] [  http] "GET /api/aegis/stats?hours=24 HTTP/1.1" 200 -
  [05:42:33] [  http] "GET /api/session HTTP/1.1" 200 -
  [05:42:33] [  http] "GET /api/aegis/stats?hours=24 HTTP/1.1" 200 -
  [05:42:33] [  http] "GET /api/sessions HTTP/1.1" 200 -
  [05:42:33] [  http] "GET /api/drift HTTP/1.1" 200 -
  [05:42:35] [  http] "GET /api/aegis/stats?hours=24 HTTP/1.1" 200 -
  [05:42:35] [  http] "GET /api/aegis/healing-log?limit=15 HTTP/1.1" 200 -
  [05:42:35] [  http] "GET /api/aegis/recent-events?limit=15 HTTP/1.1" 200 -
  [05:42:35] [  http] "GET /api/drift HTTP/1.1" 200 -
  [05:42:35] [  http] "GET /api/drift HTTP/1.1" 200 -
  [05:42:36] [  http] "GET /api/drift HTTP/1.1" 200 -
  [05:42:37] [  http] "GET /api/drift HTTP/1.1" 200 -
  [05:42:37] [  http] "GET /api/aegis/stats?hours=24 HTTP/1.1" 200 -
  [05:42:37] [  http] "GET /api/aegis/recent-events?limit=15 HTTP/1.1" 200 -
  [05:42:37] [  http] "GET /api/aegis/healing-log?limit=15 HTTP/1.1" 200 -
  [05:42:38] [  http] "GET /api/drift HTTP/1.1" 200 -
  [05:42:38] [  http] "GET /api/aegis/stats?hours=24 HTTP/1.1" 200 -
  [05:42:38] [  http] "GET /api/aegis/recent-events?limit=15 HTTP/1.1" 200 -
  [05:42:38] [  http] "GET /api/aegis/healing-log?limit=15 HTTP/1.1" 200 -
  [05:42:38] [  http] "GET /api/governor HTTP/1.1" 200 -
  [05:42:39] [  http] "GET /api/governor HTTP/1.1" 200 -
  [05:42:39] [  http] "GET /api/drift HTTP/1.1" 200 -
  [05:42:39] [  http] "GET /api/aegis/stats?hours=24 HTTP/1.1" 200 -
  [05:42:40] [  http] "GET /api/governor HTTP/1.1" 200 -
  [05:42:40] [  http] "GET /api/status HTTP/1.1" 200 -
  [05:42:40] [  http] "GET /api/drift HTTP/1.1" 200 -
  [05:42:41] [  http] "GET /api/drift HTTP/1.1" 200 -
  [05:42:41] [  http] "GET /api/session HTTP/1.1" 200 -
  [05:42:41] [  http] "GET /api/sessions HTTP/1.1" 200 -
  [05:42:42] [  http] "GET /api/drift HTTP/1.1" 200 -
  [05:42:42] [  http] "GET /api/aegis/stats?hours=24 HTTP/1.1" 200 -
  [05:42:43] [  http] "GET /api/aegis/stats?hours=24 HTTP/1.1" 200 -
  [05:42:43] [  http] "GET /api/drift HTTP/1.1" 200 -
  [05:42:43] [  http] "GET /api/drift HTTP/1.1" 200 -
  [05:42:45] [  http] "GET /api/aegis/healing-log?limit=15 HTTP/1.1" 200 -
  [05:42:45] [  http] "GET /api/aegis/stats?hours=24 HTTP/1.1" 200 -
  [05:42:45] [  http] "GET /api/aegis/recent-events?limit=15 HTTP/1.1" 200 -
  [05:42:45] [  http] "GET /api/drift HTTP/1.1" 200 -
  [05:42:45] [  http] "GET /api/status HTTP/1.1" 200 -
  [05:42:46] [  http] "GET /api/session HTTP/1.1" 200 -
  [05:42:46] [  http] "GET /api/sessions HTTP/1.1" 200 -
  [05:42:46] [  http] "GET /api/drift HTTP/1.1" 200 -
  [05:42:46] [  http] "GET /api/drift HTTP/1.1" 200 -
  [05:42:47] [  http] "GET /api/aegis/healing-log?limit=15 HTTP/1.1" 200 -
  [05:42:47] [  http] "GET /api/aegis/stats?hours=24 HTTP/1.1" 200 -
  [05:42:47] [  http] "GET /api/aegis/recent-events?limit=15 HTTP/1.1" 200 -
  [05:42:48] [  http] "GET /api/status HTTP/1.1" 200 -
  [05:42:48] [  http] "GET /api/aegis/healing-log?limit=15 HTTP/1.1" 200 -
  [05:42:48] [  http] "GET /api/aegis/stats?hours=24 HTTP/1.1" 200 -
  [05:42:48] [  http] "GET /api/aegis/recent-events?limit=15 HTTP/1.1" 200 -
  [05:42:48] [  http] "GET /api/session HTTP/1.1" 200 -
  [05:42:48] [  http] "GET /api/sessions HTTP/1.1" 200 -
  [05:42:48] [  http] "GET /api/governor HTTP/1.1" 200 -
  [05:42:48] [  http] "GET /api/drift HTTP/1.1" 200 -
  [05:42:49] [  http] "GET /api/governor HTTP/1.1" 200 -
  [05:42:49] [  http] "GET /api/aegis/stats?hours=24 HTTP/1.1" 200 -
  [05:42:50] [  http] "GET /api/drift HTTP/1.1" 200 -
  [05:42:50] [  http] "GET /api/drift HTTP/1.1" 200 -
  [05:42:50] [  http] "GET /api/governor HTTP/1.1" 200 -
  [05:42:51] [  http] "GET /api/drift HTTP/1.1" 200 -
  [05:42:52] [  http] "GET /api/drift HTTP/1.1" 200 -
  [05:42:52] [  http] "GET /api/aegis/stats?hours=24 HTTP/1.1" 200 -
  [05:42:53] [  http] "GET /api/drift HTTP/1.1" 200 -
  [05:42:53] [  http] "GET /api/aegis/stats?hours=24 HTTP/1.1" 200 -
  [05:42:54] [  http] "GET /api/drift HTTP/1.1" 200 -
  [05:42:54] [  http] "GET /api/aegis/recent-events?limit=15 HTTP/1.1" 200 -
  [05:42:54] [  http] "GET /api/aegis/healing-log?limit=15 HTTP/1.1" 200 -
  [05:42:54] [  http] "GET /api/aegis/stats?hours=24 HTTP/1.1" 200 -
  [05:42:55] [  http] "GET /api/drift HTTP/1.1" 200 -
  [05:42:56] [  http] "GET /api/status HTTP/1.1" 200 -
  [05:42:56] [  http] "GET /api/drift HTTP/1.1" 200 -
  [05:42:56] [  http] "GET /api/session HTTP/1.1" 200 -
  [05:42:56] [  http] "GET /api/sessions HTTP/1.1" 200 -
  [05:42:57] [  http] "GET /api/aegis/stats?hours=24 HTTP/1.1" 200 -
  [05:42:57] [  http] "GET /api/aegis/healing-log?limit=15 HTTP/1.1" 200 -
  [05:42:57] [  http] "GET /api/drift HTTP/1.1" 200 -
  [05:42:57] [  http] "GET /api/aegis/recent-events?limit=15 HTTP/1.1" 200 -
  [05:42:58] [  http] "GET /api/aegis/stats?hours=24 HTTP/1.1" 200 -
  [05:42:58] [  http] "GET /api/aegis/healing-log?limit=15 HTTP/1.1" 200 -
  [05:42:58] [  http] "GET /api/aegis/recent-events?limit=15 HTTP/1.1" 200 -
  [05:42:58] [  http] "GET /api/governor HTTP/1.1" 200 -
  [05:42:58] [heartbeat] up 11m30s · model=ready · inferring · pending=0
  [05:42:58] [  http] "GET /api/drift HTTP/1.1" 200 -
  [05:42:59] [  http] "GET /api/drift HTTP/1.1" 200 -
  [05:42:59] [  http] "GET /api/governor HTTP/1.1" 200 -
  [05:43:00] [  http] "GET /api/aegis/stats?hours=24 HTTP/1.1" 200 -
  [05:43:00] [  http] "GET /api/governor HTTP/1.1" 200 -
  [05:43:00] [  http] "GET /api/drift HTTP/1.1" 200 -
  [OV:newton] ~503 tok, 7.8 tok/s
  [05:43:01] [  http] "GET /api/status HTTP/1.1" 200 -
  [05:43:01] [  http] "GET /api/session HTTP/1.1" 200 -
  [05:43:01] [  http] "GET /api/sessions HTTP/1.1" 200 -
  [05:43:01] [  http] "GET /api/drift HTTP/1.1" 200 -
  [05:43:01] [  http] "GET /api/drift HTTP/1.1" 200 -
  [05:43:02] [  http] "GET /api/aegis/stats?hours=24 HTTP/1.1" 200 -
  [05:43:03] [  http] "GET /api/aegis/stats?hours=24 HTTP/1.1" 200 -
  [05:43:03] [  http] "GET /api/status HTTP/1.1" 200 -
  [05:43:03] [  http] "GET /api/session HTTP/1.1" 200 -
  [05:43:03] [  http] "GET /api/sessions HTTP/1.1" 200 -
  [05:43:03] [  http] "GET /api/drift HTTP/1.1" 200 -
  [05:43:04] [  http] "GET /api/aegis/stats?hours=24 HTTP/1.1" 200 -
  [05:43:04] [  http] "GET /api/aegis/healing-log?limit=15 HTTP/1.1" 200 -
  [05:43:04] [  http] "GET /api/aegis/recent-events?limit=15 HTTP/1.1" 200 -
  [05:43:05] [  http] "GET /api/drift HTTP/1.1" 200 -
  [05:43:05] [  http] "GET /api/drift HTTP/1.1" 200 -
  [05:43:06] [  http] "GET /api/drift HTTP/1.1" 200 -
  [05:43:07] [  http] "GET /api/drift HTTP/1.1" 200 -
  [05:43:07] [  http] "GET /api/aegis/stats?hours=24 HTTP/1.1" 200 -
  [05:43:07] [  http] "GET /api/aegis/healing-log?limit=15 HTTP/1.1" 200 -
  [05:43:07] [  http] "GET /api/aegis/recent-events?limit=15 HTTP/1.1" 200 -
  [05:43:08] [  http] "GET /api/drift HTTP/1.1" 200 -
  [05:43:08] [  http] "GET /api/aegis/stats?hours=24 HTTP/1.1" 200 -
  [05:43:08] [  http] "GET /api/aegis/recent-events?limit=15 HTTP/1.1" 200 -
  [05:43:08] [  http] "GET /api/aegis/healing-log?limit=15 HTTP/1.1" 200 -
  [05:43:08] [  http] "GET /api/governor HTTP/1.1" 200 -
  [05:43:09] [  http] "GET /api/governor HTTP/1.1" 200 -
  [05:43:09] [  http] "GET /api/drift HTTP/1.1" 200 -
  [05:43:10] [  http] "GET /api/aegis/stats?hours=24 HTTP/1.1" 200 -
  [05:43:10] [  http] "GET /api/governor HTTP/1.1" 200 -
  [05:43:10] [  http] "GET /api/drift HTTP/1.1" 200 -
  [05:43:10] [  http] "GET /api/drift HTTP/1.1" 200 -
  [05:43:11] [  http] "GET /api/status HTTP/1.1" 200 -
  [05:43:11] [  http] "GET /api/session HTTP/1.1" 200 -
  [05:43:11] [  http] "GET /api/sessions HTTP/1.1" 200 -
  [05:43:12] [  http] "GET /api/drift HTTP/1.1" 200 -
  [05:43:12] [  http] "GET /api/aegis/stats?hours=24 HTTP/1.1" 200 -
  [05:43:13] [  http] "GET /api/aegis/stats?hours=24 HTTP/1.1" 200 -
  [05:43:13] [  http] "GET /api/drift HTTP/1.1" 200 -
  [05:43:13] [  http] "GET /api/drift HTTP/1.1" 200 -
  [05:43:15] [  http] "GET /api/aegis/stats?hours=24 HTTP/1.1" 200 -
  [05:43:15] [  http] "GET /api/aegis/recent-events?limit=15 HTTP/1.1" 200 -
  [05:43:15] [  http] "GET /api/aegis/healing-log?limit=15 HTTP/1.1" 200 -
  [05:43:15] [  http] "GET /api/drift HTTP/1.1" 200 -
  [05:43:16] [  http] "GET /api/status HTTP/1.1" 200 -
  [05:43:16] [  http] "GET /api/session HTTP/1.1" 200 -
  [05:43:16] [  http] "GET /api/sessions HTTP/1.1" 200 -
  [05:43:16] [  http] "GET /api/drift HTTP/1.1" 200 -
  [05:43:16] [  http] "GET /api/drift HTTP/1.1" 200 -
  [05:43:17] [  http] "GET /api/aegis/healing-log?limit=15 HTTP/1.1" 200 -
  [05:43:17] [  http] "GET /api/aegis/recent-events?limit=15 HTTP/1.1" 200 -
  [05:43:17] [  http] "GET /api/aegis/stats?hours=24 HTTP/1.1" 200 -
  [05:43:18] [  http] "GET /api/aegis/healing-log?limit=15 HTTP/1.1" 200 -
  [05:43:18] [  http] "GET /api/aegis/recent-events?limit=15 HTTP/1.1" 200 -
  [05:43:18] [  http] "GET /api/aegis/stats?hours=24 HTTP/1.1" 200 -
  [05:43:18] [  http] "GET /api/governor HTTP/1.1" 200 -
  [05:43:18] [  http] "GET /api/status HTTP/1.1" 200 -
  [05:43:18] [  http] "GET /api/session HTTP/1.1" 200 -
  [05:43:18] [  http] "GET /api/drift HTTP/1.1" 200 -
  [05:43:18] [  http] "GET /api/sessions HTTP/1.1" 200 -
  [05:43:19] [  http] "GET /api/governor HTTP/1.1" 200 -
  [05:43:20] [  http] "GET /api/aegis/stats?hours=24 HTTP/1.1" 200 -
  [05:43:20] [  http] "GET /api/drift HTTP/1.1" 200 -
  [05:43:20] [  http] "GET /api/drift HTTP/1.1" 200 -
  [05:43:20] [  http] "GET /api/governor HTTP/1.1" 200 -
  [05:43:21] [  http] "GET /api/drift HTTP/1.1" 200 -
  [05:43:22] [  http] "GET /api/drift HTTP/1.1" 200 -
  [05:43:22] [  http] "GET /api/aegis/stats?hours=24 HTTP/1.1" 200 -
  [05:43:23] [  http] "GET /api/drift HTTP/1.1" 200 -
  [05:43:23] [  http] "GET /api/aegis/stats?hours=24 HTTP/1.1" 200 -
  [05:43:24] [  http] "GET /api/drift HTTP/1.1" 200 -
  [05:43:24] [  http] "GET /api/aegis/stats?hours=24 HTTP/1.1" 200 -
  [05:43:24] [  http] "GET /api/aegis/healing-log?limit=15 HTTP/1.1" 200 -
  [05:43:24] [  http] "GET /api/aegis/recent-events?limit=15 HTTP/1.1" 200 -
  [05:43:25] [  http] "GET /api/drift HTTP/1.1" 200 -
  [05:43:26] [  http] "GET /api/drift HTTP/1.1" 200 -
  [05:43:26] [  http] "GET /api/status HTTP/1.1" 200 -
  [05:43:27] [  http] "GET /api/session HTTP/1.1" 200 -
  [05:43:27] [  http] "GET /api/sessions HTTP/1.1" 200 -
  [05:43:27] [  http] "GET /api/aegis/stats?hours=24 HTTP/1.1" 200 -
  [05:43:27] [  http] "GET /api/aegis/healing-log?limit=15 HTTP/1.1" 200 -
  [05:43:27] [  http] "GET /api/aegis/recent-events?limit=15 HTTP/1.1" 200 -
  [05:43:27] [  http] "GET /api/drift HTTP/1.1" 200 -
  [05:43:28] [  http] "GET /api/aegis/stats?hours=24 HTTP/1.1" 200 -
  [05:43:28] [  http] "GET /api/aegis/recent-events?limit=15 HTTP/1.1" 200 -
  [05:43:28] [  http] "GET /api/aegis/healing-log?limit=15 HTTP/1.1" 200 -
  [05:43:28] [  http] "GET /api/governor HTTP/1.1" 200 -
  [05:43:28] [heartbeat] up 12m00s · model=ready · inferring · pending=0
  [05:43:28] [  http] "GET /api/drift HTTP/1.1" 200 -
  [05:43:29] [  http] "GET /api/drift HTTP/1.1" 200 -
  [05:43:29] [  http] "GET /api/governor HTTP/1.1" 200 -
  [05:43:30] [  http] "GET /api/aegis/stats?hours=24 HTTP/1.1" 200 -
  [05:43:30] [  http] "GET /api/governor HTTP/1.1" 200 -
  [05:43:30] [  http] "GET /api/drift HTTP/1.1" 200 -
  [05:43:31] [  http] "GET /api/status HTTP/1.1" 200 -
  [05:43:31] [  http] "GET /api/session HTTP/1.1" 200 -
  [05:43:31] [  http] "GET /api/sessions HTTP/1.1" 200 -
  [05:43:31] [  http] "GET /api/drift HTTP/1.1" 200 -
  [05:43:31] [  http] "GET /api/drift HTTP/1.1" 200 -
  [05:43:32] [  http] "GET /api/aegis/stats?hours=24 HTTP/1.1" 200 -
  [05:43:33] [  http] "GET /api/aegis/stats?hours=24 HTTP/1.1" 200 -
  [05:43:33] [  http] "GET /api/status HTTP/1.1" 200 -
  [05:43:33] [  http] "GET /api/session HTTP/1.1" 200 -
  [05:43:33] [  http] "GET /api/sessions HTTP/1.1" 200 -
  [05:43:33] [  http] "GET /api/drift HTTP/1.1" 200 -
  [05:43:34] [  http] "GET /api/drift HTTP/1.1" 200 -
  [05:43:35] [  http] "GET /api/aegis/recent-events?limit=15 HTTP/1.1" 200 -
  [05:43:35] [  http] "GET /api/aegis/stats?hours=24 HTTP/1.1" 200 -
  [05:43:35] [  http] "GET /api/aegis/healing-log?limit=15 HTTP/1.1" 200 -
  [05:43:35] [  http] "GET /api/drift HTTP/1.1" 200 -
  [05:43:36] [  http] "GET /api/drift HTTP/1.1" 200 -
  [05:43:37] [  http] "GET /api/aegis/stats?hours=24 HTTP/1.1" 200 -
  [05:43:37] [  http] "GET /api/drift HTTP/1.1" 200 -
  [05:43:37] [  http] "GET /api/aegis/healing-log?limit=15 HTTP/1.1" 200 -
  [05:43:37] [  http] "GET /api/aegis/recent-events?limit=15 HTTP/1.1" 200 -
  [05:43:38] [  http] "GET /api/aegis/stats?hours=24 HTTP/1.1" 200 -
  [05:43:38] [  http] "GET /api/drift HTTP/1.1" 200 -
  [05:43:38] [  http] "GET /api/aegis/healing-log?limit=15 HTTP/1.1" 200 -
  [05:43:38] [  http] "GET /api/aegis/recent-events?limit=15 HTTP/1.1" 200 -
  [05:43:38] [  http] "GET /api/governor HTTP/1.1" 200 -
  [05:43:39] [  http] "GET /api/governor HTTP/1.1" 200 -
  [05:43:39] [  http] "GET /api/drift HTTP/1.1" 200 -
  [05:43:39] [  http] "GET /api/aegis/stats?hours=24 HTTP/1.1" 200 -
  [05:43:40] [  http] "GET /api/governor HTTP/1.1" 200 -
  [05:43:40] [  http] "GET /api/drift HTTP/1.1" 200 -
  [05:43:40] [  http] "GET /api/drift HTTP/1.1" 200 -
  [05:43:42] [  http] "GET /api/status HTTP/1.1" 200 -
  [05:43:42] [  http] "GET /api/session HTTP/1.1" 200 -
  [05:43:42] [  http] "GET /api/sessions HTTP/1.1" 200 -
  [05:43:42] [  http] "GET /api/drift HTTP/1.1" 200 -
  [05:43:42] [  http] "GET /api/aegis/stats?hours=24 HTTP/1.1" 200 -
  [05:43:43] [  http] "GET /api/aegis/stats?hours=24 HTTP/1.1" 200 -
  [05:43:43] [  http] "GET /api/drift HTTP/1.1" 200 -
  [05:43:43] [  http] "GET /api/drift HTTP/1.1" 200 -
  [05:43:45] [  http] "GET /api/aegis/healing-log?limit=15 HTTP/1.1" 200 -
  [05:43:45] [  http] "GET /api/aegis/recent-events?limit=15 HTTP/1.1" 200 -
  [05:43:45] [  http] "GET /api/aegis/stats?hours=24 HTTP/1.1" 200 -
  [05:43:45] [  http] "GET /api/drift HTTP/1.1" 200 -
  [05:43:46] [  http] "GET /api/status HTTP/1.1" 200 -
  [05:43:46] [  http] "GET /api/session HTTP/1.1" 200 -
  [05:43:46] [  http] "GET /api/sessions HTTP/1.1" 200 -
  [OV:quantum] ~349 tok, 7.7 tok/s
  [TENSION] xi=0.1557 gamma=0.8653 — primary direct (perspectives agree)
[MANIFOLD] weights={'newton': 0.5, 'quantum': 0.5} xi=0.076 steering=ON
[AAP] attractor=Fact eps=0.16 trust=1.000
[RENDER-AUDIT] ok overlap=100.00%
[PHASE6] Done: 1238 chars, 852 tokens
  [MEMORY] [generation] baseline=2292MB peak=2393MB (+100 transient) retained=-332MB in 110.3s (423 samples)
  [WORKER] Got result: response=1238 chars, adapter=newton
  [GOVERNOR] Response may not directly answer the question.
  [05:43:46] [  http] "GET /api/drift HTTP/1.1" 200 -
  [05:43:46] [  http] "GET /api/drift HTTP/1.1" 200 -
  [COGNITION] ξ=0.1557 Γ=0.8653 η=0.9491 σ=0.0 fidelity=1.0 P=0.357 (all measured)
  [05:43:46] [  http] "POST /api/chat HTTP/1.1" 200 -
  [05:43:47] [  http] "GET /api/aegis/stats?hours=24 HTTP/1.1" 200 -
  [05:43:47] [  http] "GET /api/aegis/recent-events?limit=15 HTTP/1.1" 200 -
  [05:43:47] [  http] "GET /api/aegis/healing-log?limit=15 HTTP/1.1" 200 -
  [05:43:48] [  http] "GET /api/aegis/stats?hours=24 HTTP/1.1" 200 -
  [05:43:48] [  http] "GET /api/aegis/recent-events?limit=15 HTTP/1.1" 200 -
  [05:43:48] [  http] "GET /api/governor HTTP/1.1" 200 -
  [05:43:48] [  http] "GET /api/aegis/healing-log?limit=15 HTTP/1.1" 200 -
  [05:43:48] [  http] "GET /api/status HTTP/1.1" 200 -
  [05:43:48] [  http] "GET /api/session HTTP/1.1" 200 -
  [05:43:48] [  http] "GET /api/sessions HTTP/1.1" 200 -
  [05:43:48] [  http] "GET /api/drift HTTP/1.1" 200 -
  [WORKER] Processing query: What is the correct answer to this question: The universe is...
INFO:reasoning_forge.behavior_governor:[GOVERNOR] Pre: identity=none (conf=0.15), memory=2 cocoons, tokens=400, compression=normal
  [GOVERNOR] identity=none (conf=0.15), memory=2 cocoons, tokens=400, compression=normal
  [WORKER] Using forge bridge (Phase 6/7)
[PHASE6] Query complexity: QueryComplexity.MEDIUM
[PHASE7] Route: debate,semantic_tension,specialization_tracking,memory_weighting,gamma_monitoring,synthesis
[PHASE6] Domain: physics, max_adapters: 2

  [OV] Route: newton + quantum (conf=0.83, keyword)
  [05:43:49] [  http] "GET /api/governor HTTP/1.1" 200 -
  [05:43:49] [  http] "GET /api/aegis/stats?hours=24 HTTP/1.1" 200 -
  [05:43:50] [  http] "GET /api/drift HTTP/1.1" 200 -
  [05:43:50] [  http] "GET /api/drift HTTP/1.1" 200 -
  [05:43:50] [  http] "GET /api/governor HTTP/1.1" 200 -
  [05:43:51] [  http] "GET /api/drift HTTP/1.1" 200 -
  [05:43:52] [  http] "GET /api/drift HTTP/1.1" 200 -
  [05:43:53] [  http] "GET /api/aegis/stats?hours=24 HTTP/1.1" 200 -
  [05:43:53] [  http] "GET /api/drift HTTP/1.1" 200 -
  [05:43:53] [  http] "GET /api/aegis/stats?hours=24 HTTP/1.1" 200 -
  [05:43:54] [  http] "GET /api/drift HTTP/1.1" 200 -
  [05:43:55] [  http] "GET /api/aegis/healing-log?limit=15 HTTP/1.1" 200 -
  [05:43:55] [  http] "GET /api/aegis/stats?hours=24 HTTP/1.1" 200 -
  [05:43:55] [  http] "GET /api/aegis/recent-events?limit=15 HTTP/1.1" 200 -
  [05:43:55] [  http] "GET /api/drift HTTP/1.1" 200 -
  [05:43:56] [  http] "GET /api/drift HTTP/1.1" 200 -
  [05:43:57] [  http] "GET /api/status HTTP/1.1" 200 -
  [05:43:57] [  http] "GET /api/aegis/stats?hours=24 HTTP/1.1" 200 -
  [05:43:57] [  http] "GET /api/session HTTP/1.1" 200 -
  [05:43:57] [  http] "GET /api/sessions HTTP/1.1" 200 -
  [05:43:57] [  http] "GET /api/aegis/healing-log?limit=15 HTTP/1.1" 200 -
  [05:43:57] [  http] "GET /api/aegis/recent-events?limit=15 HTTP/1.1" 200 -
  [05:43:57] [  http] "GET /api/drift HTTP/1.1" 200 -
  [05:43:58] [  http] "GET /api/aegis/stats?hours=24 HTTP/1.1" 200 -
  [05:43:58] [  http] "GET /api/aegis/healing-log?limit=15 HTTP/1.1" 200 -
  [05:43:58] [  http] "GET /api/aegis/recent-events?limit=15 HTTP/1.1" 200 -
  [05:43:58] [  http] "GET /api/governor HTTP/1.1" 200 -
  [05:43:58] [heartbeat] up 12m30s · model=ready · inferring · pending=0
  [05:43:58] [  http] "GET /api/drift HTTP/1.1" 200 -
  [05:43:59] [  http] "GET /api/drift HTTP/1.1" 200 -
  [05:43:59] [  http] "GET /api/governor HTTP/1.1" 200 -
  [05:44:00] [  http] "GET /api/aegis/stats?hours=24 HTTP/1.1" 200 -
  [05:44:00] [  http] "GET /api/governor HTTP/1.1" 200 -
  [05:44:00] [  http] "GET /api/drift HTTP/1.1" 200 -
  [05:44:01] [  http] "GET /api/status HTTP/1.1" 200 -
  [05:44:01] [  http] "GET /api/session HTTP/1.1" 200 -
  [05:44:01] [  http] "GET /api/sessions HTTP/1.1" 200 -
  [05:44:01] [  http] "GET /api/drift HTTP/1.1" 200 -
  [05:44:01] [  http] "GET /api/drift HTTP/1.1" 200 -
  [05:44:03] [  http] "GET /api/aegis/stats?hours=24 HTTP/1.1" 200 -
  [05:44:03] [  http] "GET /api/aegis/stats?hours=24 HTTP/1.1" 200 -
  [05:44:03] [  http] "GET /api/status HTTP/1.1" 200 -
  [05:44:03] [  http] "GET /api/session HTTP/1.1" 200 -
  [05:44:03] [  http] "GET /api/sessions HTTP/1.1" 200 -
  [05:44:03] [  http] "GET /api/drift HTTP/1.1" 200 -
  [05:44:04] [  http] "GET /api/drift HTTP/1.1" 200 -
  [05:44:05] [  http] "GET /api/aegis/stats?hours=24 HTTP/1.1" 200 -
  [05:44:05] [  http] "GET /api/aegis/healing-log?limit=15 HTTP/1.1" 200 -
  [05:44:05] [  http] "GET /api/aegis/recent-events?limit=15 HTTP/1.1" 200 -
  [05:44:05] [  http] "GET /api/drift HTTP/1.1" 200 -
  [05:44:06] [  http] "GET /api/drift HTTP/1.1" 200 -
  [05:44:07] [  http] "GET /api/aegis/stats?hours=24 HTTP/1.1" 200 -
  [05:44:07] [  http] "GET /api/drift HTTP/1.1" 200 -
  [05:44:07] [  http] "GET /api/aegis/healing-log?limit=15 HTTP/1.1" 200 -
  [05:44:07] [  http] "GET /api/aegis/recent-events?limit=15 HTTP/1.1" 200 -
  [05:44:08] [  http] "GET /api/drift HTTP/1.1" 200 -
  [05:44:08] [  http] "GET /api/aegis/stats?hours=24 HTTP/1.1" 200 -
  [05:44:08] [  http] "GET /api/aegis/healing-log?limit=15 HTTP/1.1" 200 -
  [05:44:08] [  http] "GET /api/aegis/recent-events?limit=15 HTTP/1.1" 200 -
  [05:44:08] [  http] "GET /api/governor HTTP/1.1" 200 -
  [05:44:09] [  http] "GET /api/governor HTTP/1.1" 200 -
  [05:44:09] [  http] "GET /api/drift HTTP/1.1" 200 -
  [05:44:09] [  http] "GET /api/aegis/stats?hours=24 HTTP/1.1" 200 -
  [05:44:10] [  http] "GET /api/governor HTTP/1.1" 200 -
  [05:44:10] [  http] "GET /api/drift HTTP/1.1" 200 -
  [05:44:10] [  http] "GET /api/drift HTTP/1.1" 200 -
  [05:44:12] [  http] "GET /api/status HTTP/1.1" 200 -
  [05:44:12] [  http] "GET /api/drift HTTP/1.1" 200 -
  [05:44:12] [  http] "GET /api/aegis/stats?hours=24 HTTP/1.1" 200 -
  [05:44:13] [  http] "GET /api/session HTTP/1.1" 200 -
  [05:44:13] [  http] "GET /api/sessions HTTP/1.1" 200 -
  [05:44:13] [  http] "GET /api/aegis/stats?hours=24 HTTP/1.1" 200 -
  [05:44:13] [  http] "GET /api/drift HTTP/1.1" 200 -
  [05:44:13] [  http] "GET /api/drift HTTP/1.1" 200 -
  [05:44:14] [  http] "GET /api/aegis/stats?hours=24 HTTP/1.1" 200 -
  [05:44:15] [  http] "GET /api/aegis/healing-log?limit=15 HTTP/1.1" 200 -
  [05:44:15] [  http] "GET /api/aegis/recent-events?limit=15 HTTP/1.1" 200 -
  [05:44:15] [  http] "GET /api/drift HTTP/1.1" 200 -
  [05:44:16] [  http] "GET /api/status HTTP/1.1" 200 -
  [05:44:16] [  http] "GET /api/session HTTP/1.1" 200 -
  [05:44:16] [  http] "GET /api/sessions HTTP/1.1" 200 -
  [05:44:16] [  http] "GET /api/drift HTTP/1.1" 200 -
  [05:44:16] [  http] "GET /api/drift HTTP/1.1" 200 -
  [05:44:18] [  http] "GET /api/aegis/stats?hours=24 HTTP/1.1" 200 -
  [05:44:18] [  http] "GET /api/aegis/healing-log?limit=15 HTTP/1.1" 200 -
  [05:44:18] [  http] "GET /api/aegis/recent-events?limit=15 HTTP/1.1" 200 -
  [05:44:18] [  http] "GET /api/aegis/stats?hours=24 HTTP/1.1" 200 -
  [05:44:18] [  http] "GET /api/aegis/healing-log?limit=15 HTTP/1.1" 200 -
  [05:44:18] [  http] "GET /api/aegis/recent-events?limit=15 HTTP/1.1" 200 -
  [05:44:18] [  http] "GET /api/governor HTTP/1.1" 200 -
  [05:44:18] [  http] "GET /api/status HTTP/1.1" 200 -
  [05:44:18] [  http] "GET /api/drift HTTP/1.1" 200 -
  [05:44:19] [  http] "GET /api/session HTTP/1.1" 200 -
  [05:44:19] [  http] "GET /api/sessions HTTP/1.1" 200 -
  [05:44:19] [  http] "GET /api/governor HTTP/1.1" 200 -
  [05:44:19] [  http] "GET /api/aegis/stats?hours=24 HTTP/1.1" 200 -
  [05:44:20] [  http] "GET /api/drift HTTP/1.1" 200 -
  [05:44:20] [  http] "GET /api/drift HTTP/1.1" 200 -
  [05:44:20] [  http] "GET /api/governor HTTP/1.1" 200 -
  [05:44:21] [  http] "GET /api/drift HTTP/1.1" 200 -
  [05:44:22] [  http] "GET /api/drift HTTP/1.1" 200 -
  [05:44:22] [  http] "GET /api/aegis/stats?hours=24 HTTP/1.1" 200 -
  [05:44:23] [  http] "GET /api/drift HTTP/1.1" 200 -
  [05:44:23] [  http] "GET /api/aegis/stats?hours=24 HTTP/1.1" 200 -
  [05:44:24] [  http] "GET /api/drift HTTP/1.1" 200 -
  [05:44:25] [  http] "GET /api/aegis/healing-log?limit=15 HTTP/1.1" 200 -
  [05:44:25] [  http] "GET /api/aegis/stats?hours=24 HTTP/1.1" 200 -
  [05:44:25] [  http] "GET /api/aegis/recent-events?limit=15 HTTP/1.1" 200 -
  [05:44:25] [  http] "GET /api/drift HTTP/1.1" 200 -
  [05:44:26] [  http] "GET /api/drift HTTP/1.1" 200 -
  [05:44:27] [  http] "GET /api/aegis/stats?hours=24 HTTP/1.1" 200 -
  [05:44:27] [  http] "GET /api/aegis/healing-log?limit=15 HTTP/1.1" 200 -
  [05:44:27] [  http] "GET /api/drift HTTP/1.1" 200 -
  [05:44:27] [  http] "GET /api/aegis/recent-events?limit=15 HTTP/1.1" 200 -
  [05:44:28] [  http] "GET /api/status HTTP/1.1" 200 -
  [05:44:28] [  http] "GET /api/aegis/stats?hours=24 HTTP/1.1" 200 -
  [05:44:28] [  http] "GET /api/aegis/healing-log?limit=15 HTTP/1.1" 200 -
  [05:44:28] [  http] "GET /api/aegis/recent-events?limit=15 HTTP/1.1" 200 -
  [05:44:28] [  http] "GET /api/session HTTP/1.1" 200 -
  [05:44:28] [  http] "GET /api/sessions HTTP/1.1" 200 -
  [05:44:28] [  http] "GET /api/governor HTTP/1.1" 200 -
  [05:44:28] [heartbeat] up 13m00s · model=ready · inferring · pending=0
  [05:44:28] [  http] "GET /api/drift HTTP/1.1" 200 -
  [05:44:29] [  http] "GET /api/drift HTTP/1.1" 200 -
  [05:44:29] [  http] "GET /api/governor HTTP/1.1" 200 -
  [05:44:29] [  http] "GET /api/aegis/stats?hours=24 HTTP/1.1" 200 -
  [05:44:30] [  http] "GET /api/governor HTTP/1.1" 200 -
  [05:44:30] [  http] "GET /api/drift HTTP/1.1" 200 -
  [05:44:31] [  http] "GET /api/status HTTP/1.1" 200 -
  [05:44:31] [  http] "GET /api/session HTTP/1.1" 200 -
  [05:44:31] [  http] "GET /api/sessions HTTP/1.1" 200 -
  [05:44:31] [  http] "GET /api/drift HTTP/1.1" 200 -
  [05:44:31] [  http] "GET /api/drift HTTP/1.1" 200 -
  [05:44:33] [  http] "GET /api/aegis/stats?hours=24 HTTP/1.1" 200 -
  [05:44:33] [  http] "GET /api/aegis/stats?hours=24 HTTP/1.1" 200 -
  [05:44:33] [  http] "GET /api/drift HTTP/1.1" 200 -
  [05:44:34] [  http] "GET /api/status HTTP/1.1" 200 -
  [05:44:34] [  http] "GET /api/session HTTP/1.1" 200 -
  [05:44:34] [  http] "GET /api/sessions HTTP/1.1" 200 -
  [05:44:34] [  http] "GET /api/drift HTTP/1.1" 200 -
  [05:44:35] [  http] "GET /api/aegis/stats?hours=24 HTTP/1.1" 200 -
  [05:44:35] [  http] "GET /api/aegis/healing-log?limit=15 HTTP/1.1" 200 -
  [05:44:35] [  http] "GET /api/aegis/recent-events?limit=15 HTTP/1.1" 200 -
  [05:44:35] [  http] "GET /api/drift HTTP/1.1" 200 -
  [05:44:36] [  http] "GET /api/drift HTTP/1.1" 200 -
  [05:44:37] [  http] "GET /api/aegis/stats?hours=24 HTTP/1.1" 200 -
  [05:44:37] [  http] "GET /api/drift HTTP/1.1" 200 -
  [05:44:37] [  http] "GET /api/aegis/healing-log?limit=15 HTTP/1.1" 200 -
  [05:44:37] [  http] "GET /api/aegis/recent-events?limit=15 HTTP/1.1" 200 -
  [05:44:38] [  http] "GET /api/drift HTTP/1.1" 200 -
  [05:44:38] [  http] "GET /api/aegis/stats?hours=24 HTTP/1.1" 200 -
  [05:44:38] [  http] "GET /api/aegis/recent-events?limit=15 HTTP/1.1" 200 -
  [05:44:38] [  http] "GET /api/aegis/healing-log?limit=15 HTTP/1.1" 200 -
  [05:44:38] [  http] "GET /api/governor HTTP/1.1" 200 -
  [05:44:39] [  http] "GET /api/governor HTTP/1.1" 200 -
  [05:44:39] [  http] "GET /api/drift HTTP/1.1" 200 -
  [05:44:39] [  http] "GET /api/aegis/stats?hours=24 HTTP/1.1" 200 -
  [05:44:40] [  http] "GET /api/governor HTTP/1.1" 200 -
  [05:44:40] [  http] "GET /api/drift HTTP/1.1" 200 -
  [05:44:40] [  http] "GET /api/drift HTTP/1.1" 200 -
  [05:44:42] [  http] "GET /api/drift HTTP/1.1" 200 -
  [05:44:42] [  http] "GET /api/aegis/stats?hours=24 HTTP/1.1" 200 -
  [05:44:43] [  http] "GET /api/aegis/stats?hours=24 HTTP/1.1" 200 -
  [05:44:43] [  http] "GET /api/status HTTP/1.1" 200 -
  [05:44:43] [  http] "GET /api/session HTTP/1.1" 200 -
  [05:44:43] [  http] "GET /api/sessions HTTP/1.1" 200 -
  [05:44:43] [  http] "GET /api/drift HTTP/1.1" 200 -
  [05:44:43] [  http] "GET /api/drift HTTP/1.1" 200 -
  [05:44:45] [  http] "GET /api/aegis/stats?hours=24 HTTP/1.1" 200 -
  [05:44:45] [  http] "GET /api/aegis/healing-log?limit=15 HTTP/1.1" 200 -
  [05:44:45] [  http] "GET /api/aegis/recent-events?limit=15 HTTP/1.1" 200 -
  [05:44:45] [  http] "GET /api/drift HTTP/1.1" 200 -
  [05:44:46] [  http] "GET /api/status HTTP/1.1" 200 -
  [05:44:46] [  http] "GET /api/session HTTP/1.1" 200 -
  [05:44:46] [  http] "GET /api/sessions HTTP/1.1" 200 -
  [05:44:46] [  http] "GET /api/drift HTTP/1.1" 200 -
  [05:44:46] [  http] "GET /api/drift HTTP/1.1" 200 -
  [05:44:47] [  http] "GET /api/aegis/stats?hours=24 HTTP/1.1" 200 -
  [OV:newton] ~620 tok, 10.6 tok/s
  [05:44:47] [  http] "GET /api/aegis/healing-log?limit=15 HTTP/1.1" 200 -
  [05:44:47] [  http] "GET /api/aegis/recent-events?limit=15 HTTP/1.1" 200 -
  [05:44:48] [  http] "GET /api/aegis/stats?hours=24 HTTP/1.1" 200 -
  [05:44:48] [  http] "GET /api/aegis/healing-log?limit=15 HTTP/1.1" 200 -
  [05:44:48] [  http] "GET /api/aegis/recent-events?limit=15 HTTP/1.1" 200 -
  [05:44:48] [  http] "GET /api/governor HTTP/1.1" 200 -
  [05:44:48] [  http] "GET /api/drift HTTP/1.1" 200 -
  [05:44:49] [  http] "GET /api/status HTTP/1.1" 200 -
  [05:44:49] [  http] "GET /api/session HTTP/1.1" 200 -
  [05:44:49] [  http] "GET /api/sessions HTTP/1.1" 200 -
  [05:44:49] [  http] "GET /api/governor HTTP/1.1" 200 -
  [05:44:49] [  http] "GET /api/aegis/stats?hours=24 HTTP/1.1" 200 -
  [05:44:50] [  http] "GET /api/drift HTTP/1.1" 200 -
  [05:44:50] [  http] "GET /api/drift HTTP/1.1" 200 -
  [05:44:50] [  http] "GET /api/governor HTTP/1.1" 200 -
  [05:44:51] [  http] "GET /api/drift HTTP/1.1" 200 -
  [05:44:52] [  http] "GET /api/drift HTTP/1.1" 200 -
  [05:44:52] [  http] "GET /api/aegis/stats?hours=24 HTTP/1.1" 200 -
  [05:44:53] [  http] "GET /api/drift HTTP/1.1" 200 -
  [05:44:53] [  http] "GET /api/aegis/stats?hours=24 HTTP/1.1" 200 -
  [05:44:54] [  http] "GET /api/drift HTTP/1.1" 200 -
  [05:44:55] [  http] "GET /api/aegis/stats?hours=24 HTTP/1.1" 200 -
  [05:44:55] [  http] "GET /api/aegis/healing-log?limit=15 HTTP/1.1" 200 -
  [05:44:55] [  http] "GET /api/aegis/recent-events?limit=15 HTTP/1.1" 200 -
  [05:44:55] [  http] "GET /api/drift HTTP/1.1" 200 -
  [05:44:56] [  http] "GET /api/drift HTTP/1.1" 200 -
  [05:44:57] [  http] "GET /api/aegis/stats?hours=24 HTTP/1.1" 200 -
  [05:44:57] [  http] "GET /api/aegis/healing-log?limit=15 HTTP/1.1" 200 -
  [05:44:57] [  http] "GET /api/aegis/recent-events?limit=15 HTTP/1.1" 200 -
  [05:44:57] [  http] "GET /api/drift HTTP/1.1" 200 -
  [05:44:58] [  http] "GET /api/aegis/stats?hours=24 HTTP/1.1" 200 -
  [05:44:58] [  http] "GET /api/aegis/recent-events?limit=15 HTTP/1.1" 200 -
  [05:44:58] [  http] "GET /api/aegis/healing-log?limit=15 HTTP/1.1" 200 -
  [05:44:58] [  http] "GET /api/governor HTTP/1.1" 200 -
  [05:44:58] [  http] "GET /api/status HTTP/1.1" 200 -
  [05:44:58] [heartbeat] up 13m30s · model=ready · inferring · pending=0
  [05:44:59] [  http] "GET /api/session HTTP/1.1" 200 -
  [05:44:59] [  http] "GET /api/drift HTTP/1.1" 200 -
  [05:44:59] [  http] "GET /api/sessions HTTP/1.1" 200 -
  [05:44:59] [  http] "GET /api/drift HTTP/1.1" 200 -
  [05:44:59] [  http] "GET /api/governor HTTP/1.1" 200 -
  [05:44:59] [  http] "GET /api/aegis/stats?hours=24 HTTP/1.1" 200 -
  [05:45:00] [  http] "GET /api/governor HTTP/1.1" 200 -
  [05:45:00] [  http] "GET /api/drift HTTP/1.1" 200 -
  [05:45:01] [  http] "GET /api/status HTTP/1.1" 200 -
  [05:45:01] [  http] "GET /api/session HTTP/1.1" 200 -
  [05:45:01] [  http] "GET /api/sessions HTTP/1.1" 200 -
  [05:45:01] [  http] "GET /api/drift HTTP/1.1" 200 -
  [05:45:01] [  http] "GET /api/drift HTTP/1.1" 200 -
  [05:45:02] [  http] "GET /api/aegis/stats?hours=24 HTTP/1.1" 200 -
  [05:45:03] [  http] "GET /api/aegis/stats?hours=24 HTTP/1.1" 200 -
  [05:45:03] [  http] "GET /api/drift HTTP/1.1" 200 -
  [05:45:04] [  http] "GET /api/status HTTP/1.1" 200 -
  [05:45:04] [  http] "GET /api/session HTTP/1.1" 200 -
  [05:45:04] [  http] "GET /api/sessions HTTP/1.1" 200 -
  [05:45:04] [  http] "GET /api/drift HTTP/1.1" 200 -
  [05:45:05] [  http] "GET /api/aegis/stats?hours=24 HTTP/1.1" 200 -
  [05:45:05] [  http] "GET /api/aegis/healing-log?limit=15 HTTP/1.1" 200 -
  [05:45:05] [  http] "GET /api/aegis/recent-events?limit=15 HTTP/1.1" 200 -
  [05:45:05] [  http] "GET /api/drift HTTP/1.1" 200 -
  [05:45:06] [  http] "GET /api/drift HTTP/1.1" 200 -
  [05:45:07] [  http] "GET /api/drift HTTP/1.1" 200 -
  [05:45:07] [  http] "GET /api/aegis/healing-log?limit=15 HTTP/1.1" 200 -
  [05:45:07] [  http] "GET /api/aegis/stats?hours=24 HTTP/1.1" 200 -
  [05:45:07] [  http] "GET /api/aegis/recent-events?limit=15 HTTP/1.1" 200 -
  [05:45:08] [  http] "GET /api/drift HTTP/1.1" 200 -
  [05:45:08] [  http] "GET /api/aegis/healing-log?limit=15 HTTP/1.1" 200 -
  [05:45:08] [  http] "GET /api/aegis/stats?hours=24 HTTP/1.1" 200 -
  [05:45:08] [  http] "GET /api/aegis/recent-events?limit=15 HTTP/1.1" 200 -
  [05:45:08] [  http] "GET /api/governor HTTP/1.1" 200 -
  [05:45:09] [  http] "GET /api/governor HTTP/1.1" 200 -
  [05:45:09] [  http] "GET /api/drift HTTP/1.1" 200 -
  [05:45:09] [  http] "GET /api/aegis/stats?hours=24 HTTP/1.1" 200 -
  [05:45:10] [  http] "GET /api/governor HTTP/1.1" 200 -
  [05:45:10] [  http] "GET /api/drift HTTP/1.1" 200 -
  [05:45:11] [  http] "GET /api/drift HTTP/1.1" 200 -
  [05:45:12] [  http] "GET /api/drift HTTP/1.1" 200 -
  [05:45:12] [  http] "GET /api/aegis/stats?hours=24 HTTP/1.1" 200 -
  [05:45:13] [  http] "GET /api/aegis/stats?hours=24 HTTP/1.1" 200 -
  [05:45:13] [  http] "GET /api/status HTTP/1.1" 200 -
  [05:45:13] [  http] "GET /api/drift HTTP/1.1" 200 -
  [05:45:14] [  http] "GET /api/session HTTP/1.1" 200 -
  [05:45:14] [  http] "GET /api/sessions HTTP/1.1" 200 -
  [05:45:14] [  http] "GET /api/drift HTTP/1.1" 200 -
  [05:45:14] [  http] "GET /api/aegis/stats?hours=24 HTTP/1.1" 200 -
  [05:45:14] [  http] "GET /api/aegis/healing-log?limit=15 HTTP/1.1" 200 -
  [05:45:14] [  http] "GET /api/aegis/recent-events?limit=15 HTTP/1.1" 200 -
  [05:45:15] [  http] "GET /api/drift HTTP/1.1" 200 -
  [05:45:16] [  http] "GET /api/status HTTP/1.1" 200 -
  [05:45:16] [  http] "GET /api/session HTTP/1.1" 200 -
  [05:45:16] [  http] "GET /api/sessions HTTP/1.1" 200 -
  [05:45:16] [  http] "GET /api/drift HTTP/1.1" 200 -
  [05:45:17] [  http] "GET /api/drift HTTP/1.1" 200 -
  [05:45:17] [  http] "GET /api/aegis/stats?hours=24 HTTP/1.1" 200 -
  [05:45:17] [  http] "GET /api/aegis/healing-log?limit=15 HTTP/1.1" 200 -
  [05:45:17] [  http] "GET /api/aegis/recent-events?limit=15 HTTP/1.1" 200 -
  [05:45:18] [  http] "GET /api/aegis/stats?hours=24 HTTP/1.1" 200 -
  [05:45:18] [  http] "GET /api/aegis/healing-log?limit=15 HTTP/1.1" 200 -
  [05:45:18] [  http] "GET /api/aegis/recent-events?limit=15 HTTP/1.1" 200 -
  [05:45:18] [  http] "GET /api/governor HTTP/1.1" 200 -
  [05:45:18] [  http] "GET /api/drift HTTP/1.1" 200 -
  [05:45:19] [  http] "GET /api/status HTTP/1.1" 200 -
  [05:45:19] [  http] "GET /api/aegis/stats?hours=24 HTTP/1.1" 200 -
  [05:45:19] [  http] "GET /api/session HTTP/1.1" 200 -
  [05:45:19] [  http] "GET /api/sessions HTTP/1.1" 200 -
  [05:45:19] [  http] "GET /api/governor HTTP/1.1" 200 -
  [05:45:20] [  http] "GET /api/drift HTTP/1.1" 200 -
  [05:45:20] [  http] "GET /api/drift HTTP/1.1" 200 -
  [05:45:20] [  http] "GET /api/governor HTTP/1.1" 200 -
  [05:45:21] [  http] "GET /api/drift HTTP/1.1" 200 -
  [05:45:22] [  http] "GET /api/drift HTTP/1.1" 200 -
  [05:45:22] [  http] "GET /api/aegis/stats?hours=24 HTTP/1.1" 200 -
  [05:45:23] [  http] "GET /api/drift HTTP/1.1" 200 -
  [05:45:23] [  http] "GET /api/aegis/stats?hours=24 HTTP/1.1" 200 -
  [05:45:24] [  http] "GET /api/drift HTTP/1.1" 200 -
  [05:45:25] [  http] "GET /api/aegis/healing-log?limit=15 HTTP/1.1" 200 -
  [05:45:25] [  http] "GET /api/aegis/stats?hours=24 HTTP/1.1" 200 -
  [05:45:25] [  http] "GET /api/aegis/recent-events?limit=15 HTTP/1.1" 200 -
  [05:45:25] [  http] "GET /api/drift HTTP/1.1" 200 -
  [05:45:26] [  http] "GET /api/drift HTTP/1.1" 200 -
  [05:45:27] [  http] "GET /api/aegis/stats?hours=24 HTTP/1.1" 200 -
  [05:45:27] [  http] "GET /api/aegis/recent-events?limit=15 HTTP/1.1" 200 -
  [05:45:27] [  http] "GET /api/drift HTTP/1.1" 200 -
  [05:45:27] [  http] "GET /api/aegis/healing-log?limit=15 HTTP/1.1" 200 -
  [05:45:28] [  http] "GET /api/aegis/stats?hours=24 HTTP/1.1" 200 -
  [05:45:28] [  http] "GET /api/aegis/recent-events?limit=15 HTTP/1.1" 200 -
  [05:45:28] [  http] "GET /api/aegis/healing-log?limit=15 HTTP/1.1" 200 -
  [05:45:28] [  http] "GET /api/governor HTTP/1.1" 200 -
  [05:45:28] [heartbeat] up 14m00s · model=ready · inferring · pending=0
  [05:45:28] [  http] "GET /api/drift HTTP/1.1" 200 -
  [05:45:29] [  http] "GET /api/status HTTP/1.1" 200 -
  [05:45:29] [  http] "GET /api/drift HTTP/1.1" 200 -
  [05:45:29] [  http] "GET /api/session HTTP/1.1" 200 -
  [05:45:29] [  http] "GET /api/sessions HTTP/1.1" 200 -
  [05:45:29] [  http] "GET /api/governor HTTP/1.1" 200 -
  [05:45:29] [  http] "GET /api/aegis/stats?hours=24 HTTP/1.1" 200 -
  [05:45:30] [  http] "GET /api/governor HTTP/1.1" 200 -
  [05:45:30] [  http] "GET /api/drift HTTP/1.1" 200 -
  [05:45:31] [  http] "GET /api/status HTTP/1.1" 200 -
  [05:45:31] [  http] "GET /api/session HTTP/1.1" 200 -
  [05:45:31] [  http] "GET /api/sessions HTTP/1.1" 200 -
  [05:45:31] [  http] "GET /api/drift HTTP/1.1" 200 -
  [05:45:31] [  http] "GET /api/drift HTTP/1.1" 200 -
  [05:45:32] [  http] "GET /api/aegis/stats?hours=24 HTTP/1.1" 200 -
  [05:45:33] [  http] "GET /api/aegis/stats?hours=24 HTTP/1.1" 200 -
  [05:45:33] [  http] "GET /api/drift HTTP/1.1" 200 -
  [05:45:34] [  http] "GET /api/status HTTP/1.1" 200 -
  [05:45:35] [  http] "GET /api/aegis/healing-log?limit=15 HTTP/1.1" 200 -
  [05:45:35] [  http] "GET /api/aegis/stats?hours=24 HTTP/1.1" 200 -
  [05:45:35] [  http] "GET /api/aegis/recent-events?limit=15 HTTP/1.1" 200 -
  [05:45:35] [  http] "GET /api/drift HTTP/1.1" 200 -
  [05:45:35] [  http] "GET /api/session HTTP/1.1" 200 -
  [05:45:35] [  http] "GET /api/drift HTTP/1.1" 200 -
  [05:45:35] [  http] "GET /api/sessions HTTP/1.1" 200 -
  [05:45:36] [  http] "GET /api/drift HTTP/1.1" 200 -
  [05:45:37] [  http] "GET /api/drift HTTP/1.1" 200 -
  [05:45:37] [  http] "GET /api/aegis/healing-log?limit=15 HTTP/1.1" 200 -
  [05:45:37] [  http] "GET /api/aegis/stats?hours=24 HTTP/1.1" 200 -
  [05:45:37] [  http] "GET /api/aegis/recent-events?limit=15 HTTP/1.1" 200 -
  [05:45:38] [  http] "GET /api/drift HTTP/1.1" 200 -
  [05:45:38] [  http] "GET /api/aegis/healing-log?limit=15 HTTP/1.1" 200 -
  [05:45:38] [  http] "GET /api/aegis/recent-events?limit=15 HTTP/1.1" 200 -
  [05:45:38] [  http] "GET /api/aegis/stats?hours=24 HTTP/1.1" 200 -
  [05:45:38] [  http] "GET /api/governor HTTP/1.1" 200 -
  [05:45:39] [  http] "GET /api/governor HTTP/1.1" 200 -
  [05:45:39] [  http] "GET /api/drift HTTP/1.1" 200 -
  [05:45:39] [  http] "GET /api/aegis/stats?hours=24 HTTP/1.1" 200 -
  [05:45:40] [  http] "GET /api/governor HTTP/1.1" 200 -
  [05:45:40] [  http] "GET /api/drift HTTP/1.1" 200 -
  [05:45:41] [  http] "GET /api/drift HTTP/1.1" 200 -
  [05:45:42] [  http] "GET /api/drift HTTP/1.1" 200 -
  [05:45:42] [  http] "GET /api/aegis/stats?hours=24 HTTP/1.1" 200 -
  [05:45:43] [  http] "GET /api/aegis/stats?hours=24 HTTP/1.1" 200 -
  [05:45:43] [  http] "GET /api/drift HTTP/1.1" 200 -
  [05:45:43] [  http] "GET /api/drift HTTP/1.1" 200 -
  [05:45:44] [  http] "GET /api/status HTTP/1.1" 200 -
  [05:45:44] [  http] "GET /api/session HTTP/1.1" 200 -
  [05:45:44] [  http] "GET /api/sessions HTTP/1.1" 200 -
  [05:45:44] [  http] "GET /api/aegis/stats?hours=24 HTTP/1.1" 200 -
  [05:45:45] [  http] "GET /api/aegis/healing-log?limit=15 HTTP/1.1" 200 -
  [05:45:45] [  http] "GET /api/aegis/recent-events?limit=15 HTTP/1.1" 200 -
  [05:45:45] [  http] "GET /api/drift HTTP/1.1" 200 -
  [05:45:46] [  http] "GET /api/status HTTP/1.1" 200 -
  [05:45:46] [  http] "GET /api/session HTTP/1.1" 200 -
  [05:45:46] [  http] "GET /api/sessions HTTP/1.1" 200 -
  [05:45:46] [  http] "GET /api/drift HTTP/1.1" 200 -
  [05:45:46] [  http] "GET /api/drift HTTP/1.1" 200 -
  [05:45:47] [  http] "GET /api/aegis/stats?hours=24 HTTP/1.1" 200 -
  [05:45:47] [  http] "GET /api/aegis/healing-log?limit=15 HTTP/1.1" 200 -
  [05:45:47] [  http] "GET /api/aegis/recent-events?limit=15 HTTP/1.1" 200 -
  [05:45:48] [  http] "GET /api/aegis/stats?hours=24 HTTP/1.1" 200 -
  [05:45:48] [  http] "GET /api/aegis/healing-log?limit=15 HTTP/1.1" 200 -
  [05:45:48] [  http] "GET /api/aegis/recent-events?limit=15 HTTP/1.1" 200 -
  [05:45:48] [  http] "GET /api/governor HTTP/1.1" 200 -
  [05:45:48] [  http] "GET /api/drift HTTP/1.1" 200 -
  [05:45:49] [  http] "GET /api/governor HTTP/1.1" 200 -
  [05:45:49] [  http] "GET /api/aegis/stats?hours=24 HTTP/1.1" 200 -
  [05:45:50] [  http] "GET /api/drift HTTP/1.1" 200 -
  [05:45:50] [  http] "GET /api/drift HTTP/1.1" 200 -
  [05:45:50] [  http] "GET /api/status HTTP/1.1" 200 -
  [05:45:50] [  http] "GET /api/governor HTTP/1.1" 200 -
  [05:45:50] [  http] "GET /api/session HTTP/1.1" 200 -
  [05:45:50] [  http] "GET /api/sessions HTTP/1.1" 200 -
  [05:45:51] [  http] "GET /api/drift HTTP/1.1" 200 -
  [05:45:52] [  http] "GET /api/aegis/stats?hours=24 HTTP/1.1" 200 -
  [05:45:53] [  http] "GET /api/drift HTTP/1.1" 200 -
  [05:45:53] [  http] "GET /api/drift HTTP/1.1" 200 -
  [05:45:53] [  http] "GET /api/aegis/stats?hours=24 HTTP/1.1" 200 -
  [05:45:54] [  http] "GET /api/drift HTTP/1.1" 200 -
  [05:45:54] [  http] "GET /api/aegis/stats?hours=24 HTTP/1.1" 200 -
  [05:45:55] [  http] "GET /api/aegis/healing-log?limit=15 HTTP/1.1" 200 -
  [05:45:55] [  http] "GET /api/aegis/recent-events?limit=15 HTTP/1.1" 200 -
  [05:45:56] [  http] "GET /api/drift HTTP/1.1" 200 -
  [05:45:56] [  http] "GET /api/drift HTTP/1.1" 200 -
  [05:45:57] [  http] "GET /api/aegis/stats?hours=24 HTTP/1.1" 200 -
  [05:45:57] [  http] "GET /api/aegis/recent-events?limit=15 HTTP/1.1" 200 -
  [05:45:57] [  http] "GET /api/aegis/healing-log?limit=15 HTTP/1.1" 200 -
  [05:45:57] [  http] "GET /api/drift HTTP/1.1" 200 -
  [05:45:58] [  http] "GET /api/aegis/stats?hours=24 HTTP/1.1" 200 -
  [05:45:58] [  http] "GET /api/aegis/recent-events?limit=15 HTTP/1.1" 200 -
  [05:45:58] [  http] "GET /api/aegis/healing-log?limit=15 HTTP/1.1" 200 -
  [05:45:58] [  http] "GET /api/governor HTTP/1.1" 200 -
  [05:45:58] [heartbeat] up 14m30s · model=ready · inferring · pending=0
  [05:45:58] [  http] "GET /api/drift HTTP/1.1" 200 -
  [05:45:58] [  http] "GET /api/drift HTTP/1.1" 200 -
  [05:45:59] [  http] "GET /api/governor HTTP/1.1" 200 -
  [05:45:59] [  http] "GET /api/status HTTP/1.1" 200 -
  [05:45:59] [  http] "GET /api/aegis/stats?hours=24 HTTP/1.1" 200 -
  [05:45:59] [  http] "GET /api/session HTTP/1.1" 200 -
  [05:46:00] [  http] "GET /api/sessions HTTP/1.1" 200 -
  [05:46:00] [  http] "GET /api/governor HTTP/1.1" 200 -
  [05:46:00] [  http] "GET /api/drift HTTP/1.1" 200 -
  [05:46:01] [  http] "GET /api/status HTTP/1.1" 200 -
  [05:46:01] [  http] "GET /api/session HTTP/1.1" 200 -
  [05:46:01] [  http] "GET /api/sessions HTTP/1.1" 200 -
  [05:46:01] [  http] "GET /api/drift HTTP/1.1" 200 -
  [05:46:02] [  http] "GET /api/drift HTTP/1.1" 200 -
  [05:46:02] [  http] "GET /api/aegis/stats?hours=24 HTTP/1.1" 200 -
  [05:46:03] [  http] "GET /api/aegis/stats?hours=24 HTTP/1.1" 200 -
  [05:46:03] [  http] "GET /api/drift HTTP/1.1" 200 -
  [05:46:04] [  http] "GET /api/aegis/stats?hours=24 HTTP/1.1" 200 -
  [05:46:05] [  http] "GET /api/aegis/healing-log?limit=15 HTTP/1.1" 200 -
  [05:46:05] [  http] "GET /api/aegis/recent-events?limit=15 HTTP/1.1" 200 -
  [05:46:05] [  http] "GET /api/drift HTTP/1.1" 200 -
  [05:46:05] [  http] "GET /api/drift HTTP/1.1" 200 -
  [05:46:05] [  http] "GET /api/status HTTP/1.1" 200 -
  [05:46:05] [  http] "GET /api/session HTTP/1.1" 200 -
  [05:46:05] [  http] "GET /api/sessions HTTP/1.1" 200 -
  [05:46:06] [  http] "GET /api/drift HTTP/1.1" 200 -
  [05:46:07] [  http] "GET /api/aegis/healing-log?limit=15 HTTP/1.1" 200 -
  [05:46:07] [  http] "GET /api/aegis/stats?hours=24 HTTP/1.1" 200 -
  [05:46:07] [  http] "GET /api/aegis/recent-events?limit=15 HTTP/1.1" 200 -
  [05:46:08] [  http] "GET /api/drift HTTP/1.1" 200 -
  [05:46:08] [  http] "GET /api/drift HTTP/1.1" 200 -
  [05:46:08] [  http] "GET /api/aegis/healing-log?limit=15 HTTP/1.1" 200 -
  [05:46:08] [  http] "GET /api/aegis/stats?hours=24 HTTP/1.1" 200 -
  [05:46:08] [  http] "GET /api/aegis/recent-events?limit=15 HTTP/1.1" 200 -
  [05:46:08] [  http] "GET /api/governor HTTP/1.1" 200 -
  [05:46:09] [  http] "GET /api/governor HTTP/1.1" 200 -
  [05:46:09] [  http] "GET /api/aegis/stats?hours=24 HTTP/1.1" 200 -
  [05:46:09] [  http] "GET /api/drift HTTP/1.1" 200 -
  [05:46:10] [  http] "GET /api/governor HTTP/1.1" 200 -
  [05:46:10] [  http] "GET /api/drift HTTP/1.1" 200 -
  [05:46:10] [  http] "GET /api/drift HTTP/1.1" 200 -
  [05:46:12] [  http] "GET /api/drift HTTP/1.1" 200 -
  [05:46:12] [  http] "GET /api/aegis/stats?hours=24 HTTP/1.1" 200 -
  [05:46:13] [  http] "GET /api/aegis/stats?hours=24 HTTP/1.1" 200 -
  [05:46:13] [  http] "GET /api/drift HTTP/1.1" 200 -
  [05:46:13] [  http] "GET /api/drift HTTP/1.1" 200 -
  [05:46:14] [  http] "GET /api/aegis/healing-log?limit=15 HTTP/1.1" 200 -
  [05:46:14] [  http] "GET /api/aegis/recent-events?limit=15 HTTP/1.1" 200 -
  [05:46:14] [  http] "GET /api/aegis/stats?hours=24 HTTP/1.1" 200 -
  [05:46:15] [  http] "GET /api/status HTTP/1.1" 200 -
  [05:46:15] [  http] "GET /api/session HTTP/1.1" 200 -
  [05:46:15] [  http] "GET /api/sessions HTTP/1.1" 200 -
  [05:46:15] [  http] "GET /api/drift HTTP/1.1" 200 -
  [05:46:16] [  http] "GET /api/status HTTP/1.1" 200 -
  [05:46:16] [  http] "GET /api/session HTTP/1.1" 200 -
  [05:46:16] [  http] "GET /api/sessions HTTP/1.1" 200 -
  [05:46:16] [  http] "GET /api/drift HTTP/1.1" 200 -
  [05:46:16] [  http] "GET /api/drift HTTP/1.1" 200 -
  [05:46:17] [  http] "GET /api/aegis/stats?hours=24 HTTP/1.1" 200 -
  [05:46:17] [  http] "GET /api/aegis/healing-log?limit=15 HTTP/1.1" 200 -
  [05:46:17] [  http] "GET /api/aegis/recent-events?limit=15 HTTP/1.1" 200 -
  [05:46:18] [  http] "GET /api/aegis/stats?hours=24 HTTP/1.1" 200 -
  [05:46:18] [  http] "GET /api/aegis/healing-log?limit=15 HTTP/1.1" 200 -
  [05:46:18] [  http] "GET /api/aegis/recent-events?limit=15 HTTP/1.1" 200 -
  [05:46:18] [  http] "GET /api/governor HTTP/1.1" 200 -
  [05:46:18] [  http] "GET /api/drift HTTP/1.1" 200 -
  [05:46:19] [  http] "GET /api/governor HTTP/1.1" 200 -
  [05:46:19] [  http] "GET /api/aegis/stats?hours=24 HTTP/1.1" 200 -
  [05:46:20] [  http] "GET /api/drift HTTP/1.1" 200 -
  [05:46:20] [  http] "GET /api/drift HTTP/1.1" 200 -
  [05:46:20] [  http] "GET /api/governor HTTP/1.1" 200 -
  [05:46:20] [  http] "GET /api/status HTTP/1.1" 200 -
  [05:46:20] [  http] "GET /api/session HTTP/1.1" 200 -
  [05:46:20] [  http] "GET /api/sessions HTTP/1.1" 200 -
  [05:46:21] [  http] "GET /api/drift HTTP/1.1" 200 -
  [05:46:22] [  http] "GET /api/aegis/stats?hours=24 HTTP/1.1" 200 -
  [05:46:23] [  http] "GET /api/drift HTTP/1.1" 200 -
  [05:46:23] [  http] "GET /api/drift HTTP/1.1" 200 -
  [05:46:23] [  http] "GET /api/aegis/stats?hours=24 HTTP/1.1" 200 -
  [05:46:24] [  http] "GET /api/drift HTTP/1.1" 200 -
  [05:46:24] [  http] "GET /api/aegis/stats?hours=24 HTTP/1.1" 200 -
  [05:46:25] [  http] "GET /api/aegis/healing-log?limit=15 HTTP/1.1" 200 -
  [05:46:25] [  http] "GET /api/aegis/recent-events?limit=15 HTTP/1.1" 200 -
  [05:46:26] [  http] "GET /api/drift HTTP/1.1" 200 -
  [05:46:26] [  http] "GET /api/drift HTTP/1.1" 200 -
  [05:46:27] [  http] "GET /api/aegis/stats?hours=24 HTTP/1.1" 200 -
  [05:46:27] [  http] "GET /api/aegis/healing-log?limit=15 HTTP/1.1" 200 -
  [05:46:27] [  http] "GET /api/aegis/recent-events?limit=15 HTTP/1.1" 200 -
  [05:46:27] [  http] "GET /api/drift HTTP/1.1" 200 -
  [05:46:28] [  http] "GET /api/aegis/stats?hours=24 HTTP/1.1" 200 -
  [05:46:28] [  http] "GET /api/aegis/healing-log?limit=15 HTTP/1.1" 200 -
  [05:46:28] [  http] "GET /api/aegis/recent-events?limit=15 HTTP/1.1" 200 -
  [05:46:28] [  http] "GET /api/governor HTTP/1.1" 200 -
  [05:46:28] [heartbeat] up 15m00s · model=ready · inferring · pending=0
  [05:46:28] [  http] "GET /api/drift HTTP/1.1" 200 -
  [05:46:28] [  http] "GET /api/drift HTTP/1.1" 200 -
  [05:46:29] [  http] "GET /api/governor HTTP/1.1" 200 -
  [05:46:30] [  http] "GET /api/aegis/stats?hours=24 HTTP/1.1" 200 -
  [05:46:30] [  http] "GET /api/status HTTP/1.1" 200 -
  [05:46:30] [  http] "GET /api/session HTTP/1.1" 200 -
  [05:46:30] [  http] "GET /api/sessions HTTP/1.1" 200 -
  [05:46:30] [  http] "GET /api/governor HTTP/1.1" 200 -
  [05:46:30] [  http] "GET /api/drift HTTP/1.1" 200 -
  [05:46:31] [  http] "GET /api/status HTTP/1.1" 200 -
  [05:46:31] [  http] "GET /api/session HTTP/1.1" 200 -
  [05:46:31] [  http] "GET /api/sessions HTTP/1.1" 200 -
  [05:46:31] [  http] "GET /api/drift HTTP/1.1" 200 -
  [05:46:31] [  http] "GET /api/drift HTTP/1.1" 200 -
  [05:46:32] [  http] "GET /api/aegis/stats?hours=24 HTTP/1.1" 200 -
  [05:46:33] [  http] "GET /api/aegis/stats?hours=24 HTTP/1.1" 200 -
  [05:46:33] [  http] "GET /api/drift HTTP/1.1" 200 -
  [05:46:34] [  http] "GET /api/aegis/stats?hours=24 HTTP/1.1" 200 -
  [05:46:34] [  http] "GET /api/aegis/healing-log?limit=15 HTTP/1.1" 200 -
  [05:46:34] [  http] "GET /api/aegis/recent-events?limit=15 HTTP/1.1" 200 -
  [05:46:35] [  http] "GET /api/drift HTTP/1.1" 200 -
  [05:46:35] [  http] "GET /api/drift HTTP/1.1" 200 -
  [05:46:35] [  http] "GET /api/status HTTP/1.1" 200 -
  [05:46:35] [  http] "GET /api/session HTTP/1.1" 200 -
  [05:46:35] [  http] "GET /api/sessions HTTP/1.1" 200 -
  [05:46:36] [  http] "GET /api/drift HTTP/1.1" 200 -
  [05:46:37] [  http] "GET /api/drift HTTP/1.1" 200 -
  [05:46:37] [  http] "GET /api/aegis/stats?hours=24 HTTP/1.1" 200 -
  [05:46:37] [  http] "GET /api/aegis/healing-log?limit=15 HTTP/1.1" 200 -
  [05:46:37] [  http] "GET /api/aegis/recent-events?limit=15 HTTP/1.1" 200 -
  [05:46:38] [  http] "GET /api/drift HTTP/1.1" 200 -
  [05:46:38] [  http] "GET /api/aegis/stats?hours=24 HTTP/1.1" 200 -
  [05:46:38] [  http] "GET /api/aegis/healing-log?limit=15 HTTP/1.1" 200 -
  [05:46:38] [  http] "GET /api/aegis/recent-events?limit=15 HTTP/1.1" 200 -
  [05:46:38] [  http] "GET /api/governor HTTP/1.1" 200 -
  [05:46:39] [  http] "GET /api/drift HTTP/1.1" 200 -
  [05:46:39] [  http] "GET /api/governor HTTP/1.1" 200 -
  [05:46:39] [  http] "GET /api/aegis/stats?hours=24 HTTP/1.1" 200 -
  [05:46:40] [  http] "GET /api/governor HTTP/1.1" 200 -
  [05:46:40] [  http] "GET /api/drift HTTP/1.1" 200 -
  [05:46:41] [  http] "GET /api/drift HTTP/1.1" 200 -
  [05:46:42] [  http] "GET /api/drift HTTP/1.1" 200 -
  [05:46:42] [  http] "GET /api/aegis/stats?hours=24 HTTP/1.1" 200 -
  [05:46:43] [  http] "GET /api/aegis/stats?hours=24 HTTP/1.1" 200 -
  [05:46:43] [  http] "GET /api/drift HTTP/1.1" 200 -
  [05:46:43] [  http] "GET /api/drift HTTP/1.1" 200 -
  [05:46:44] [  http] "GET /api/aegis/stats?hours=24 HTTP/1.1" 200 -
  [05:46:44] [  http] "GET /api/aegis/healing-log?limit=15 HTTP/1.1" 200 -
  [05:46:44] [  http] "GET /api/aegis/recent-events?limit=15 HTTP/1.1" 200 -
  [05:46:45] [  http] "GET /api/status HTTP/1.1" 200 -
  [05:46:45] [  http] "GET /api/session HTTP/1.1" 200 -
  [05:46:45] [  http] "GET /api/sessions HTTP/1.1" 200 -
  [05:46:45] [  http] "GET /api/drift HTTP/1.1" 200 -
  [05:46:46] [  http] "GET /api/status HTTP/1.1" 200 -
  [05:46:46] [  http] "GET /api/session HTTP/1.1" 200 -
  [05:46:46] [  http] "GET /api/sessions HTTP/1.1" 200 -
  [05:46:46] [  http] "GET /api/drift HTTP/1.1" 200 -
  [05:46:46] [  http] "GET /api/drift HTTP/1.1" 200 -
  [05:46:47] [  http] "GET /api/aegis/stats?hours=24 HTTP/1.1" 200 -
  [05:46:47] [  http] "GET /api/aegis/recent-events?limit=15 HTTP/1.1" 200 -
  [05:46:47] [  http] "GET /api/aegis/healing-log?limit=15 HTTP/1.1" 200 -
  [05:46:48] [  http] "GET /api/aegis/stats?hours=24 HTTP/1.1" 200 -
  [05:46:48] [  http] "GET /api/aegis/healing-log?limit=15 HTTP/1.1" 200 -
  [05:46:48] [  http] "GET /api/aegis/recent-events?limit=15 HTTP/1.1" 200 -
  [05:46:48] [  http] "GET /api/governor HTTP/1.1" 200 -
  [05:46:48] [  http] "GET /api/drift HTTP/1.1" 200 -
  [05:46:49] [  http] "GET /api/governor HTTP/1.1" 200 -
  [05:46:50] [  http] "GET /api/aegis/stats?hours=24 HTTP/1.1" 200 -
  [05:46:50] [  http] "GET /api/drift HTTP/1.1" 200 -
  [05:46:50] [  http] "GET /api/drift HTTP/1.1" 200 -
  [05:46:50] [  http] "GET /api/governor HTTP/1.1" 200 -
  [05:46:50] [  http] "GET /api/status HTTP/1.1" 200 -
  [05:46:50] [  http] "GET /api/session HTTP/1.1" 200 -
  [05:46:50] [  http] "GET /api/sessions HTTP/1.1" 200 -
  [05:46:51] [  http] "GET /api/drift HTTP/1.1" 200 -
  [OV:quantum] ~934 tok, 7.5 tok/s
  [TENSION] xi=0.1362 gamma=0.8801 — primary direct (perspectives agree)
[MANIFOLD] weights={'newton': 0.5, 'quantum': 0.5} xi=0.094 steering=ON
[AAP] attractor=Fact eps=0.14 trust=1.000
[RENDER-AUDIT] ok overlap=100.00%
[PHASE6] Done: 2040 chars, 1554 tokens
  [MEMORY] [generation] baseline=1951MB peak=2073MB (+123 transient) retained=-180MB in 183.4s (703 samples)
  [WORKER] Got result: response=2040 chars, adapter=newton
  [COGNITION] ξ=0.1362 Γ=0.8801 η=0.9565 σ=0.0 fidelity=1.0 P=0.355 (all measured)
  [05:46:52] [  http] "POST /api/chat HTTP/1.1" 200 -
  [05:46:52] [  http] "GET /api/aegis/stats?hours=24 HTTP/1.1" 200 -
  [05:46:53] [  http] "GET /api/drift HTTP/1.1" 200 -
  [05:46:53] [  http] "GET /api/drift HTTP/1.1" 200 -
  [05:46:53] [  http] "GET /api/aegis/stats?hours=24 HTTP/1.1" 200 -
  [05:46:54] [  http] "GET /api/drift HTTP/1.1" 200 -
  [05:46:54] [  http] "GET /api/aegis/stats?hours=24 HTTP/1.1" 200 -
  [WORKER] Processing query: What is the correct answer to this question: You perform a h...
INFO:reasoning_forge.behavior_governor:[GOVERNOR] Pre: identity=none (conf=0.15), memory=2 cocoons, tokens=400, compression=normal
  [GOVERNOR] identity=none (conf=0.15), memory=2 cocoons, tokens=400, compression=normal
  [WORKER] Using forge bridge (Phase 6/7)
[PHASE6] Query complexity: QueryComplexity.MEDIUM
[PHASE7] Route: debate,semantic_tension,specialization_tracking,memory_weighting,gamma_monitoring,synthesis
[PHASE6] Domain: chemistry, max_adapters: 2

  [OV] Route: newton + quantum (conf=0.64, keyword)
  [05:46:55] [  http] "GET /api/aegis/healing-log?limit=15 HTTP/1.1" 200 -
  [05:46:55] [  http] "GET /api/aegis/recent-events?limit=15 HTTP/1.1" 200 -
  [05:46:56] [  http] "GET /api/drift HTTP/1.1" 200 -
  [05:46:56] [  http] "GET /api/drift HTTP/1.1" 200 -
  [05:46:57] [  http] "GET /api/aegis/stats?hours=24 HTTP/1.1" 200 -
  [05:46:57] [  http] "GET /api/aegis/healing-log?limit=15 HTTP/1.1" 200 -
  [05:46:57] [  http] "GET /api/aegis/recent-events?limit=15 HTTP/1.1" 200 -
  [05:46:57] [  http] "GET /api/drift HTTP/1.1" 200 -
  [05:46:58] [  http] "GET /api/aegis/stats?hours=24 HTTP/1.1" 200 -
  [05:46:58] [  http] "GET /api/aegis/recent-events?limit=15 HTTP/1.1" 200 -
  [05:46:58] [  http] "GET /api/aegis/healing-log?limit=15 HTTP/1.1" 200 -
  [05:46:58] [  http] "GET /api/governor HTTP/1.1" 200 -
  [05:46:58] [heartbeat] up 15m30s · model=ready · inferring · pending=0
  [05:46:58] [  http] "GET /api/drift HTTP/1.1" 200 -
  [05:46:58] [  http] "GET /api/drift HTTP/1.1" 200 -
  [05:46:59] [  http] "GET /api/governor HTTP/1.1" 200 -
  [05:46:59] [  http] "GET /api/aegis/stats?hours=24 HTTP/1.1" 200 -
  [05:47:00] [  http] "GET /api/status HTTP/1.1" 200 -
  [05:47:00] [  http] "GET /api/session HTTP/1.1" 200 -
  [05:47:00] [  http] "GET /api/sessions HTTP/1.1" 200 -
  [05:47:00] [  http] "GET /api/governor HTTP/1.1" 200 -
  [05:47:00] [  http] "GET /api/drift HTTP/1.1" 200 -
  [05:47:01] [  http] "GET /api/status HTTP/1.1" 200 -
  [05:47:01] [  http] "GET /api/session HTTP/1.1" 200 -
  [05:47:01] [  http] "GET /api/sessions HTTP/1.1" 200 -
  [05:47:01] [  http] "GET /api/drift HTTP/1.1" 200 -
  [05:47:02] [  http] "GET /api/drift HTTP/1.1" 200 -
  [05:47:02] [  http] "GET /api/aegis/stats?hours=24 HTTP/1.1" 200 -
  [05:47:03] [  http] "GET /api/aegis/stats?hours=24 HTTP/1.1" 200 -
  [05:47:03] [  http] "GET /api/drift HTTP/1.1" 200 -
  [05:47:05] [  http] "GET /api/aegis/stats?hours=24 HTTP/1.1" 200 -
  [05:47:05] [  http] "GET /api/aegis/healing-log?limit=15 HTTP/1.1" 200 -
  [05:47:05] [  http] "GET /api/aegis/recent-events?limit=15 HTTP/1.1" 200 -
  [05:47:05] [  http] "GET /api/drift HTTP/1.1" 200 -
  [05:47:05] [  http] "GET /api/drift HTTP/1.1" 200 -
  [05:47:05] [  http] "GET /api/status HTTP/1.1" 200 -
  [05:47:05] [  http] "GET /api/session HTTP/1.1" 200 -
  [05:47:05] [  http] "GET /api/sessions HTTP/1.1" 200 -
  [05:47:06] [  http] "GET /api/drift HTTP/1.1" 200 -
  [05:47:07] [  http] "GET /api/drift HTTP/1.1" 200 -
  [05:47:07] [  http] "GET /api/aegis/stats?hours=24 HTTP/1.1" 200 -
  [05:47:07] [  http] "GET /api/aegis/healing-log?limit=15 HTTP/1.1" 200 -
  [05:47:07] [  http] "GET /api/aegis/recent-events?limit=15 HTTP/1.1" 200 -
  [05:47:08] [  http] "GET /api/drift HTTP/1.1" 200 -
  [05:47:08] [  http] "GET /api/aegis/stats?hours=24 HTTP/1.1" 200 -
  [05:47:08] [  http] "GET /api/aegis/recent-events?limit=15 HTTP/1.1" 200 -
  [05:47:08] [  http] "GET /api/aegis/healing-log?limit=15 HTTP/1.1" 200 -
  [05:47:08] [  http] "GET /api/governor HTTP/1.1" 200 -
  [05:47:09] [  http] "GET /api/drift HTTP/1.1" 200 -
  [05:47:09] [  http] "GET /api/aegis/stats?hours=24 HTTP/1.1" 200 -
  [05:47:10] [  http] "GET /api/governor HTTP/1.1" 200 -
  [05:47:10] [  http] "GET /api/governor HTTP/1.1" 200 -
  [05:47:10] [  http] "GET /api/drift HTTP/1.1" 200 -
  [05:47:11] [  http] "GET /api/drift HTTP/1.1" 200 -
  [05:47:12] [  http] "GET /api/drift HTTP/1.1" 200 -
  [05:47:12] [  http] "GET /api/aegis/stats?hours=24 HTTP/1.1" 200 -
  [05:47:13] [  http] "GET /api/aegis/stats?hours=24 HTTP/1.1" 200 -
  [05:47:13] [  http] "GET /api/drift HTTP/1.1" 200 -
  [05:47:13] [  http] "GET /api/drift HTTP/1.1" 200 -
  [05:47:15] [  http] "GET /api/aegis/stats?hours=24 HTTP/1.1" 200 -
  [05:47:15] [  http] "GET /api/aegis/recent-events?limit=15 HTTP/1.1" 200 -
  [05:47:15] [  http] "GET /api/aegis/healing-log?limit=15 HTTP/1.1" 200 -
  [05:47:15] [  http] "GET /api/status HTTP/1.1" 200 -
  [05:47:15] [  http] "GET /api/session HTTP/1.1" 200 -
  [05:47:15] [  http] "GET /api/sessions HTTP/1.1" 200 -
  [05:47:15] [  http] "GET /api/drift HTTP/1.1" 200 -
  [05:47:16] [  http] "GET /api/status HTTP/1.1" 200 -
  [05:47:16] [  http] "GET /api/session HTTP/1.1" 200 -
  [05:47:16] [  http] "GET /api/sessions HTTP/1.1" 200 -
  [05:47:16] [  http] "GET /api/drift HTTP/1.1" 200 -
  [05:47:17] [  http] "GET /api/drift HTTP/1.1" 200 -
  [05:47:17] [  http] "GET /api/aegis/stats?hours=24 HTTP/1.1" 200 -
  [05:47:17] [  http] "GET /api/aegis/healing-log?limit=15 HTTP/1.1" 200 -
  [05:47:17] [  http] "GET /api/aegis/recent-events?limit=15 HTTP/1.1" 200 -
  [05:47:18] [  http] "GET /api/aegis/stats?hours=24 HTTP/1.1" 200 -
  [05:47:18] [  http] "GET /api/aegis/healing-log?limit=15 HTTP/1.1" 200 -
  [05:47:18] [  http] "GET /api/aegis/recent-events?limit=15 HTTP/1.1" 200 -
  [05:47:18] [  http] "GET /api/governor HTTP/1.1" 200 -
  [05:47:18] [  http] "GET /api/drift HTTP/1.1" 200 -
  [05:47:19] [  http] "GET /api/governor HTTP/1.1" 200 -
  [05:47:19] [  http] "GET /api/aegis/stats?hours=24 HTTP/1.1" 200 -
  [05:47:20] [  http] "GET /api/drift HTTP/1.1" 200 -
  [05:47:20] [  http] "GET /api/drift HTTP/1.1" 200 -
  [05:47:20] [  http] "GET /api/governor HTTP/1.1" 200 -
  [05:47:20] [  http] "GET /api/status HTTP/1.1" 200 -
  [05:47:20] [  http] "GET /api/session HTTP/1.1" 200 -
  [05:47:20] [  http] "GET /api/sessions HTTP/1.1" 200 -
  [05:47:21] [  http] "GET /api/drift HTTP/1.1" 200 -
  [OV:newton] ~306 tok, 10.9 tok/s
  [05:47:22] [  http] "GET /api/aegis/stats?hours=24 HTTP/1.1" 200 -
  [05:47:23] [  http] "GET /api/drift HTTP/1.1" 200 -
  [05:47:23] [  http] "GET /api/drift HTTP/1.1" 200 -
  [05:47:23] [  http] "GET /api/aegis/stats?hours=24 HTTP/1.1" 200 -
  [05:47:24] [  http] "GET /api/drift HTTP/1.1" 200 -
  [05:47:24] [  http] "GET /api/aegis/stats?hours=24 HTTP/1.1" 200 -
  [05:47:25] [  http] "GET /api/aegis/healing-log?limit=15 HTTP/1.1" 200 -
  [05:47:25] [  http] "GET /api/aegis/recent-events?limit=15 HTTP/1.1" 200 -
  [05:47:26] [  http] "GET /api/drift HTTP/1.1" 200 -
  [05:47:26] [  http] "GET /api/drift HTTP/1.1" 200 -
  [05:47:27] [  http] "GET /api/aegis/stats?hours=24 HTTP/1.1" 200 -
  [05:47:27] [  http] "GET /api/aegis/healing-log?limit=15 HTTP/1.1" 200 -
  [05:47:27] [  http] "GET /api/drift HTTP/1.1" 200 -
  [05:47:27] [  http] "GET /api/aegis/recent-events?limit=15 HTTP/1.1" 200 -
  [05:47:28] [  http] "GET /api/aegis/stats?hours=24 HTTP/1.1" 200 -
  [05:47:28] [  http] "GET /api/aegis/recent-events?limit=15 HTTP/1.1" 200 -
  [05:47:28] [  http] "GET /api/aegis/healing-log?limit=15 HTTP/1.1" 200 -
  [05:47:28] [  http] "GET /api/governor HTTP/1.1" 200 -
  [05:47:28] [heartbeat] up 16m00s · model=ready · inferring · pending=0
  [05:47:28] [  http] "GET /api/drift HTTP/1.1" 200 -
  [05:47:29] [  http] "GET /api/drift HTTP/1.1" 200 -
  [05:47:29] [  http] "GET /api/governor HTTP/1.1" 200 -
  [05:47:29] [  http] "GET /api/aegis/stats?hours=24 HTTP/1.1" 200 -
  [05:47:30] [  http] "GET /api/status HTTP/1.1" 200 -
  [05:47:30] [  http] "GET /api/session HTTP/1.1" 200 -
  [05:47:30] [  http] "GET /api/sessions HTTP/1.1" 200 -
  [05:47:30] [  http] "GET /api/governor HTTP/1.1" 200 -
  [05:47:30] [  http] "GET /api/drift HTTP/1.1" 200 -
  [05:47:31] [  http] "GET /api/status HTTP/1.1" 200 -
  [05:47:31] [  http] "GET /api/session HTTP/1.1" 200 -
  [05:47:31] [  http] "GET /api/sessions HTTP/1.1" 200 -
  [05:47:31] [  http] "GET /api/drift HTTP/1.1" 200 -
  [05:47:32] [  http] "GET /api/drift HTTP/1.1" 200 -
  [05:47:32] [  http] "GET /api/aegis/stats?hours=24 HTTP/1.1" 200 -
  [05:47:33] [  http] "GET /api/aegis/stats?hours=24 HTTP/1.1" 200 -
  [05:47:33] [  http] "GET /api/drift HTTP/1.1" 200 -
  [05:47:35] [  http] "GET /api/aegis/healing-log?limit=15 HTTP/1.1" 200 -
  [05:47:35] [  http] "GET /api/aegis/stats?hours=24 HTTP/1.1" 200 -
  [05:47:35] [  http] "GET /api/aegis/recent-events?limit=15 HTTP/1.1" 200 -
  [05:47:35] [  http] "GET /api/drift HTTP/1.1" 200 -
  [05:47:35] [  http] "GET /api/drift HTTP/1.1" 200 -
  [05:47:35] [  http] "GET /api/status HTTP/1.1" 200 -
  [05:47:35] [  http] "GET /api/session HTTP/1.1" 200 -
  [05:47:35] [  http] "GET /api/sessions HTTP/1.1" 200 -
  [05:47:36] [  http] "GET /api/drift HTTP/1.1" 200 -
  [05:47:37] [  http] "GET /api/drift HTTP/1.1" 200 -
  [05:47:37] [  http] "GET /api/aegis/stats?hours=24 HTTP/1.1" 200 -
  [05:47:37] [  http] "GET /api/aegis/healing-log?limit=15 HTTP/1.1" 200 -
  [05:47:37] [  http] "GET /api/aegis/recent-events?limit=15 HTTP/1.1" 200 -
  [05:47:38] [  http] "GET /api/drift HTTP/1.1" 200 -
  [05:47:38] [  http] "GET /api/aegis/stats?hours=24 HTTP/1.1" 200 -
  [05:47:38] [  http] "GET /api/aegis/healing-log?limit=15 HTTP/1.1" 200 -
  [05:47:38] [  http] "GET /api/aegis/recent-events?limit=15 HTTP/1.1" 200 -
  [05:47:38] [  http] "GET /api/governor HTTP/1.1" 200 -
  [05:47:39] [  http] "GET /api/drift HTTP/1.1" 200 -
  [05:47:39] [  http] "GET /api/aegis/stats?hours=24 HTTP/1.1" 200 -
  [05:47:40] [  http] "GET /api/governor HTTP/1.1" 200 -
  [05:47:40] [  http] "GET /api/governor HTTP/1.1" 200 -
  [05:47:40] [  http] "GET /api/drift HTTP/1.1" 200 -
  [05:47:41] [  http] "GET /api/drift HTTP/1.1" 200 -
  [05:47:42] [  http] "GET /api/drift HTTP/1.1" 200 -
  [05:47:42] [  http] "GET /api/aegis/stats?hours=24 HTTP/1.1" 200 -
  [05:47:43] [  http] "GET /api/aegis/stats?hours=24 HTTP/1.1" 200 -
  [05:47:43] [  http] "GET /api/drift HTTP/1.1" 200 -
  [05:47:43] [  http] "GET /api/drift HTTP/1.1" 200 -
  [05:47:45] [  http] "GET /api/aegis/healing-log?limit=15 HTTP/1.1" 200 -
  [05:47:45] [  http] "GET /api/aegis/stats?hours=24 HTTP/1.1" 200 -
  [05:47:45] [  http] "GET /api/aegis/recent-events?limit=15 HTTP/1.1" 200 -
  [05:47:45] [  http] "GET /api/status HTTP/1.1" 200 -
  [05:47:45] [  http] "GET /api/session HTTP/1.1" 200 -
  [05:47:45] [  http] "GET /api/sessions HTTP/1.1" 200 -
  [05:47:45] [  http] "GET /api/drift HTTP/1.1" 200 -
  [05:47:46] [  http] "GET /api/status HTTP/1.1" 200 -
  [05:47:46] [  http] "GET /api/session HTTP/1.1" 200 -
  [05:47:46] [  http] "GET /api/sessions HTTP/1.1" 200 -
  [05:47:46] [  http] "GET /api/drift HTTP/1.1" 200 -
  [05:47:47] [  http] "GET /api/drift HTTP/1.1" 200 -
  [05:47:47] [  http] "GET /api/aegis/stats?hours=24 HTTP/1.1" 200 -
  [05:47:47] [  http] "GET /api/aegis/healing-log?limit=15 HTTP/1.1" 200 -
  [05:47:47] [  http] "GET /api/aegis/recent-events?limit=15 HTTP/1.1" 200 -
  [05:47:48] [  http] "GET /api/aegis/stats?hours=24 HTTP/1.1" 200 -
  [05:47:48] [  http] "GET /api/aegis/healing-log?limit=15 HTTP/1.1" 200 -
  [05:47:48] [  http] "GET /api/aegis/recent-events?limit=15 HTTP/1.1" 200 -
  [05:47:48] [  http] "GET /api/governor HTTP/1.1" 200 -
  [05:47:48] [  http] "GET /api/drift HTTP/1.1" 200 -
  [05:47:49] [  http] "GET /api/governor HTTP/1.1" 200 -
  [05:47:49] [  http] "GET /api/aegis/stats?hours=24 HTTP/1.1" 200 -
  [05:47:50] [  http] "GET /api/drift HTTP/1.1" 200 -
  [05:47:50] [  http] "GET /api/drift HTTP/1.1" 200 -
  [05:47:50] [  http] "GET /api/governor HTTP/1.1" 200 -
  [05:47:50] [  http] "GET /api/status HTTP/1.1" 200 -
  [05:47:50] [  http] "GET /api/session HTTP/1.1" 200 -
  [05:47:50] [  http] "GET /api/sessions HTTP/1.1" 200 -
  [05:47:51] [  http] "GET /api/drift HTTP/1.1" 200 -
  [05:47:52] [  http] "GET /api/aegis/stats?hours=24 HTTP/1.1" 200 -
  [05:47:53] [  http] "GET /api/drift HTTP/1.1" 200 -
  [05:47:53] [  http] "GET /api/drift HTTP/1.1" 200 -
  [05:47:53] [  http] "GET /api/aegis/stats?hours=24 HTTP/1.1" 200 -
  [05:47:54] [  http] "GET /api/drift HTTP/1.1" 200 -
  [05:47:54] [  http] "GET /api/aegis/stats?hours=24 HTTP/1.1" 200 -
  [OV:quantum] ~349 tok, 10.9 tok/s
  [TENSION] xi=0.0794 gamma=0.9264 — primary direct (perspectives agree)
[MANIFOLD] weights={'newton': 0.5, 'quantum': 0.5} xi=0.097 steering=ON
[AAP] attractor=Fact eps=0.08 trust=1.000
[RENDER-AUDIT] ok overlap=96.97%
[PHASE6] Done: 1636 chars, 655 tokens
  [MEMORY] [generation] baseline=1714MB peak=1838MB (+124 transient) retained=-464MB in 60.3s (231 samples)
  [WORKER] Got result: response=1636 chars, adapter=newton
  [GOVERNOR] Response may not directly answer the question.
  [05:47:54] [  http] "GET /api/aegis/healing-log?limit=15 HTTP/1.1" 200 -
  [05:47:54] [  http] "GET /api/aegis/recent-events?limit=15 HTTP/1.1" 200 -
  [COGNITION] ξ=0.0794 Γ=0.9264 η=0.9633 σ=0.0 fidelity=0.9697 P=0.363 (all measured)
  [05:47:55] [  http] "POST /api/chat HTTP/1.1" 200 -
  [05:47:56] [  http] "GET /api/drift HTTP/1.1" 200 -
  [05:47:56] [  http] "GET /api/drift HTTP/1.1" 200 -
  [WORKER] Processing query: What is the correct answer to this question: which of the fo...
INFO:reasoning_forge.behavior_governor:[GOVERNOR] Pre: identity=none (conf=0.15), memory=2 cocoons, tokens=400, compression=normal
  [GOVERNOR] identity=none (conf=0.15), memory=2 cocoons, tokens=400, compression=normal
  [WORKER] Using forge bridge (Phase 6/7)
[PHASE6] Query complexity: QueryComplexity.MEDIUM
[PHASE7] Route: debate,semantic_tension,specialization_tracking,memory_weighting,gamma_monitoring,synthesis
[PHASE6] Domain: chemistry, max_adapters: 2

  [OV] Route: newton + quantum (conf=0.86, keyword)
  [05:47:57] [  http] "GET /api/aegis/stats?hours=24 HTTP/1.1" 200 -
  [05:47:57] [  http] "GET /api/aegis/healing-log?limit=15 HTTP/1.1" 200 -
  [05:47:57] [  http] "GET /api/aegis/recent-events?limit=15 HTTP/1.1" 200 -
  [05:47:57] [  http] "GET /api/drift HTTP/1.1" 200 -
  [05:47:58] [  http] "GET /api/aegis/stats?hours=24 HTTP/1.1" 200 -
  [05:47:58] [  http] "GET /api/aegis/healing-log?limit=15 HTTP/1.1" 200 -
  [05:47:58] [  http] "GET /api/aegis/recent-events?limit=15 HTTP/1.1" 200 -
  [05:47:58] [  http] "GET /api/governor HTTP/1.1" 200 -
  [05:47:58] [heartbeat] up 16m30s · model=ready · inferring · pending=0
  [05:47:58] [  http] "GET /api/drift HTTP/1.1" 200 -
  [05:47:59] [  http] "GET /api/drift HTTP/1.1" 200 -
  [05:47:59] [  http] "GET /api/governor HTTP/1.1" 200 -
  [05:47:59] [  http] "GET /api/aegis/stats?hours=24 HTTP/1.1" 200 -
  [05:48:00] [  http] "GET /api/status HTTP/1.1" 200 -
  [05:48:00] [  http] "GET /api/session HTTP/1.1" 200 -
  [05:48:00] [  http] "GET /api/governor HTTP/1.1" 200 -
  [05:48:00] [  http] "GET /api/sessions HTTP/1.1" 200 -
  [05:48:00] [  http] "GET /api/drift HTTP/1.1" 200 -
  [05:48:01] [  http] "GET /api/status HTTP/1.1" 200 -
  [05:48:01] [  http] "GET /api/session HTTP/1.1" 200 -
  [05:48:01] [  http] "GET /api/sessions HTTP/1.1" 200 -
  [05:48:01] [  http] "GET /api/drift HTTP/1.1" 200 -
  [05:48:02] [  http] "GET /api/drift HTTP/1.1" 200 -
  [05:48:02] [  http] "GET /api/aegis/stats?hours=24 HTTP/1.1" 200 -
  [05:48:03] [  http] "GET /api/aegis/stats?hours=24 HTTP/1.1" 200 -
  [05:48:03] [  http] "GET /api/drift HTTP/1.1" 200 -
  [05:48:04] [  http] "GET /api/aegis/healing-log?limit=15 HTTP/1.1" 200 -
  [05:48:04] [  http] "GET /api/aegis/stats?hours=24 HTTP/1.1" 200 -
  [05:48:04] [  http] "GET /api/aegis/recent-events?limit=15 HTTP/1.1" 200 -
  [05:48:05] [  http] "GET /api/drift HTTP/1.1" 200 -
  [05:48:05] [  http] "GET /api/drift HTTP/1.1" 200 -
  [05:48:05] [  http] "GET /api/status HTTP/1.1" 200 -
  [05:48:05] [  http] "GET /api/session HTTP/1.1" 200 -
  [05:48:05] [  http] "GET /api/sessions HTTP/1.1" 200 -
  [05:48:06] [  http] "GET /api/drift HTTP/1.1" 200 -
  [05:48:07] [  http] "GET /api/drift HTTP/1.1" 200 -
  [05:48:07] [  http] "GET /api/aegis/healing-log?limit=15 HTTP/1.1" 200 -
  [05:48:07] [  http] "GET /api/aegis/stats?hours=24 HTTP/1.1" 200 -
  [05:48:07] [  http] "GET /api/aegis/recent-events?limit=15 HTTP/1.1" 200 -
  [05:48:08] [  http] "GET /api/drift HTTP/1.1" 200 -
  [05:48:08] [  http] "GET /api/aegis/healing-log?limit=15 HTTP/1.1" 200 -
  [05:48:08] [  http] "GET /api/aegis/recent-events?limit=15 HTTP/1.1" 200 -
  [05:48:08] [  http] "GET /api/aegis/stats?hours=24 HTTP/1.1" 200 -
  [05:48:08] [  http] "GET /api/governor HTTP/1.1" 200 -
  [05:48:09] [  http] "GET /api/drift HTTP/1.1" 200 -
  [05:48:09] [  http] "GET /api/aegis/stats?hours=24 HTTP/1.1" 200 -
  [05:48:10] [  http] "GET /api/governor HTTP/1.1" 200 -
  [05:48:10] [  http] "GET /api/governor HTTP/1.1" 200 -
  [05:48:10] [  http] "GET /api/drift HTTP/1.1" 200 -
  [05:48:11] [  http] "GET /api/drift HTTP/1.1" 200 -
  [05:48:12] [  http] "GET /api/drift HTTP/1.1" 200 -
  [05:48:12] [  http] "GET /api/aegis/stats?hours=24 HTTP/1.1" 200 -
  [05:48:13] [  http] "GET /api/aegis/stats?hours=24 HTTP/1.1" 200 -
  [05:48:13] [  http] "GET /api/drift HTTP/1.1" 200 -
  [05:48:13] [  http] "GET /api/drift HTTP/1.1" 200 -
  [OV:newton] ~131 tok, 7.8 tok/s
  [05:48:14] [  http] "GET /api/aegis/stats?hours=24 HTTP/1.1" 200 -
  [05:48:14] [  http] "GET /api/aegis/healing-log?limit=15 HTTP/1.1" 200 -
  [05:48:14] [  http] "GET /api/aegis/recent-events?limit=15 HTTP/1.1" 200 -
  [05:48:15] [  http] "GET /api/status HTTP/1.1" 200 -
  [05:48:15] [  http] "GET /api/session HTTP/1.1" 200 -
  [05:48:15] [  http] "GET /api/sessions HTTP/1.1" 200 -
  [05:48:15] [  http] "GET /api/drift HTTP/1.1" 200 -
  [05:48:16] [  http] "GET /api/status HTTP/1.1" 200 -
  [05:48:16] [  http] "GET /api/session HTTP/1.1" 200 -
  [05:48:16] [  http] "GET /api/sessions HTTP/1.1" 200 -
  [05:48:16] [  http] "GET /api/drift HTTP/1.1" 200 -
  [05:48:17] [  http] "GET /api/drift HTTP/1.1" 200 -
  [05:48:17] [  http] "GET /api/aegis/stats?hours=24 HTTP/1.1" 200 -
  [05:48:17] [  http] "GET /api/aegis/recent-events?limit=15 HTTP/1.1" 200 -
  [05:48:17] [  http] "GET /api/aegis/healing-log?limit=15 HTTP/1.1" 200 -
  [05:48:18] [  http] "GET /api/aegis/stats?hours=24 HTTP/1.1" 200 -
  [05:48:18] [  http] "GET /api/aegis/recent-events?limit=15 HTTP/1.1" 200 -
  [05:48:18] [  http] "GET /api/aegis/healing-log?limit=15 HTTP/1.1" 200 -
  [05:48:18] [  http] "GET /api/governor HTTP/1.1" 200 -
  [05:48:18] [  http] "GET /api/drift HTTP/1.1" 200 -
  [05:48:19] [  http] "GET /api/governor HTTP/1.1" 200 -
  [05:48:20] [  http] "GET /api/aegis/stats?hours=24 HTTP/1.1" 200 -
  [05:48:20] [  http] "GET /api/drift HTTP/1.1" 200 -
  [05:48:20] [  http] "GET /api/drift HTTP/1.1" 200 -
  [05:48:20] [  http] "GET /api/governor HTTP/1.1" 200 -
  [05:48:20] [  http] "GET /api/status HTTP/1.1" 200 -
  [05:48:20] [  http] "GET /api/session HTTP/1.1" 200 -
  [05:48:20] [  http] "GET /api/sessions HTTP/1.1" 200 -
  [05:48:21] [  http] "GET /api/drift HTTP/1.1" 200 -
  [05:48:22] [  http] "GET /api/aegis/stats?hours=24 HTTP/1.1" 200 -
  [05:48:23] [  http] "GET /api/drift HTTP/1.1" 200 -
  [05:48:23] [  http] "GET /api/drift HTTP/1.1" 200 -
  [05:48:23] [  http] "GET /api/aegis/stats?hours=24 HTTP/1.1" 200 -
  [05:48:24] [  http] "GET /api/drift HTTP/1.1" 200 -
  [05:48:24] [  http] "GET /api/aegis/stats?hours=24 HTTP/1.1" 200 -
  [05:48:25] [  http] "GET /api/aegis/healing-log?limit=15 HTTP/1.1" 200 -
  [05:48:25] [  http] "GET /api/aegis/recent-events?limit=15 HTTP/1.1" 200 -
  [05:48:26] [  http] "GET /api/drift HTTP/1.1" 200 -
  [05:48:26] [  http] "GET /api/drift HTTP/1.1" 200 -
  [05:48:27] [  http] "GET /api/aegis/stats?hours=24 HTTP/1.1" 200 -
  [05:48:27] [  http] "GET /api/aegis/healing-log?limit=15 HTTP/1.1" 200 -
  [05:48:27] [  http] "GET /api/aegis/recent-events?limit=15 HTTP/1.1" 200 -
  [05:48:27] [  http] "GET /api/drift HTTP/1.1" 200 -
  [05:48:28] [  http] "GET /api/aegis/stats?hours=24 HTTP/1.1" 200 -
  [05:48:28] [  http] "GET /api/aegis/healing-log?limit=15 HTTP/1.1" 200 -
  [05:48:28] [  http] "GET /api/aegis/recent-events?limit=15 HTTP/1.1" 200 -
  [05:48:28] [heartbeat] up 17m00s · model=ready · inferring · pending=0
  [05:48:28] [  http] "GET /api/governor HTTP/1.1" 200 -
  [05:48:28] [  http] "GET /api/drift HTTP/1.1" 200 -
  [05:48:29] [  http] "GET /api/drift HTTP/1.1" 200 -
  [05:48:29] [  http] "GET /api/governor HTTP/1.1" 200 -
  [05:48:30] [  http] "GET /api/aegis/stats?hours=24 HTTP/1.1" 200 -
  [05:48:30] [  http] "GET /api/governor HTTP/1.1" 200 -
  [05:48:30] [  http] "GET /api/status HTTP/1.1" 200 -
  [05:48:30] [  http] "GET /api/session HTTP/1.1" 200 -
  [05:48:30] [  http] "GET /api/drift HTTP/1.1" 200 -
  [05:48:31] [  http] "GET /api/sessions HTTP/1.1" 200 -
  [05:48:31] [  http] "GET /api/status HTTP/1.1" 200 -
  [05:48:31] [  http] "GET /api/drift HTTP/1.1" 200 -
  [05:48:31] [  http] "GET /api/session HTTP/1.1" 200 -
  [05:48:31] [  http] "GET /api/sessions HTTP/1.1" 200 -
  [05:48:32] [  http] "GET /api/drift HTTP/1.1" 200 -
  [05:48:32] [  http] "GET /api/aegis/stats?hours=24 HTTP/1.1" 200 -
  [05:48:33] [  http] "GET /api/aegis/stats?hours=24 HTTP/1.1" 200 -
  [05:48:33] [  http] "GET /api/drift HTTP/1.1" 200 -
  [05:48:35] [  http] "GET /api/aegis/stats?hours=24 HTTP/1.1" 200 -
  [05:48:35] [  http] "GET /api/aegis/healing-log?limit=15 HTTP/1.1" 200 -
  [05:48:35] [  http] "GET /api/aegis/recent-events?limit=15 HTTP/1.1" 200 -
  [05:48:35] [  http] "GET /api/drift HTTP/1.1" 200 -
  [05:48:35] [  http] "GET /api/drift HTTP/1.1" 200 -
  [05:48:35] [  http] "GET /api/status HTTP/1.1" 200 -
  [05:48:35] [  http] "GET /api/session HTTP/1.1" 200 -
  [05:48:35] [  http] "GET /api/sessions HTTP/1.1" 200 -
  [05:48:36] [  http] "GET /api/drift HTTP/1.1" 200 -
  [05:48:37] [  http] "GET /api/drift HTTP/1.1" 200 -
  [OV:quantum] ~225 tok, 9.5 tok/s
  [TENSION] xi=0.1565 gamma=0.8647 — primary direct (perspectives agree)
  [05:48:37] [  http] "GET /api/aegis/stats?hours=24 HTTP/1.1" 200 -
  [05:48:37] [  http] "GET /api/aegis/healing-log?limit=15 HTTP/1.1" 200 -
  [05:48:37] [  http] "GET /api/aegis/recent-events?limit=15 HTTP/1.1" 200 -
[MANIFOLD] weights={'newton': 0.5, 'quantum': 0.5} xi=0.059 steering=ON
[AAP] attractor=Fact eps=0.16 trust=0.780
[RENDER-AUDIT] ok overlap=97.06%
[PHASE6] Done: 953 chars, 356 tokens
  [MEMORY] [generation] baseline=1250MB peak=1448MB (+199 transient) retained=-63MB in 40.8s (157 samples)
  [WORKER] Got result: response=953 chars, adapter=newton
  [05:48:38] [  http] "GET /api/drift HTTP/1.1" 200 -
  [COGNITION] ξ=0.1565 Γ=0.8647 η=0.9654 σ=0.0 fidelity=0.9706 P=0.367 (all measured)
  [05:48:38] [  http] "GET /api/aegis/stats?hours=24 HTTP/1.1" 200 -
  [05:48:38] [  http] "GET /api/aegis/healing-log?limit=15 HTTP/1.1" 200 -
  [05:48:38] [  http] "GET /api/aegis/recent-events?limit=15 HTTP/1.1" 200 -
  [05:48:38] [  http] "POST /api/chat HTTP/1.1" 200 -
  [05:48:38] [  http] "GET /api/governor HTTP/1.1" 200 -
  [05:48:39] [  http] "GET /api/drift HTTP/1.1" 200 -
  [05:48:39] [  http] "GET /api/aegis/stats?hours=24 HTTP/1.1" 200 -
  [05:48:40] [  http] "GET /api/governor HTTP/1.1" 200 -
  [05:48:40] [  http] "GET /api/governor HTTP/1.1" 200 -
  [WORKER] Processing query: What is the correct answer to this question: Among the follo...
INFO:reasoning_forge.behavior_governor:[GOVERNOR] Pre: identity=none (conf=0.15), memory=2 cocoons, tokens=400, compression=normal
  [GOVERNOR] identity=none (conf=0.15), memory=2 cocoons, tokens=400, compression=normal
  [WORKER] Using forge bridge (Phase 6/7)
[PHASE6] Query complexity: QueryComplexity.MEDIUM
[PHASE7] Route: debate,semantic_tension,specialization_tracking,memory_weighting,gamma_monitoring,synthesis
[PHASE6] Domain: chemistry, max_adapters: 2

  [OV] Route: newton + quantum (conf=0.83, keyword)
  [05:48:40] [  http] "GET /api/drift HTTP/1.1" 200 -
  [05:48:41] [  http] "GET /api/drift HTTP/1.1" 200 -
  [05:48:42] [  http] "GET /api/drift HTTP/1.1" 200 -
  [05:48:42] [  http] "GET /api/aegis/stats?hours=24 HTTP/1.1" 200 -
  [05:48:43] [  http] "GET /api/aegis/stats?hours=24 HTTP/1.1" 200 -
  [05:48:43] [  http] "GET /api/drift HTTP/1.1" 200 -
  [05:48:43] [  http] "GET /api/drift HTTP/1.1" 200 -
  [05:48:45] [  http] "GET /api/aegis/stats?hours=24 HTTP/1.1" 200 -
  [05:48:45] [  http] "GET /api/aegis/healing-log?limit=15 HTTP/1.1" 200 -
  [05:48:45] [  http] "GET /api/aegis/recent-events?limit=15 HTTP/1.1" 200 -
  [05:48:45] [  http] "GET /api/status HTTP/1.1" 200 -
  [05:48:45] [  http] "GET /api/drift HTTP/1.1" 200 -
  [05:48:46] [  http] "GET /api/session HTTP/1.1" 200 -
  [05:48:46] [  http] "GET /api/sessions HTTP/1.1" 200 -
  [05:48:46] [  http] "GET /api/status HTTP/1.1" 200 -
  [05:48:46] [  http] "GET /api/drift HTTP/1.1" 200 -
  [05:48:46] [  http] "GET /api/session HTTP/1.1" 200 -
  [05:48:46] [  http] "GET /api/sessions HTTP/1.1" 200 -
  [05:48:47] [  http] "GET /api/drift HTTP/1.1" 200 -
  [05:48:47] [  http] "GET /api/aegis/stats?hours=24 HTTP/1.1" 200 -
  [05:48:47] [  http] "GET /api/aegis/healing-log?limit=15 HTTP/1.1" 200 -
  [05:48:47] [  http] "GET /api/aegis/recent-events?limit=15 HTTP/1.1" 200 -
  [05:48:48] [  http] "GET /api/aegis/stats?hours=24 HTTP/1.1" 200 -
  [05:48:48] [  http] "GET /api/aegis/healing-log?limit=15 HTTP/1.1" 200 -
  [05:48:48] [  http] "GET /api/aegis/recent-events?limit=15 HTTP/1.1" 200 -
  [05:48:48] [  http] "GET /api/governor HTTP/1.1" 200 -
  [05:48:48] [  http] "GET /api/drift HTTP/1.1" 200 -
  [05:48:49] [  http] "GET /api/governor HTTP/1.1" 200 -
  [05:48:49] [  http] "GET /api/aegis/stats?hours=24 HTTP/1.1" 200 -
  [05:48:50] [  http] "GET /api/drift HTTP/1.1" 200 -
  [05:48:50] [  http] "GET /api/drift HTTP/1.1" 200 -
  [05:48:50] [  http] "GET /api/governor HTTP/1.1" 200 -
  [05:48:50] [  http] "GET /api/status HTTP/1.1" 200 -
  [05:48:50] [  http] "GET /api/session HTTP/1.1" 200 -
  [05:48:50] [  http] "GET /api/sessions HTTP/1.1" 200 -
  [05:48:51] [  http] "GET /api/drift HTTP/1.1" 200 -
  [05:48:52] [  http] "GET /api/aegis/stats?hours=24 HTTP/1.1" 200 -
  [05:48:53] [  http] "GET /api/drift HTTP/1.1" 200 -
  [05:48:53] [  http] "GET /api/drift HTTP/1.1" 200 -
  [05:48:53] [  http] "GET /api/aegis/stats?hours=24 HTTP/1.1" 200 -
  [05:48:54] [  http] "GET /api/drift HTTP/1.1" 200 -
  [05:48:54] [  http] "GET /api/aegis/stats?hours=24 HTTP/1.1" 200 -
  [05:48:54] [  http] "GET /api/aegis/healing-log?limit=15 HTTP/1.1" 200 -
  [05:48:54] [  http] "GET /api/aegis/recent-events?limit=15 HTTP/1.1" 200 -
  [05:48:56] [  http] "GET /api/drift HTTP/1.1" 200 -
  [05:48:56] [  http] "GET /api/drift HTTP/1.1" 200 -
  [05:48:57] [  http] "GET /api/aegis/stats?hours=24 HTTP/1.1" 200 -
  [05:48:57] [  http] "GET /api/aegis/healing-log?limit=15 HTTP/1.1" 200 -
  [05:48:57] [  http] "GET /api/drift HTTP/1.1" 200 -
  [05:48:57] [  http] "GET /api/aegis/recent-events?limit=15 HTTP/1.1" 200 -
  [05:48:58] [  http] "GET /api/aegis/stats?hours=24 HTTP/1.1" 200 -
  [05:48:58] [  http] "GET /api/aegis/healing-log?limit=15 HTTP/1.1" 200 -
  [05:48:58] [  http] "GET /api/aegis/recent-events?limit=15 HTTP/1.1" 200 -
  [05:48:58] [  http] "GET /api/governor HTTP/1.1" 200 -
  [05:48:58] [heartbeat] up 17m30s · model=ready · inferring · pending=0
  [05:48:58] [  http] "GET /api/drift HTTP/1.1" 200 -
  [05:48:59] [  http] "GET /api/drift HTTP/1.1" 200 -
  [OV:newton] ~248 tok, 12.9 tok/s
  [05:48:59] [  http] "GET /api/governor HTTP/1.1" 200 -
  [05:48:59] [  http] "GET /api/aegis/stats?hours=24 HTTP/1.1" 200 -
  [05:49:00] [  http] "GET /api/governor HTTP/1.1" 200 -
  [05:49:00] [  http] "GET /api/drift HTTP/1.1" 200 -
  [05:49:01] [  http] "GET /api/status HTTP/1.1" 200 -
  [05:49:01] [  http] "GET /api/session HTTP/1.1" 200 -
  [05:49:01] [  http] "GET /api/sessions HTTP/1.1" 200 -
  [05:49:01] [  http] "GET /api/status HTTP/1.1" 200 -
  [05:49:01] [  http] "GET /api/drift HTTP/1.1" 200 -
  [05:49:01] [  http] "GET /api/session HTTP/1.1" 200 -
  [05:49:01] [  http] "GET /api/sessions HTTP/1.1" 200 -
  [05:49:02] [  http] "GET /api/drift HTTP/1.1" 200 -
  [05:49:02] [  http] "GET /api/aegis/stats?hours=24 HTTP/1.1" 200 -
  [05:49:03] [  http] "GET /api/aegis/stats?hours=24 HTTP/1.1" 200 -
  [05:49:03] [  http] "GET /api/drift HTTP/1.1" 200 -
  [05:49:04] [  http] "GET /api/aegis/stats?hours=24 HTTP/1.1" 200 -
  [05:49:04] [  http] "GET /api/aegis/healing-log?limit=15 HTTP/1.1" 200 -
  [05:49:04] [  http] "GET /api/aegis/recent-events?limit=15 HTTP/1.1" 200 -
  [05:49:05] [  http] "GET /api/drift HTTP/1.1" 200 -
  [05:49:05] [  http] "GET /api/drift HTTP/1.1" 200 -
  [05:49:05] [  http] "GET /api/status HTTP/1.1" 200 -
  [05:49:05] [  http] "GET /api/session HTTP/1.1" 200 -
  [05:49:05] [  http] "GET /api/sessions HTTP/1.1" 200 -
  [05:49:06] [  http] "GET /api/drift HTTP/1.1" 200 -
  [05:49:07] [  http] "GET /api/drift HTTP/1.1" 200 -
  [05:49:07] [  http] "GET /api/aegis/healing-log?limit=15 HTTP/1.1" 200 -
  [05:49:07] [  http] "GET /api/aegis/stats?hours=24 HTTP/1.1" 200 -
  [05:49:07] [  http] "GET /api/aegis/recent-events?limit=15 HTTP/1.1" 200 -
  [05:49:08] [  http] "GET /api/drift HTTP/1.1" 200 -
  [05:49:08] [  http] "GET /api/aegis/healing-log?limit=15 HTTP/1.1" 200 -
  [05:49:08] [  http] "GET /api/aegis/recent-events?limit=15 HTTP/1.1" 200 -
  [05:49:08] [  http] "GET /api/aegis/stats?hours=24 HTTP/1.1" 200 -
  [05:49:08] [  http] "GET /api/governor HTTP/1.1" 200 -
  [05:49:09] [  http] "GET /api/drift HTTP/1.1" 200 -
  [05:49:09] [  http] "GET /api/aegis/stats?hours=24 HTTP/1.1" 200 -
  [05:49:10] [  http] "GET /api/governor HTTP/1.1" 200 -
  [05:49:10] [  http] "GET /api/governor HTTP/1.1" 200 -
  [05:49:10] [  http] "GET /api/drift HTTP/1.1" 200 -
  [05:49:11] [  http] "GET /api/drift HTTP/1.1" 200 -
  [05:49:12] [  http] "GET /api/drift HTTP/1.1" 200 -
  [05:49:12] [  http] "GET /api/aegis/stats?hours=24 HTTP/1.1" 200 -
  [05:49:13] [  http] "GET /api/aegis/stats?hours=24 HTTP/1.1" 200 -
  [05:49:13] [  http] "GET /api/drift HTTP/1.1" 200 -
  [05:49:13] [  http] "GET /api/drift HTTP/1.1" 200 -
  [05:49:14] [  http] "GET /api/aegis/stats?hours=24 HTTP/1.1" 200 -
  [05:49:15] [  http] "GET /api/aegis/healing-log?limit=15 HTTP/1.1" 200 -
  [05:49:15] [  http] "GET /api/aegis/recent-events?limit=15 HTTP/1.1" 200 -
  [05:49:15] [  http] "GET /api/drift HTTP/1.1" 200 -
  [05:49:16] [  http] "GET /api/status HTTP/1.1" 200 -
  [05:49:16] [  http] "GET /api/session HTTP/1.1" 200 -
  [05:49:16] [  http] "GET /api/sessions HTTP/1.1" 200 -
  [05:49:16] [  http] "GET /api/status HTTP/1.1" 200 -
  [05:49:16] [  http] "GET /api/drift HTTP/1.1" 200 -
  [05:49:16] [  http] "GET /api/session HTTP/1.1" 200 -
  [05:49:16] [  http] "GET /api/sessions HTTP/1.1" 200 -
  [05:49:17] [  http] "GET /api/drift HTTP/1.1" 200 -
  [05:49:17] [  http] "GET /api/aegis/stats?hours=24 HTTP/1.1" 200 -
  [05:49:17] [  http] "GET /api/aegis/healing-log?limit=15 HTTP/1.1" 200 -
  [05:49:17] [  http] "GET /api/aegis/recent-events?limit=15 HTTP/1.1" 200 -
  [05:49:18] [  http] "GET /api/aegis/stats?hours=24 HTTP/1.1" 200 -
  [05:49:18] [  http] "GET /api/aegis/healing-log?limit=15 HTTP/1.1" 200 -
  [05:49:18] [  http] "GET /api/aegis/recent-events?limit=15 HTTP/1.1" 200 -
  [05:49:18] [  http] "GET /api/governor HTTP/1.1" 200 -
  [05:49:18] [  http] "GET /api/drift HTTP/1.1" 200 -
  [05:49:19] [  http] "GET /api/governor HTTP/1.1" 200 -
  [05:49:19] [  http] "GET /api/aegis/stats?hours=24 HTTP/1.1" 200 -
  [05:49:20] [  http] "GET /api/drift HTTP/1.1" 200 -
  [05:49:20] [  http] "GET /api/drift HTTP/1.1" 200 -
  [05:49:20] [  http] "GET /api/governor HTTP/1.1" 200 -
  [05:49:20] [  http] "GET /api/status HTTP/1.1" 200 -
  [05:49:20] [  http] "GET /api/session HTTP/1.1" 200 -
  [05:49:20] [  http] "GET /api/sessions HTTP/1.1" 200 -
  [05:49:21] [  http] "GET /api/drift HTTP/1.1" 200 -
  [05:49:22] [  http] "GET /api/aegis/stats?hours=24 HTTP/1.1" 200 -
  [05:49:23] [  http] "GET /api/drift HTTP/1.1" 200 -
  [05:49:23] [  http] "GET /api/drift HTTP/1.1" 200 -
  [05:49:23] [  http] "GET /api/aegis/stats?hours=24 HTTP/1.1" 200 -
  [OV:quantum] ~330 tok, 13.7 tok/s
  [TENSION] xi=0.0824 gamma=0.9239 — primary direct (perspectives agree)
[MANIFOLD] weights={'newton': 0.5, 'quantum': 0.5} xi=0.040 steering=ON
[AAP] attractor=Fact eps=0.08 trust=0.780
[RENDER-AUDIT] ok overlap=97.06%
[PHASE6] Done: 1389 chars, 578 tokens
  [MEMORY] [generation] baseline=1165MB peak=1273MB (+108 transient) retained=-540MB in 43.6s (168 samples)
  [WORKER] Got result: response=1389 chars, adapter=newton
  [COGNITION] ξ=0.0824 Γ=0.9239 η=0.9669 σ=0.0 fidelity=0.9706 P=0.336 (all measured)
  [GLYPH] formed ['newton', 'quantum'] (turn 8, 2 total this session)
  [05:49:24] [  http] "POST /api/chat HTTP/1.1" 200 -
  [05:49:24] [  http] "GET /api/drift HTTP/1.1" 200 -
  [05:49:24] [  http] "GET /api/aegis/stats?hours=24 HTTP/1.1" 200 -
