INFO:codette_core:[codette_core] Rust extension loaded — FFT running at native speed
  Identity anchor loaded (1 known identities)
  Behavior Governor loaded (identity + memory + cognitive load governance)
INFO:reasoning_forge.unified_memory:UnifiedMemory: 2840 cocoons in J:\codette-clean\data\codette_memory.db
  Unified Memory loaded (2840 cocoons, FTS5 active)
============================================================
  CODETTE WEB UI
============================================================
  Session: 3572f864d352696c
  Cocoon: spiderweb=True, metrics=True
  Started 1 worker thread for serial inference
  Started cleanup thread for queue maintenance
  Started worker health monitor thread
  Started heartbeat thread (liveness line every 30s)

  Server: http://localhost:7860
  Press Ctrl+C to stop

  Model loading in background (takes ~60s on first startup)...
  [BACKEND] using backend='openvino' (CODETTE_BACKEND=None)
  [BACKEND] server __file__=J:\codette-clean\inference\codette_server.py

  Loading CodetteOrchestrator (backend: openvino)...
  Memory weighting loaded (unified cocoon feedback active)
  [06:09:34] [  http] "GET /api/drift HTTP/1.1" 200 -
  [06:09:34] [  http] "GET /api/governor HTTP/1.1" 200 -
  [06:09:34] [  http] "GET /api/status HTTP/1.1" 200 -
  [06:09:34] [  http] "GET /api/drift HTTP/1.1" 200 -
[OV] Adapters: newton, davinci, empathy, philosophy, quantum, consciousness, multi_perspective, systems_architecture, constraint_tracker, orchestrator, newton-star, newton-star-hard, newton-star-r
  [06:09:35] [  http] "GET /api/drift HTTP/1.1" 200 -
  [06:09:35] [  http] "GET /api/aegis/healing-log?limit=15 HTTP/1.1" 200 -
  [06:09:35] [  http] "GET /api/aegis/stats?hours=24 HTTP/1.1" 200 -
  [06:09:35] [  http] "GET /api/drift HTTP/1.1" 200 -
  [06:09:35] [  http] "GET /api/aegis/stats?hours=24 HTTP/1.1" 200 -
  [06:09:35] [  http] "GET /api/aegis/healing-log?limit=15 HTTP/1.1" 200 -
  [06:09:35] [  http] "GET /api/aegis/recent-events?limit=15 HTTP/1.1" 200 -
  [06:09:35] [  http] "GET /api/governor HTTP/1.1" 200 -
  [06:09:35] [  http] "GET /api/drift HTTP/1.1" 200 -
  [06:09:35] [  http] "GET /api/drift HTTP/1.1" 200 -
  [06:09:35] [  http] "GET /api/aegis/stats?hours=24 HTTP/1.1" 200 -
  [06:09:35] [  http] "GET /api/drift HTTP/1.1" 200 -
  [06:09:36] [  http] "GET /api/aegis/stats?hours=24 HTTP/1.1" 200 -
  [06:09:36] [  http] "GET /api/drift HTTP/1.1" 200 -
  [06:09:36] [  http] "GET /api/drift HTTP/1.1" 200 -
  [06:09:36] [  http] "GET /api/aegis/stats?hours=24 HTTP/1.1" 200 -
  [06:09:36] [  http] "GET /api/governor HTTP/1.1" 200 -
  [06:09:36] [  http] "GET /api/drift HTTP/1.1" 200 -
  [06:09:36] [  http] "GET /api/drift HTTP/1.1" 200 -
  [06:09:36] [  http] "GET /api/drift HTTP/1.1" 200 -
  [06:09:36] [  http] "GET /api/aegis/stats?hours=24 HTTP/1.1" 200 -
  [06:09:36] [  http] "GET /api/drift HTTP/1.1" 200 -
  [06:09:36] [  http] "GET /api/drift HTTP/1.1" 200 -
  [06:09:36] [  http] "GET /api/aegis/stats?hours=24 HTTP/1.1" 200 -
  [06:09:37] [  http] "GET /api/drift HTTP/1.1" 200 -
  [06:09:37] [  http] "GET /api/aegis/stats?hours=24 HTTP/1.1" 200 -
  [06:09:37] [  http] "GET / HTTP/1.1" 200 -
  [06:09:37] [  http] "GET /api/status HTTP/1.1" 200 -
  [06:09:37] [  http] "GET /api/status HTTP/1.1" 200 -
[OV] MODEL_DIR=J:\codette-clean\openvino_backend\llama-3.1-8b-instruct-int4
[OV] MODEL_DIR exists=True
[OV] Loading llama-3.1-8b-instruct-int4 on AUTO...
  [06:09:37] [  http] "GET /api/drift HTTP/1.1" 200 -
  [06:09:37] [  http] "GET /api/aegis/stats?hours=24 HTTP/1.1" 200 -
  [06:09:37] [  http] "GET /api/status HTTP/1.1" 200 -
  [06:09:37] [  http] "GET /api/aegis/stats?hours=24 HTTP/1.1" 200 -
  [06:09:37] [  http] "GET /api/aegis/healing-log?limit=15 HTTP/1.1" 200 -
  [06:09:37] [  http] "GET /api/aegis/recent-events?limit=15 HTTP/1.1" 200 -
  [06:09:37] [  http] "GET /api/drift HTTP/1.1" 200 -
  [06:09:37] [  http] "GET /api/sessions HTTP/1.1" 200 -
  [06:09:37] [  http] "GET /api/status HTTP/1.1" 200 -
  [06:09:37] [  http] "GET /api/drift HTTP/1.1" 200 -
  [06:09:38] [  http] "GET /api/aegis/stats?hours=24 HTTP/1.1" 200 -
  [06:09:38] [  http] "GET /api/aegis/healing-log?limit=15 HTTP/1.1" 200 -
  [06:09:38] [  http] "GET /api/aegis/recent-events?limit=15 HTTP/1.1" 200 -
  [06:09:38] [  http] "GET /api/drift HTTP/1.1" 200 -
  [06:09:38] [  http] "GET /api/health HTTP/1.1" 200 -
  [06:09:38] [  http] "GET /api/aegis/stats?hours=24 HTTP/1.1" 200 -
  [06:09:38] [  http] "GET /api/aegis/healing-log?limit=15 HTTP/1.1" 200 -
  [06:09:38] [  http] "GET /api/aegis/recent-events?limit=15 HTTP/1.1" 200 -
  [06:09:38] [  http] "GET /api/drift HTTP/1.1" 200 -
  [06:09:38] [  http] "GET /api/aegis/stats?hours=24 HTTP/1.1" 200 -
  [06:09:38] [  http] "GET /api/drift HTTP/1.1" 200 -
  [06:09:39] [  http] "GET /api/drift HTTP/1.1" 200 -
  [06:09:39] [  http] "GET /api/status HTTP/1.1" 200 -
  [06:09:39] [  http] "GET /api/status HTTP/1.1" 200 -
  [06:09:39] [  http] "GET /api/drift HTTP/1.1" 200 -
  [06:09:39] [  http] "GET /api/drift HTTP/1.1" 200 -
  [06:09:39] [  http] "GET /api/status HTTP/1.1" 200 -
  [06:09:39] [  http] "GET /api/drift HTTP/1.1" 200 -
  [06:09:39] [  http] "GET /api/governor HTTP/1.1" 200 -
  [06:09:39] [  http] "GET /api/status HTTP/1.1" 200 -
  [06:09:40] [  http] "GET /api/status HTTP/1.1" 200 -
  [06:09:40] [  http] "GET /api/drift HTTP/1.1" 200 -
  [06:09:40] [  http] "GET /api/drift HTTP/1.1" 200 -
  [06:09:40] [  http] "GET /api/drift HTTP/1.1" 200 -
  [06:09:40] [  http] "GET /api/drift HTTP/1.1" 200 -
  [06:09:41] [  http] "GET /api/aegis/stats?hours=24 HTTP/1.1" 200 -
  [06:09:41] [  http] "GET /api/drift HTTP/1.1" 200 -
  [06:09:41] [  http] "GET /api/governor HTTP/1.1" 200 -
  [06:09:41] [  http] "GET /api/aegis/healing-log?limit=15 HTTP/1.1" 200 -
  [06:09:41] [  http] "GET /api/aegis/recent-events?limit=15 HTTP/1.1" 200 -
  [06:09:41] [  http] "GET / HTTP/1.1" 200 -
  [06:09:42] [  http] "GET /api/status HTTP/1.1" 200 -
  [06:09:42] [  http] "GET /api/drift HTTP/1.1" 200 -
  [06:09:42] [  http] "GET /api/status HTTP/1.1" 200 -
  [06:09:43] [  http] "GET /api/status HTTP/1.1" 200 -
  [06:09:43] [  http] "GET /api/status HTTP/1.1" 200 -
  [06:09:43] [  http] "GET /api/drift HTTP/1.1" 200 -
  [06:09:43] [  http] "GET /api/aegis/stats?hours=24 HTTP/1.1" 200 -
  [06:09:43] [  http] "GET /api/governor HTTP/1.1" 200 -
  [06:09:43] [  http] "GET /api/status HTTP/1.1" 200 -
  [06:09:44] [  http] "GET /api/drift HTTP/1.1" 200 -
  [06:09:44] [  http] "GET /api/aegis/stats?hours=24 HTTP/1.1" 200 -
  [06:09:44] [  http] "GET /api/drift HTTP/1.1" 200 -
  [06:09:44] [  http] "GET /api/status HTTP/1.1" 200 -
  [06:09:44] [  http] "GET /api/status HTTP/1.1" 200 -
  [06:09:44] [  http] "GET /api/aegis/stats?hours=24 HTTP/1.1" 200 -
  [06:09:44] [  http] "GET /api/drift HTTP/1.1" 200 -
  [INFO] Client request queued — model still loading, waiting for ready...
  [06:09:45] [  http] "GET /api/drift HTTP/1.1" 200 -
  [06:09:45] [  http] "GET /api/status HTTP/1.1" 200 -
  [06:09:45] [  http] "GET /api/drift HTTP/1.1" 200 -
  [06:09:46] [  http] "GET /api/status HTTP/1.1" 200 -
  [06:09:46] [  http] "GET /api/aegis/stats?hours=24 HTTP/1.1" 200 -
  [06:09:46] [  http] "GET /api/status HTTP/1.1" 200 -
  [06:09:46] [  http] "GET /api/governor HTTP/1.1" 200 -
  [06:09:46] [  http] "GET /api/status HTTP/1.1" 200 -
  [06:09:46] [  http] "GET /api/drift HTTP/1.1" 200 -
  [06:09:46] [  http] "GET /api/status HTTP/1.1" 200 -
  [06:09:47] [  http] "GET /api/drift HTTP/1.1" 200 -
  [06:09:47] [  http] "GET /api/aegis/stats?hours=24 HTTP/1.1" 200 -
  [06:09:47] [  http] "GET /api/aegis/stats?hours=24 HTTP/1.1" 200 -
  [06:09:47] [  http] "GET /api/aegis/recent-events?limit=15 HTTP/1.1" 200 -
  [06:09:47] [  http] "GET /api/aegis/healing-log?limit=15 HTTP/1.1" 200 -
  [06:09:47] [  http] "GET /api/aegis/healing-log?limit=15 HTTP/1.1" 200 -
  [06:09:47] [  http] "GET /api/aegis/recent-events?limit=15 HTTP/1.1" 200 -
  [06:09:48] [  http] "GET /api/status HTTP/1.1" 200 -
  [06:09:48] [  http] "GET /api/aegis/stats?hours=24 HTTP/1.1" 200 -
  [06:09:48] [  http] "GET /api/aegis/healing-log?limit=15 HTTP/1.1" 200 -
  [06:09:48] [  http] "GET /api/aegis/recent-events?limit=15 HTTP/1.1" 200 -
  [06:09:48] [  http] "GET /api/drift HTTP/1.1" 200 -
  [06:09:48] [  http] "GET /api/status HTTP/1.1" 200 -
  [06:09:48] [  http] "GET /api/status HTTP/1.1" 200 -
  [06:09:48] [  http] "GET /api/drift HTTP/1.1" 200 -
  [06:09:49] [  http] "GET /api/status HTTP/1.1" 200 -
  [06:09:49] [  http] "GET /api/drift HTTP/1.1" 200 -
  [06:09:49] [  http] "GET /api/governor HTTP/1.1" 200 -
  [06:09:49] [  http] "GET /api/status HTTP/1.1" 200 -
  [06:09:50] [  http] "GET /api/drift HTTP/1.1" 200 -
  [06:09:50] [  http] "GET /api/status HTTP/1.1" 200 -
  [06:09:50] [  http] "GET /api/status HTTP/1.1" 200 -
  [06:09:50] [  http] "GET /api/status HTTP/1.1" 200 -
  [06:09:51] [  http] "GET /api/governor HTTP/1.1" 200 -
  [06:09:51] [  http] "GET /api/aegis/stats?hours=24 HTTP/1.1" 200 -
  [06:09:51] [  http] "GET /api/aegis/healing-log?limit=15 HTTP/1.1" 200 -
  [06:09:51] [  http] "GET /api/aegis/recent-events?limit=15 HTTP/1.1" 200 -
  [06:09:51] [  http] "GET /api/drift HTTP/1.1" 200 -
  [06:09:51] [  http] "GET /api/drift HTTP/1.1" 200 -
  [06:09:52] [  http] "GET /api/status HTTP/1.1" 200 -
  [06:09:52] [  http] "GET /api/status HTTP/1.1" 200 -
  [06:09:52] [  http] "GET /api/aegis/stats?hours=24 HTTP/1.1" 200 -
  [06:09:52] [  http] "GET /api/drift HTTP/1.1" 200 -
  [06:09:52] [  http] "GET /api/governor HTTP/1.1" 200 -
  [06:09:52] [  http] "GET /api/status HTTP/1.1" 200 -
  [06:09:52] [  http] "GET /api/status HTTP/1.1" 200 -
  [06:09:52] [  http] "GET /api/aegis/stats?hours=24 HTTP/1.1" 200 -
  [06:09:53] [  http] "GET /api/drift HTTP/1.1" 200 -
  [06:09:53] [  http] "GET /api/status HTTP/1.1" 200 -
  [06:09:53] [  http] "GET /api/aegis/stats?hours=24 HTTP/1.1" 200 -
  [06:09:54] [  http] "GET /api/drift HTTP/1.1" 200 -
  [06:09:54] [  http] "GET /api/drift HTTP/1.1" 200 -
  [06:09:54] [  http] "GET /api/status HTTP/1.1" 200 -
  [06:09:55] [  http] "GET /api/status HTTP/1.1" 200 -
  [06:09:55] [  http] "GET /api/status HTTP/1.1" 200 -
  [06:09:55] [  http] "GET /api/status HTTP/1.1" 200 -
  [06:09:55] [  http] "GET /api/drift HTTP/1.1" 200 -
  [06:09:55] [  http] "GET /api/status HTTP/1.1" 200 -
  [06:09:55] [  http] "GET /api/drift HTTP/1.1" 200 -
  [06:09:56] [  http] "GET /api/aegis/stats?hours=24 HTTP/1.1" 200 -
  [06:09:56] [  http] "GET /api/governor HTTP/1.1" 200 -
  [06:09:57] [  http] "GET /api/status HTTP/1.1" 200 -
  [06:09:57] [  http] "GET /api/drift HTTP/1.1" 200 -
  [06:09:57] [  http] "GET /api/status HTTP/1.1" 200 -
  [06:09:57] [  http] "GET /api/aegis/stats?hours=24 HTTP/1.1" 200 -
  [06:09:57] [  http] "GET /api/status HTTP/1.1" 200 -
  [06:09:57] [  http] "GET /api/aegis/healing-log?limit=15 HTTP/1.1" 200 -
  [06:09:57] [  http] "GET /api/aegis/recent-events?limit=15 HTTP/1.1" 200 -
  [06:09:57] [  http] "GET /api/aegis/stats?hours=24 HTTP/1.1" 200 -
  [06:09:57] [  http] "GET /api/aegis/healing-log?limit=15 HTTP/1.1" 200 -
  [06:09:57] [  http] "GET /api/aegis/recent-events?limit=15 HTTP/1.1" 200 -
  [06:09:57] [  http] "GET /api/drift HTTP/1.1" 200 -
  [06:09:57] [  http] "GET /api/aegis/stats?hours=24 HTTP/1.1" 200 -
  [06:09:58] [  http] "GET /api/aegis/healing-log?limit=15 HTTP/1.1" 200 -
  [06:09:58] [  http] "GET /api/status HTTP/1.1" 200 -
  [06:09:58] [  http] "GET /api/aegis/recent-events?limit=15 HTTP/1.1" 200 -
  [06:09:58] [  http] "GET /api/status HTTP/1.1" 200 -
  [06:09:58] [  http] "GET /api/drift HTTP/1.1" 200 -
  [06:09:58] [  http] "GET /api/drift HTTP/1.1" 200 -
  [06:09:59] [  http] "GET /api/status HTTP/1.1" 200 -
  [06:09:59] [  http] "GET /api/status HTTP/1.1" 200 -
  [06:09:59] [  http] "GET /api/governor HTTP/1.1" 200 -
  [06:10:00] [  http] "GET /api/status HTTP/1.1" 200 -
  [06:10:00] [  http] "GET /api/drift HTTP/1.1" 200 -
  [06:10:00] [  http] "GET /api/drift HTTP/1.1" 200 -
  [06:10:01] [  http] "GET /api/status HTTP/1.1" 200 -
  [06:10:01] [  http] "GET /api/governor HTTP/1.1" 200 -
  [06:10:01] [  http] "GET /api/status HTTP/1.1" 200 -
  [06:10:01] [  http] "GET /api/aegis/stats?hours=24 HTTP/1.1" 200 -
  [06:10:01] [  http] "GET /api/aegis/healing-log?limit=15 HTTP/1.1" 200 -
  [06:10:01] [  http] "GET /api/aegis/recent-events?limit=15 HTTP/1.1" 200 -
  [06:10:01] [  http] "GET /api/drift HTTP/1.1" 200 -
  [06:10:01] [  http] "GET /api/status HTTP/1.1" 200 -
  [06:10:01] [  http] "GET /api/status HTTP/1.1" 200 -
  [06:10:02] [  http] "GET /api/drift HTTP/1.1" 200 -
  [06:10:02] [  http] "GET /api/status HTTP/1.1" 200 -
  [06:10:02] [  http] "GET /api/aegis/stats?hours=24 HTTP/1.1" 200 -
  [06:10:02] [  http] "GET /api/aegis/stats?hours=24 HTTP/1.1" 200 -
  [06:10:02] [  http] "GET /api/governor HTTP/1.1" 200 -
  [06:10:03] [  http] "GET /api/aegis/stats?hours=24 HTTP/1.1" 200 -
  [06:10:03] [  http] "GET /api/status HTTP/1.1" 200 -
  [06:10:03] [  http] "GET /api/drift HTTP/1.1" 200 -
  [06:10:03] [  http] "GET /api/drift HTTP/1.1" 200 -
  [06:10:04] [  http] "GET /api/status HTTP/1.1" 200 -
  [06:10:04] [  http] "GET /api/status HTTP/1.1" 200 -
  [06:10:04] [  http] "GET /api/status HTTP/1.1" 200 -
  [06:10:04] [  http] "GET /api/status HTTP/1.1" 200 -
  [06:10:04] [heartbeat] up 0m30s · model=loading · idle · pending=0
  [06:10:04] [  http] "GET /api/drift HTTP/1.1" 200 -
  [06:10:04] [  http] "GET /api/drift HTTP/1.1" 200 -
  [06:10:05] [  http] "GET /api/status HTTP/1.1" 200 -
  [06:10:06] [  http] "GET /api/status HTTP/1.1" 200 -
  [06:10:06] [  http] "GET /api/aegis/stats?hours=24 HTTP/1.1" 200 -
  [06:10:06] [  http] "GET /api/drift HTTP/1.1" 200 -
  [06:10:06] [  http] "GET /api/status HTTP/1.1" 200 -
  [06:10:06] [  http] "GET /api/drift HTTP/1.1" 200 -
  [06:10:07] [  http] "GET /api/governor HTTP/1.1" 200 -
  [06:10:07] [  http] "GET /api/status HTTP/1.1" 200 -
  [06:10:07] [  http] "GET /api/aegis/stats?hours=24 HTTP/1.1" 200 -
  [06:10:07] [  http] "GET /api/aegis/stats?hours=24 HTTP/1.1" 200 -
  [06:10:07] [  http] "GET /api/aegis/healing-log?limit=15 HTTP/1.1" 200 -
  [06:10:07] [  http] "GET /api/aegis/recent-events?limit=15 HTTP/1.1" 200 -
  [06:10:07] [  http] "GET /api/drift HTTP/1.1" 200 -
  [06:10:07] [  http] "GET /api/status HTTP/1.1" 200 -
  [06:10:07] [  http] "GET /api/status HTTP/1.1" 200 -
  [06:10:07] [  http] "GET /api/aegis/healing-log?limit=15 HTTP/1.1" 200 -
  [06:10:07] [  http] "GET /api/aegis/recent-events?limit=15 HTTP/1.1" 200 -
  [06:10:08] [  http] "GET /api/aegis/stats?hours=24 HTTP/1.1" 200 -
  [06:10:08] [  http] "GET /api/drift HTTP/1.1" 200 -
  [06:10:08] [  http] "GET /api/aegis/healing-log?limit=15 HTTP/1.1" 200 -
  [06:10:08] [  http] "GET /api/aegis/recent-events?limit=15 HTTP/1.1" 200 -
  [06:10:08] [  http] "GET /api/status HTTP/1.1" 200 -
  [06:10:08] [  http] "GET /api/status HTTP/1.1" 200 -
  [06:10:09] [  http] "GET /api/drift HTTP/1.1" 200 -
  [06:10:09] [  http] "GET /api/drift HTTP/1.1" 200 -
  [06:10:10] [  http] "GET /api/governor HTTP/1.1" 200 -
  [06:10:10] [  http] "GET /api/status HTTP/1.1" 200 -
  [06:10:10] [  http] "GET /api/status HTTP/1.1" 200 -
  [06:10:10] [  http] "GET /api/drift HTTP/1.1" 200 -
  [06:10:10] [  http] "GET /api/status HTTP/1.1" 200 -
  [06:10:10] [  http] "GET /api/status HTTP/1.1" 200 -
  [06:10:11] [  http] "GET /api/aegis/stats?hours=24 HTTP/1.1" 200 -
  [06:10:11] [  http] "GET /api/drift HTTP/1.1" 200 -
  [06:10:11] [  http] "GET /api/status HTTP/1.1" 200 -
  [06:10:11] [  http] "GET /api/governor HTTP/1.1" 200 -
  [06:10:11] [  http] "GET /api/aegis/healing-log?limit=15 HTTP/1.1" 200 -
  [06:10:11] [  http] "GET /api/aegis/recent-events?limit=15 HTTP/1.1" 200 -
  [06:10:12] [  http] "GET /api/status HTTP/1.1" 200 -
  [06:10:12] [  http] "GET /api/drift HTTP/1.1" 200 -
  [06:10:12] [  http] "GET /api/aegis/stats?hours=24 HTTP/1.1" 200 -
  [06:10:12] [  http] "GET /api/aegis/stats?hours=24 HTTP/1.1" 200 -
  [06:10:12] [  http] "GET /api/governor HTTP/1.1" 200 -
  [06:10:12] [  http] "GET /api/drift HTTP/1.1" 200 -
  [06:10:13] [  http] "GET /api/status HTTP/1.1" 200 -
  [06:10:13] [  http] "GET /api/status HTTP/1.1" 200 -
  [06:10:13] [  http] "GET /api/aegis/stats?hours=24 HTTP/1.1" 200 -
  [06:10:13] [  http] "GET /api/status HTTP/1.1" 200 -
  [06:10:13] [  http] "GET /api/status HTTP/1.1" 200 -
  [06:10:13] [  http] "GET /api/drift HTTP/1.1" 200 -
  [06:10:13] [  http] "GET /api/drift HTTP/1.1" 200 -
  [06:10:14] [  http] "GET /api/status HTTP/1.1" 200 -
  [06:10:15] [  http] "GET /api/status HTTP/1.1" 200 -
  [06:10:15] [  http] "GET /api/drift HTTP/1.1" 200 -
  [06:10:15] [  http] "GET /api/drift HTTP/1.1" 200 -
  [06:10:15] [  http] "GET /api/status HTTP/1.1" 200 -
  [06:10:16] [  http] "GET /api/status HTTP/1.1" 200 -
  [06:10:16] [  http] "GET /api/aegis/stats?hours=24 HTTP/1.1" 200 -
  [06:10:16] [  http] "GET /api/status HTTP/1.1" 200 -
  [06:10:16] [  http] "GET /api/drift HTTP/1.1" 200 -
  [06:10:16] [  http] "GET /api/status HTTP/1.1" 200 -
  [06:10:16] [  http] "GET /api/drift HTTP/1.1" 200 -
  [06:10:17] [  http] "GET /api/status HTTP/1.1" 200 -
  [06:10:17] [  http] "GET /api/aegis/stats?hours=24 HTTP/1.1" 200 -
  [06:10:17] [  http] "GET /api/aegis/stats?hours=24 HTTP/1.1" 200 -
  [06:10:17] [  http] "GET /api/aegis/healing-log?limit=15 HTTP/1.1" 200 -
  [06:10:17] [  http] "GET /api/aegis/recent-events?limit=15 HTTP/1.1" 200 -
  [06:10:17] [  http] "GET /api/aegis/healing-log?limit=15 HTTP/1.1" 200 -
  [06:10:17] [  http] "GET /api/aegis/recent-events?limit=15 HTTP/1.1" 200 -
  [06:10:17] [  http] "GET /api/aegis/stats?hours=24 HTTP/1.1" 200 -
  [06:10:18] [  http] "GET /api/governor HTTP/1.1" 200 -
  [06:10:18] [  http] "GET /api/aegis/healing-log?limit=15 HTTP/1.1" 200 -
  [06:10:18] [  http] "GET /api/aegis/recent-events?limit=15 HTTP/1.1" 200 -
  [06:10:18] [  http] "GET /api/status HTTP/1.1" 200 -
  [06:10:18] [  http] "GET /api/drift HTTP/1.1" 200 -
  [06:10:18] [  http] "GET /api/drift HTTP/1.1" 200 -
  [06:10:19] [  http] "GET /api/status HTTP/1.1" 200 -
  [06:10:19] [  http] "GET /api/status HTTP/1.1" 200 -
  [06:10:19] [  http] "GET /api/drift HTTP/1.1" 200 -
  [06:10:19] [  http] "GET /api/status HTTP/1.1" 200 -
  [06:10:19] [  http] "GET /api/status HTTP/1.1" 200 -
  [06:10:19] [  http] "GET /api/governor HTTP/1.1" 200 -
  [06:10:20] [  http] "GET /api/drift HTTP/1.1" 200 -
  [06:10:20] [  http] "GET /api/status HTTP/1.1" 200 -
  [06:10:21] [  http] "GET /api/status HTTP/1.1" 200 -
  [06:10:21] [  http] "GET /api/governor HTTP/1.1" 200 -
  [06:10:21] [  http] "GET /api/aegis/stats?hours=24 HTTP/1.1" 200 -
  [06:10:21] [  http] "GET /api/aegis/healing-log?limit=15 HTTP/1.1" 200 -
  [06:10:21] [  http] "GET /api/aegis/recent-events?limit=15 HTTP/1.1" 200 -
  [06:10:21] [  http] "GET /api/drift HTTP/1.1" 200 -
  [06:10:21] [  http] "GET /api/drift HTTP/1.1" 200 -
  [06:10:22] [  http] "GET /api/status HTTP/1.1" 200 -
  [06:10:22] [  http] "GET /api/status HTTP/1.1" 200 -
  [06:10:22] [  http] "GET /api/status HTTP/1.1" 200 -
  [06:10:22] [  http] "GET /api/status HTTP/1.1" 200 -
  [06:10:22] [  http] "GET /api/aegis/stats?hours=24 HTTP/1.1" 200 -
  [06:10:22] [  http] "GET /api/drift HTTP/1.1" 200 -
  [06:10:22] [  http] "GET /api/governor HTTP/1.1" 200 -
  [06:10:22] [  http] "GET /api/aegis/stats?hours=24 HTTP/1.1" 200 -
  [06:10:23] [  http] "GET /api/status HTTP/1.1" 200 -
  [06:10:23] [  http] "GET /api/drift HTTP/1.1" 200 -
  [06:10:23] [  http] "GET /api/aegis/stats?hours=24 HTTP/1.1" 200 -
  [06:10:24] [  http] "GET /api/status HTTP/1.1" 200 -
  [06:10:24] [  http] "GET /api/drift HTTP/1.1" 200 -
  [06:10:24] [  http] "GET /api/status HTTP/1.1" 200 -
  [06:10:24] [  http] "GET /api/drift HTTP/1.1" 200 -
  [06:10:25] [  http] "GET /api/status HTTP/1.1" 200 -
  [06:10:25] [  http] "GET /api/status HTTP/1.1" 200 -
  [06:10:25] [  http] "GET /api/drift HTTP/1.1" 200 -
  [06:10:25] [  http] "GET /api/status HTTP/1.1" 200 -
  [06:10:25] [  http] "GET /api/drift HTTP/1.1" 200 -
  [06:10:26] [  http] "GET /api/aegis/stats?hours=24 HTTP/1.1" 200 -
  [06:10:26] [  http] "GET /api/status HTTP/1.1" 200 -
  [06:10:26] [  http] "GET /api/status HTTP/1.1" 200 -
  [06:10:27] [  http] "GET /api/status HTTP/1.1" 200 -
  [06:10:27] [  http] "GET /api/drift HTTP/1.1" 200 -
  [06:10:27] [  http] "GET /api/aegis/stats?hours=24 HTTP/1.1" 200 -
  [06:10:27] [  http] "GET /api/aegis/healing-log?limit=15 HTTP/1.1" 200 -
  [06:10:27] [  http] "GET /api/aegis/recent-events?limit=15 HTTP/1.1" 200 -
  [06:10:27] [  http] "GET /api/aegis/stats?hours=24 HTTP/1.1" 200 -
  [06:10:27] [  http] "GET /api/aegis/healing-log?limit=15 HTTP/1.1" 200 -
  [06:10:27] [  http] "GET /api/aegis/recent-events?limit=15 HTTP/1.1" 200 -
  [06:10:27] [  http] "GET /api/drift HTTP/1.1" 200 -
  [06:10:28] [  http] "GET /api/status HTTP/1.1" 200 -
  [06:10:28] [  http] "GET /api/aegis/stats?hours=24 HTTP/1.1" 200 -
  [06:10:28] [  http] "GET /api/aegis/healing-log?limit=15 HTTP/1.1" 200 -
  [06:10:28] [  http] "GET /api/aegis/recent-events?limit=15 HTTP/1.1" 200 -
  [06:10:28] [  http] "GET /api/status HTTP/1.1" 200 -
  [06:10:28] [  http] "GET /api/drift HTTP/1.1" 200 -
  [06:10:28] [  http] "GET /api/status HTTP/1.1" 200 -
  [06:10:29] [  http] "GET /api/status HTTP/1.1" 200 -
  [06:10:29] [  http] "GET /api/drift HTTP/1.1" 200 -
  [06:10:29] [  http] "GET /api/governor HTTP/1.1" 200 -
  [06:10:29] [  http] "GET /api/governor HTTP/1.1" 200 -
  [06:10:29] [  http] "GET /api/status HTTP/1.1" 200 -
  [06:10:30] [  http] "GET /api/drift HTTP/1.1" 200 -
  [06:10:30] [  http] "GET /api/drift HTTP/1.1" 200 -
  [06:10:31] [  http] "GET /api/status HTTP/1.1" 200 -
  [06:10:31] [  http] "GET /api/status HTTP/1.1" 200 -
  [06:10:31] [  http] "GET /api/governor HTTP/1.1" 200 -
  [06:10:31] [  http] "GET /api/status HTTP/1.1" 200 -
  [06:10:31] [  http] "GET /api/aegis/healing-log?limit=15 HTTP/1.1" 200 -
  [06:10:31] [  http] "GET /api/aegis/stats?hours=24 HTTP/1.1" 200 -
  [06:10:31] [  http] "GET /api/aegis/recent-events?limit=15 HTTP/1.1" 200 -
  [06:10:31] [  http] "GET /api/drift HTTP/1.1" 200 -
  [06:10:31] [  http] "GET /api/status HTTP/1.1" 200 -
  [06:10:31] [  http] "GET /api/status HTTP/1.1" 200 -
  [06:10:31] [  http] "GET /api/drift HTTP/1.1" 200 -
  [06:10:32] [  http] "GET /api/aegis/stats?hours=24 HTTP/1.1" 200 -
  [06:10:32] [  http] "GET /api/governor HTTP/1.1" 200 -
  [06:10:32] [  http] "GET /api/aegis/stats?hours=24 HTTP/1.1" 200 -
  [06:10:33] [  http] "GET /api/drift HTTP/1.1" 200 -
  [06:10:33] [  http] "GET /api/aegis/stats?hours=24 HTTP/1.1" 200 -
  [06:10:33] [  http] "GET /api/status HTTP/1.1" 200 -
  [06:10:33] [  http] "GET /api/status HTTP/1.1" 200 -
  [06:10:33] [  http] "GET /api/drift HTTP/1.1" 200 -
  [06:10:34] [  http] "GET /api/status HTTP/1.1" 200 -
  [06:10:34] [  http] "GET /api/status HTTP/1.1" 200 -
  [06:10:34] [  http] "GET /api/drift HTTP/1.1" 200 -
  [06:10:34] [heartbeat] up 1m00s · model=loading · idle · pending=0
  [06:10:34] [  http] "GET /api/status HTTP/1.1" 200 -
  [06:10:35] [  http] "GET /api/drift HTTP/1.1" 200 -
  [06:10:35] [  http] "GET /api/drift HTTP/1.1" 200 -
  [06:10:35] [  http] "GET /api/status HTTP/1.1" 200 -
  [06:10:35] [  http] "GET /api/aegis/stats?hours=24 HTTP/1.1" 200 -
  [06:10:35] [  http] "GET /api/aegis/healing-log?limit=15 HTTP/1.1" 200 -
  [06:10:35] [  http] "GET /api/aegis/recent-events?limit=15 HTTP/1.1" 200 -
  [06:10:35] [  http] "GET /api/governor HTTP/1.1" 200 -
  [06:10:35] [  http] "GET /api/status HTTP/1.1" 200 -
  [06:10:36] [  http] "GET /api/status HTTP/1.1" 200 -
  [06:10:36] [  http] "GET /api/aegis/stats?hours=24 HTTP/1.1" 200 -
  [06:10:36] [  http] "GET /api/drift HTTP/1.1" 200 -
  [06:10:36] [  http] "GET /api/drift HTTP/1.1" 200 -
  [06:10:37] [  http] "GET /api/status HTTP/1.1" 200 -
  [06:10:37] [  http] "GET /api/status HTTP/1.1" 200 -
  [06:10:37] [  http] "GET /api/aegis/stats?hours=24 HTTP/1.1" 200 -
  [06:10:37] [  http] "GET /api/drift HTTP/1.1" 200 -
  [06:10:37] [  http] "GET /api/aegis/recent-events?limit=15 HTTP/1.1" 200 -
  [06:10:37] [  http] "GET /api/aegis/healing-log?limit=15 HTTP/1.1" 200 -
  [06:10:37] [  http] "GET /api/status HTTP/1.1" 200 -
  [06:10:38] [  http] "GET /api/aegis/stats?hours=24 HTTP/1.1" 200 -
  [06:10:38] [  http] "GET /api/aegis/healing-log?limit=15 HTTP/1.1" 200 -
  [06:10:38] [  http] "GET /api/aegis/recent-events?limit=15 HTTP/1.1" 200 -
  [06:10:38] [  http] "GET /api/status HTTP/1.1" 200 -
  [06:10:38] [  http] "GET /api/drift HTTP/1.1" 200 -
  [06:10:38] [  http] "GET /api/aegis/stats?hours=24 HTTP/1.1" 200 -
  [06:10:38] [  http] "GET /api/aegis/healing-log?limit=15 HTTP/1.1" 200 -
  [06:10:38] [  http] "GET /api/aegis/recent-events?limit=15 HTTP/1.1" 200 -
  [06:10:38] [  http] "GET /api/status HTTP/1.1" 200 -
  [06:10:39] [  http] "GET /api/drift HTTP/1.1" 200 -
  [06:10:40] [  http] "GET /api/governor HTTP/1.1" 200 -
  [06:10:40] [  http] "GET /api/status HTTP/1.1" 200 -
  [06:10:40] [  http] "GET /api/status HTTP/1.1" 200 -
  [06:10:40] [  http] "GET /api/status HTTP/1.1" 200 -
  [06:10:40] [  http] "GET /api/drift HTTP/1.1" 200 -
  [06:10:40] [  http] "GET /api/status HTTP/1.1" 200 -
  [06:10:40] [  http] "GET /api/status HTTP/1.1" 200 -
  [06:10:40] [  http] "GET /api/drift HTTP/1.1" 200 -
  [06:10:41] [  http] "GET /api/governor HTTP/1.1" 200 -
  [06:10:42] [  http] "GET /api/status HTTP/1.1" 200 -
  [06:10:42] [  http] "GET /api/aegis/stats?hours=24 HTTP/1.1" 200 -
  [06:10:42] [  http] "GET /api/status HTTP/1.1" 200 -
  [06:10:42] [  http] "GET /api/governor HTTP/1.1" 200 -
  [06:10:42] [  http] "GET /api/aegis/stats?hours=24 HTTP/1.1" 200 -
  [06:10:42] [  http] "GET /api/status HTTP/1.1" 200 -
  [06:10:42] [  http] "GET /api/drift HTTP/1.1" 200 -
  [06:10:42] [  http] "GET /api/aegis/stats?hours=24 HTTP/1.1" 200 -
  [06:10:43] [  http] "GET /api/status HTTP/1.1" 200 -
  [06:10:43] [  http] "GET /api/status HTTP/1.1" 200 -
  [06:10:43] [  http] "GET /api/drift HTTP/1.1" 200 -
  [06:10:43] [  http] "GET /api/drift HTTP/1.1" 200 -
  [06:10:44] [  http] "GET /api/status HTTP/1.1" 200 -
  [06:10:44] [  http] "GET /api/status HTTP/1.1" 200 -
  [06:10:44] [  http] "GET /api/status HTTP/1.1" 200 -
  [06:10:45] [  http] "GET /api/drift HTTP/1.1" 200 -
  [06:10:46] [  http] "GET /api/status HTTP/1.1" 200 -
  [06:10:46] [  http] "GET /api/drift HTTP/1.1" 200 -
  [06:10:46] [  http] "GET /api/status HTTP/1.1" 200 -
  [06:10:46] [  http] "GET /api/status HTTP/1.1" 200 -
  [06:10:47] [  http] "GET /api/status HTTP/1.1" 200 -
  [06:10:47] [  http] "GET /api/status HTTP/1.1" 200 -
  [06:10:47] [  http] "GET /api/drift HTTP/1.1" 200 -
  [06:10:47] [  http] "GET /api/aegis/stats?hours=24 HTTP/1.1" 200 -
  [06:10:47] [  http] "GET /api/aegis/stats?hours=24 HTTP/1.1" 200 -
  [06:10:47] [  http] "GET /api/aegis/recent-events?limit=15 HTTP/1.1" 200 -
  [06:10:47] [  http] "GET /api/aegis/healing-log?limit=15 HTTP/1.1" 200 -
  [06:10:47] [  http] "GET /api/aegis/healing-log?limit=15 HTTP/1.1" 200 -
  [06:10:47] [  http] "GET /api/aegis/recent-events?limit=15 HTTP/1.1" 200 -
  [06:10:48] [  http] "GET /api/aegis/stats?hours=24 HTTP/1.1" 200 -
  [06:10:48] [  http] "GET /api/aegis/healing-log?limit=15 HTTP/1.1" 200 -
  [06:10:48] [  http] "GET /api/aegis/recent-events?limit=15 HTTP/1.1" 200 -
  [06:10:48] [  http] "GET /api/drift HTTP/1.1" 200 -
  [06:10:49] [  http] "GET /api/status HTTP/1.1" 200 -
  [06:10:49] [  http] "GET /api/status HTTP/1.1" 200 -
  [06:10:49] [  http] "GET /api/status HTTP/1.1" 200 -
  [06:10:49] [  http] "GET /api/status HTTP/1.1" 200 -
  [06:10:49] [  http] "GET /api/drift HTTP/1.1" 200 -
  [06:10:49] [  http] "GET /api/governor HTTP/1.1" 200 -
  [06:10:49] [  http] "GET /api/status HTTP/1.1" 200 -
  [06:10:50] [  http] "GET /api/drift HTTP/1.1" 200 -
  [06:10:51] [  http] "GET /api/status HTTP/1.1" 200 -
  [06:10:51] [  http] "GET /api/governor HTTP/1.1" 200 -
  [06:10:51] [  http] "GET /api/status HTTP/1.1" 200 -
  [06:10:51] [  http] "GET /api/status HTTP/1.1" 200 -
  [06:10:51] [  http] "GET /api/drift HTTP/1.1" 200 -
  [06:10:52] [  http] "GET /api/status HTTP/1.1" 200 -
  [06:10:52] [  http] "GET /api/aegis/stats?hours=24 HTTP/1.1" 200 -
  [06:10:52] [  http] "GET /api/aegis/stats?hours=24 HTTP/1.1" 200 -
  [06:10:52] [  http] "GET /api/drift HTTP/1.1" 200 -
  [06:10:52] [  http] "GET /api/governor HTTP/1.1" 200 -
  [06:10:52] [  http] "GET /api/status HTTP/1.1" 200 -
  [06:10:53] [  http] "GET /api/status HTTP/1.1" 200 -
  [06:10:53] [  http] "GET /api/aegis/stats?hours=24 HTTP/1.1" 200 -
  [06:10:53] [  http] "GET /api/drift HTTP/1.1" 200 -
  [06:10:53] [  http] "GET /api/status HTTP/1.1" 200 -
  [06:10:54] [  http] "GET /api/status HTTP/1.1" 200 -
  [06:10:54] [  http] "GET /api/drift HTTP/1.1" 200 -
  [06:10:55] [  http] "GET /api/status HTTP/1.1" 200 -
  [06:10:55] [  http] "GET /api/drift HTTP/1.1" 200 -
  [06:10:55] [  http] "GET /api/status HTTP/1.1" 200 -
  [06:10:55] [  http] "GET /api/status HTTP/1.1" 200 -
  [06:10:55] [  http] "GET /api/status HTTP/1.1" 200 -
  [06:10:56] [  http] "GET /api/drift HTTP/1.1" 200 -
  [06:10:56] [  http] "GET /api/status HTTP/1.1" 200 -
  [06:10:57] [  http] "GET /api/aegis/stats?hours=24 HTTP/1.1" 200 -
  [06:10:57] [  http] "GET /api/aegis/stats?hours=24 HTTP/1.1" 200 -
  [06:10:57] [  http] "GET /api/aegis/healing-log?limit=15 HTTP/1.1" 200 -
  [06:10:57] [  http] "GET /api/aegis/recent-events?limit=15 HTTP/1.1" 200 -
  [06:10:57] [  http] "GET /api/status HTTP/1.1" 200 -
  [06:10:57] [  http] "GET /api/aegis/healing-log?limit=15 HTTP/1.1" 200 -
  [06:10:57] [  http] "GET /api/aegis/recent-events?limit=15 HTTP/1.1" 200 -
  [06:10:57] [  http] "GET /api/drift HTTP/1.1" 200 -
  [06:10:58] [  http] "GET /api/status HTTP/1.1" 200 -
  [06:10:58] [  http] "GET /api/aegis/stats?hours=24 HTTP/1.1" 200 -
  [06:10:58] [  http] "GET /api/status HTTP/1.1" 200 -
  [06:10:58] [  http] "GET /api/aegis/healing-log?limit=15 HTTP/1.1" 200 -
  [06:10:58] [  http] "GET /api/aegis/recent-events?limit=15 HTTP/1.1" 200 -
  [06:10:58] [  http] "GET /api/status HTTP/1.1" 200 -
  [06:10:58] [  http] "GET /api/status HTTP/1.1" 200 -
  [06:10:58] [  http] "GET /api/drift HTTP/1.1" 200 -
  [06:10:59] [  http] "GET /api/drift HTTP/1.1" 200 -
  [06:10:59] [  http] "GET /api/status HTTP/1.1" 200 -
  [06:10:59] [  http] "GET /api/governor HTTP/1.1" 200 -
  [06:11:00] [  http] "GET /api/status HTTP/1.1" 200 -
  [06:11:00] [  http] "GET /api/status HTTP/1.1" 200 -
  [06:11:00] [  http] "GET /api/drift HTTP/1.1" 200 -
  [06:11:01] [  http] "GET /api/governor HTTP/1.1" 200 -
  [06:11:01] [  http] "GET /api/status HTTP/1.1" 200 -
  [06:11:01] [  http] "GET /api/drift HTTP/1.1" 200 -
  [06:11:01] [  http] "GET /api/status HTTP/1.1" 200 -
  [06:11:01] [  http] "GET /api/status HTTP/1.1" 200 -
  [06:11:02] [  http] "GET /api/drift HTTP/1.1" 200 -
  [06:11:02] [  http] "GET /api/aegis/stats?hours=24 HTTP/1.1" 200 -
  [06:11:02] [  http] "GET /api/status HTTP/1.1" 200 -
  [06:11:02] [  http] "GET /api/governor HTTP/1.1" 200 -
  [06:11:02] [  http] "GET /api/aegis/stats?hours=24 HTTP/1.1" 200 -
  [06:11:03] [  http] "GET /api/status HTTP/1.1" 200 -
  [06:11:03] [  http] "GET /api/aegis/stats?hours=24 HTTP/1.1" 200 -
  [06:11:03] [  http] "GET /api/drift HTTP/1.1" 200 -
  [06:11:03] [  http] "GET /api/status HTTP/1.1" 200 -
  [06:11:04] [  http] "GET /api/status HTTP/1.1" 200 -
  [06:11:04] [heartbeat] up 1m30s · model=loading · idle · pending=0
  [06:11:04] [  http] "GET /api/drift HTTP/1.1" 200 -
  [06:11:04] [  http] "GET /api/status HTTP/1.1" 200 -
  [06:11:04] [  http] "GET /api/status HTTP/1.1" 200 -
  [06:11:05] [  http] "GET /api/drift HTTP/1.1" 200 -
  [06:11:05] [  http] "GET /api/status HTTP/1.1" 200 -
  [06:11:05] [  http] "GET /api/status HTTP/1.1" 200 -
  [06:11:06] [  http] "GET /api/drift HTTP/1.1" 200 -
  [06:11:07] [  http] "GET /api/status HTTP/1.1" 200 -
  [06:11:07] [  http] "GET /api/status HTTP/1.1" 200 -
  [06:11:07] [  http] "GET /api/status HTTP/1.1" 200 -
  [06:11:07] [  http] "GET /api/aegis/stats?hours=24 HTTP/1.1" 200 -
  [06:11:07] [  http] "GET /api/aegis/stats?hours=24 HTTP/1.1" 200 -
  [06:11:07] [  http] "GET /api/aegis/healing-log?limit=15 HTTP/1.1" 200 -
  [06:11:07] [  http] "GET /api/aegis/recent-events?limit=15 HTTP/1.1" 200 -
  [06:11:07] [  http] "GET /api/drift HTTP/1.1" 200 -
  [06:11:07] [  http] "GET /api/status HTTP/1.1" 200 -
  [06:11:07] [  http] "GET /api/status HTTP/1.1" 200 -
  [06:11:07] [  http] "GET /api/aegis/healing-log?limit=15 HTTP/1.1" 200 -
  [06:11:07] [  http] "GET /api/aegis/recent-events?limit=15 HTTP/1.1" 200 -
  [06:11:08] [  http] "GET /api/aegis/stats?hours=24 HTTP/1.1" 200 -
  [06:11:08] [  http] "GET /api/drift HTTP/1.1" 200 -
  [06:11:08] [  http] "GET /api/aegis/healing-log?limit=15 HTTP/1.1" 200 -
  [06:11:08] [  http] "GET /api/aegis/recent-events?limit=15 HTTP/1.1" 200 -
  [06:11:09] [  http] "GET /api/status HTTP/1.1" 200 -
  [06:11:09] [  http] "GET /api/status HTTP/1.1" 200 -
  [06:11:09] [  http] "GET /api/drift HTTP/1.1" 200 -
  [06:11:09] [  http] "GET /api/governor HTTP/1.1" 200 -
  [06:11:10] [  http] "GET /api/status HTTP/1.1" 200 -
  [06:11:10] [  http] "GET /api/status HTTP/1.1" 200 -
  [06:11:10] [  http] "GET /api/drift HTTP/1.1" 200 -
  [06:11:10] [  http] "GET /api/status HTTP/1.1" 200 -
  [06:11:10] [  http] "GET /api/drift HTTP/1.1" 200 -
  [06:11:11] [  http] "GET /api/governor HTTP/1.1" 200 -
  [06:11:11] [  http] "GET /api/status HTTP/1.1" 200 -
  [06:11:11] [  http] "GET /api/status HTTP/1.1" 200 -
  [06:11:12] [  http] "GET /api/status HTTP/1.1" 200 -
  [06:11:12] [  http] "GET /api/aegis/stats?hours=24 HTTP/1.1" 200 -
  [06:11:12] [  http] "GET /api/aegis/stats?hours=24 HTTP/1.1" 200 -
  [06:11:12] [  http] "GET /api/governor HTTP/1.1" 200 -
  [06:11:12] [  http] "GET /api/drift HTTP/1.1" 200 -
  [06:11:13] [  http] "GET /api/status HTTP/1.1" 200 -
  [06:11:13] [  http] "GET /api/aegis/stats?hours=24 HTTP/1.1" 200 -
  [06:11:13] [  http] "GET /api/status HTTP/1.1" 200 -
  [06:11:13] [  http] "GET /api/drift HTTP/1.1" 200 -
  [06:11:14] [  http] "GET /api/status HTTP/1.1" 200 -
  [06:11:14] [  http] "GET /api/status HTTP/1.1" 200 -
  [06:11:14] [  http] "GET /api/drift HTTP/1.1" 200 -
  [06:11:14] [  http] "GET /api/status HTTP/1.1" 200 -
  [06:11:15] [  http] "GET /api/drift HTTP/1.1" 200 -
  [06:11:16] [  http] "GET /api/status HTTP/1.1" 200 -
  [06:11:16] [  http] "GET /api/status HTTP/1.1" 200 -
  [06:11:16] [  http] "GET /api/status HTTP/1.1" 200 -
  [06:11:16] [  http] "GET /api/drift HTTP/1.1" 200 -
  [06:11:16] [  http] "GET /api/status HTTP/1.1" 200 -
  [06:11:16] [  http] "GET /api/status HTTP/1.1" 200 -
  [06:11:16] [  http] "GET /api/drift HTTP/1.1" 200 -
  [06:11:17] [  http] "GET /api/aegis/recent-events?limit=15 HTTP/1.1" 200 -
  [06:11:17] [  http] "GET /api/aegis/stats?hours=24 HTTP/1.1" 200 -
  [06:11:17] [  http] "GET /api/aegis/healing-log?limit=15 HTTP/1.1" 200 -
  [06:11:17] [  http] "GET /api/aegis/stats?hours=24 HTTP/1.1" 200 -
  [06:11:17] [  http] "GET /api/aegis/healing-log?limit=15 HTTP/1.1" 200 -
  [06:11:18] [  http] "GET /api/aegis/recent-events?limit=15 HTTP/1.1" 200 -
  [06:11:18] [  http] "GET /api/aegis/stats?hours=24 HTTP/1.1" 200 -
  [06:11:18] [  http] "GET /api/aegis/healing-log?limit=15 HTTP/1.1" 200 -
  [06:11:18] [  http] "GET /api/aegis/recent-events?limit=15 HTTP/1.1" 200 -
  [06:11:18] [  http] "GET /api/status HTTP/1.1" 200 -
  [06:11:18] [  http] "GET /api/status HTTP/1.1" 200 -
  [06:11:18] [  http] "GET /api/drift HTTP/1.1" 200 -
  [06:11:19] [  http] "GET /api/status HTTP/1.1" 200 -
  [06:11:19] [  http] "GET /api/status HTTP/1.1" 200 -
  [06:11:19] [  http] "GET /api/drift HTTP/1.1" 200 -
  [06:11:19] [  http] "GET /api/status HTTP/1.1" 200 -
  [06:11:19] [  http] "GET /api/governor HTTP/1.1" 200 -
  [06:11:20] [  http] "GET /api/drift HTTP/1.1" 200 -
  [06:11:20] [  http] "GET /api/status HTTP/1.1" 200 -
  [06:11:20] [  http] "GET /api/status HTTP/1.1" 200 -
  [06:11:21] [  http] "GET /api/status HTTP/1.1" 200 -
  [06:11:21] [  http] "GET /api/governor HTTP/1.1" 200 -
  [06:11:21] [  http] "GET /api/drift HTTP/1.1" 200 -
[OV] Loaded in 104.9s on AUTO
  [06:11:22] [  http] "GET /api/status HTTP/1.1" 200 -
  Orchestrator ready (openvino): ['newton', 'davinci', 'empathy', 'philosophy', 'quantum', 'consciousness', 'multi_perspective', 'systems_architecture', 'constraint_tracker', 'orchestrator', 'newton-star', 'newton-star-hard', 'newton-star-r']
  [DEBUG] _use_phase6 = True
  [DEBUG] Importing CodetteForgeBridge...
  [06:11:22] [  http] "GET /api/aegis/stats?hours=24 HTTP/1.1" 200 -
  [WORKER] Processing query: What is the correct answer to this question: Two quantum sta...
  [06:11:22] [  http] "GET /api/drift HTTP/1.1" 200 -
  [06:11:22] [  http] "GET /api/governor HTTP/1.1" 200 -
  [06:11:22] [  http] "GET /api/status HTTP/1.1" 200 -
  [06:11:22] [  http] "GET /api/status HTTP/1.1" 200 -
  [06:11:22] [  http] "GET /api/session HTTP/1.1" 200 -
  [06:11:22] [  http] "GET /api/aegis/stats?hours=24 HTTP/1.1" 200 -
  [06:11:23] [  http] "GET /api/drift HTTP/1.1" 200 -
  [06:11:23] [  http] "GET /api/status HTTP/1.1" 200 -
  [06:11:23] [  http] "GET /api/session HTTP/1.1" 200 -
  [06:11:23] [  http] "GET /api/aegis/stats?hours=24 HTTP/1.1" 200 -
  [06:11:23] [  http] "GET /api/status HTTP/1.1" 200 -
  [06:11:23] [  http] "GET /api/session HTTP/1.1" 200 -
  [DEBUG] Creating bridge instance...
[SUBSTRATE] Substrate-aware cognition initialized
[PHASE6] Initializing ForgeEngine...
  [06:11:23] [  http] "GET /api/session HTTP/1.1" 200 -
INFO:reasoning_forge.behavior_governor:[GOVERNOR] Pre: identity=none (conf=0.00), memory=4 cocoons, tokens=600, compression=expanded
  [GOVERNOR] identity=none (conf=0.00), memory=4 cocoons, tokens=600, compression=expanded
  [06:11:23] [  http] "GET /api/sessions HTTP/1.1" 200 -
  [06:11:23] [  http] "GET /api/sessions HTTP/1.1" 200 -
  [WORKER] Using direct orchestrator

  [OV] Route: newton + quantum (conf=0.71, keyword)
  [06:11:24] [  http] "GET /api/sessions HTTP/1.1" 200 -
  [06:11:24] [  http] "GET /api/sessions HTTP/1.1" 200 -
  [06:11:24] [  http] "GET /api/drift HTTP/1.1" 200 -
  [06:11:25] [  http] "GET /api/status HTTP/1.1" 200 -
  [06:11:25] [  http] "GET /api/session HTTP/1.1" 200 -
  [06:11:25] [  http] "GET /api/sessions HTTP/1.1" 200 -
  [06:11:25] [  http] "GET /api/drift HTTP/1.1" 200 -
  [06:11:25] [  http] "GET /api/drift HTTP/1.1" 200 -
  [06:11:27] [  http] "GET /api/aegis/stats?hours=24 HTTP/1.1" 200 -
  [06:11:27] [  http] "GET /api/aegis/healing-log?limit=15 HTTP/1.1" 200 -
  [06:11:27] [  http] "GET /api/aegis/recent-events?limit=15 HTTP/1.1" 200 -
  [06:11:27] [  http] "GET /api/aegis/stats?hours=24 HTTP/1.1" 200 -
  [06:11:27] [  http] "GET /api/aegis/healing-log?limit=15 HTTP/1.1" 200 -
  [06:11:27] [  http] "GET /api/aegis/recent-events?limit=15 HTTP/1.1" 200 -
  [06:11:27] [  http] "GET /api/drift HTTP/1.1" 200 -
  [06:11:28] [  http] "GET /api/aegis/stats?hours=24 HTTP/1.1" 200 -
  [06:11:28] [  http] "GET /api/aegis/healing-log?limit=15 HTTP/1.1" 200 -
  [06:11:28] [  http] "GET /api/aegis/recent-events?limit=15 HTTP/1.1" 200 -
  [06:11:28] [  http] "GET /api/drift HTTP/1.1" 200 -
  [06:11:29] [  http] "GET /api/drift HTTP/1.1" 200 -
  [06:11:29] [  http] "GET /api/governor HTTP/1.1" 200 -
  [06:11:30] [  http] "GET /api/drift HTTP/1.1" 200 -
  [06:11:31] [  http] "GET /api/governor HTTP/1.1" 200 -
  [06:11:31] [  http] "GET /api/drift HTTP/1.1" 200 -
  [06:11:31] [  http] "GET /api/drift HTTP/1.1" 200 -
  [06:11:32] [  http] "GET /api/aegis/stats?hours=24 HTTP/1.1" 200 -
  [06:11:32] [  http] "GET /api/governor HTTP/1.1" 200 -
  [06:11:32] [  http] "GET /api/aegis/stats?hours=24 HTTP/1.1" 200 -
  [06:11:33] [  http] "GET /api/aegis/stats?hours=24 HTTP/1.1" 200 -
  [06:11:33] [  http] "GET /api/drift HTTP/1.1" 200 -
  [06:11:34] [  http] "GET /api/drift HTTP/1.1" 200 -
  [06:11:34] [heartbeat] up 2m00s · model=ready · inferring · pending=0
  [06:11:35] [  http] "GET /api/drift HTTP/1.1" 200 -
  [06:11:35] [  http] "GET /api/drift HTTP/1.1" 200 -
  [06:11:35] [  http] "GET /api/governor HTTP/1.1" 200 -
  [06:11:35] [  http] "GET /api/aegis/stats?hours=24 HTTP/1.1" 200 -
  [06:11:35] [  http] "GET /api/aegis/healing-log?limit=15 HTTP/1.1" 200 -
  [06:11:35] [  http] "GET /api/aegis/recent-events?limit=15 HTTP/1.1" 200 -
  [06:11:35] [  http] "GET /api/drift HTTP/1.1" 200 -
  [06:11:35] [  http] "GET /api/aegis/stats?hours=24 HTTP/1.1" 200 -
  [06:11:35] [  http] "GET /api/governor HTTP/1.1" 200 -
  [06:11:35] [  http] "GET /api/aegis/healing-log?limit=15 HTTP/1.1" 200 -
  [06:11:35] [  http] "GET /api/aegis/recent-events?limit=15 HTTP/1.1" 200 -
  [06:11:36] [  http] "GET /api/drift HTTP/1.1" 200 -
  [06:11:37] [  http] "GET /api/aegis/stats?hours=24 HTTP/1.1" 200 -
  [06:11:37] [  http] "GET /api/aegis/healing-log?limit=15 HTTP/1.1" 200 -
  [06:11:37] [  http] "GET /api/aegis/recent-events?limit=15 HTTP/1.1" 200 -
  [06:11:37] [  http] "GET /api/drift HTTP/1.1" 200 -
  [06:11:37] [  http] "GET /api/aegis/recent-events?limit=15 HTTP/1.1" 200 -
  [06:11:37] [  http] "GET /api/aegis/healing-log?limit=15 HTTP/1.1" 200 -
  [06:11:37] [  http] "GET /api/aegis/stats?hours=24 HTTP/1.1" 200 -
  [06:11:38] [  http] "GET /api/drift HTTP/1.1" 200 -
  [06:11:38] [  http] "GET /api/status HTTP/1.1" 200 -
  [06:11:38] [  http] "GET /api/aegis/recent-events?limit=15 HTTP/1.1" 200 -
  [06:11:38] [  http] "GET /api/aegis/healing-log?limit=15 HTTP/1.1" 200 -
  [06:11:38] [  http] "GET /api/aegis/stats?hours=24 HTTP/1.1" 200 -
  [06:11:38] [  http] "GET /api/status HTTP/1.1" 200 -
  [06:11:38] [  http] "GET /api/session HTTP/1.1" 200 -
  [06:11:38] [  http] "GET /api/sessions HTTP/1.1" 200 -
  [06:11:38] [  http] "GET /api/status HTTP/1.1" 200 -
  [06:11:38] [  http] "GET /api/status HTTP/1.1" 200 -
  [06:11:38] [  http] "GET /api/session HTTP/1.1" 200 -
  [06:11:38] [  http] "GET /api/sessions HTTP/1.1" 200 -
  [06:11:38] [  http] "GET /api/session HTTP/1.1" 200 -
  [06:11:38] [  http] "GET /api/session HTTP/1.1" 200 -
  [06:11:38] [  http] "GET /api/sessions HTTP/1.1" 200 -
  [06:11:39] [  http] "GET /api/sessions HTTP/1.1" 200 -
  [06:11:39] [  http] "GET /api/drift HTTP/1.1" 200 -
  [06:11:40] [  http] "GET /api/governor HTTP/1.1" 200 -
  [06:11:40] [  http] "GET /api/drift HTTP/1.1" 200 -
  [06:11:40] [  http] "GET /api/drift HTTP/1.1" 200 -
  [06:11:41] [  http] "GET /api/status HTTP/1.1" 200 -
  [06:11:41] [  http] "GET /api/governor HTTP/1.1" 200 -
  [06:11:41] [  http] "GET /api/session HTTP/1.1" 200 -
  [06:11:41] [  http] "GET /api/sessions HTTP/1.1" 200 -
  [06:11:42] [  http] "GET /api/aegis/stats?hours=24 HTTP/1.1" 200 -
  [06:11:42] [  http] "GET /api/aegis/stats?hours=24 HTTP/1.1" 200 -
  [06:11:42] [  http] "GET /api/governor HTTP/1.1" 200 -
  [06:11:42] [  http] "GET /api/drift HTTP/1.1" 200 -
  [06:11:43] [  http] "GET /api/aegis/stats?hours=24 HTTP/1.1" 200 -
  [06:11:43] [  http] "GET /api/drift HTTP/1.1" 200 -
  [06:11:43] [  http] "GET /api/drift HTTP/1.1" 200 -
  [06:11:45] [  http] "GET /api/drift HTTP/1.1" 200 -
  [06:11:46] [  http] "GET /api/drift HTTP/1.1" 200 -
  [06:11:46] [  http] "GET /api/drift HTTP/1.1" 200 -
  [06:11:47] [  http] "GET /api/aegis/stats?hours=24 HTTP/1.1" 200 -
  [06:11:47] [  http] "GET /api/aegis/healing-log?limit=15 HTTP/1.1" 200 -
  [06:11:47] [  http] "GET /api/aegis/recent-events?limit=15 HTTP/1.1" 200 -
  [06:11:47] [  http] "GET /api/aegis/stats?hours=24 HTTP/1.1" 200 -
  [06:11:47] [  http] "GET /api/aegis/healing-log?limit=15 HTTP/1.1" 200 -
  [06:11:47] [  http] "GET /api/aegis/recent-events?limit=15 HTTP/1.1" 200 -
  [06:11:48] [  http] "GET /api/aegis/stats?hours=24 HTTP/1.1" 200 -
  [06:11:48] [  http] "GET /api/aegis/healing-log?limit=15 HTTP/1.1" 200 -
  [06:11:48] [  http] "GET /api/aegis/recent-events?limit=15 HTTP/1.1" 200 -
  [06:11:48] [  http] "GET /api/drift HTTP/1.1" 200 -
  [06:11:49] [  http] "GET /api/drift HTTP/1.1" 200 -
  [06:11:50] [  http] "GET /api/governor HTTP/1.1" 200 -
  [06:11:50] [  http] "GET /api/drift HTTP/1.1" 200 -
  [06:11:51] [  http] "GET /api/governor HTTP/1.1" 200 -
  [06:11:51] [  http] "GET /api/drift HTTP/1.1" 200 -
  [06:11:52] [  http] "GET /api/aegis/stats?hours=24 HTTP/1.1" 200 -
  [06:11:52] [  http] "GET /api/aegis/stats?hours=24 HTTP/1.1" 200 -
  [06:11:52] [  http] "GET /api/drift HTTP/1.1" 200 -
  [06:11:52] [  http] "GET /api/governor HTTP/1.1" 200 -
  [OV:newton] ~280 tok, 9.7 tok/s
  [06:11:53] [  http] "GET /api/aegis/stats?hours=24 HTTP/1.1" 200 -
  [06:11:53] [  http] "GET /api/drift HTTP/1.1" 200 -
  [06:11:53] [  http] "GET /api/status HTTP/1.1" 200 -
  [06:11:53] [  http] "GET /api/session HTTP/1.1" 200 -
  [06:11:53] [  http] "GET /api/status HTTP/1.1" 200 -
  [06:11:53] [  http] "GET /api/sessions HTTP/1.1" 200 -
  [06:11:53] [  http] "GET /api/session HTTP/1.1" 200 -
  [06:11:54] [  http] "GET /api/status HTTP/1.1" 200 -
  [06:11:54] [  http] "GET /api/sessions HTTP/1.1" 200 -
  [06:11:54] [  http] "GET /api/session HTTP/1.1" 200 -
  [06:11:54] [  http] "GET /api/sessions HTTP/1.1" 200 -
  [06:11:54] [  http] "GET /api/status HTTP/1.1" 200 -
  [06:11:54] [  http] "GET /api/session HTTP/1.1" 200 -
  [06:11:54] [  http] "GET /api/drift HTTP/1.1" 200 -
  [06:11:54] [  http] "GET /api/sessions HTTP/1.1" 200 -
  [06:11:55] [  http] "GET /api/drift HTTP/1.1" 200 -
  [06:11:56] [  http] "GET /api/drift HTTP/1.1" 200 -
  [06:11:57] [  http] "GET /api/status HTTP/1.1" 200 -
  [06:11:57] [  http] "GET /api/aegis/stats?hours=24 HTTP/1.1" 200 -
  [06:11:57] [  http] "GET /api/aegis/stats?hours=24 HTTP/1.1" 200 -
  [06:11:57] [  http] "GET /api/aegis/healing-log?limit=15 HTTP/1.1" 200 -
  [06:11:57] [  http] "GET /api/aegis/recent-events?limit=15 HTTP/1.1" 200 -
  [06:11:57] [  http] "GET /api/session HTTP/1.1" 200 -
  [06:11:57] [  http] "GET /api/sessions HTTP/1.1" 200 -
  [06:11:57] [  http] "GET /api/aegis/healing-log?limit=15 HTTP/1.1" 200 -
  [06:11:57] [  http] "GET /api/aegis/recent-events?limit=15 HTTP/1.1" 200 -
  [06:11:57] [  http] "GET /api/drift HTTP/1.1" 200 -
  [06:11:58] [  http] "GET /api/aegis/stats?hours=24 HTTP/1.1" 200 -
  [06:11:58] [  http] "GET /api/aegis/healing-log?limit=15 HTTP/1.1" 200 -
  [06:11:58] [  http] "GET /api/aegis/recent-events?limit=15 HTTP/1.1" 200 -
  [06:11:58] [  http] "GET /api/drift HTTP/1.1" 200 -
  [06:11:59] [  http] "GET /api/drift HTTP/1.1" 200 -
  [06:11:59] [  http] "GET /api/governor HTTP/1.1" 200 -
  [06:12:00] [  http] "GET /api/drift HTTP/1.1" 200 -
  [06:12:01] [  http] "GET /api/governor HTTP/1.1" 200 -
  [06:12:01] [  http] "GET /api/drift HTTP/1.1" 200 -
  [06:12:01] [  http] "GET /api/drift HTTP/1.1" 200 -
  [06:12:02] [  http] "GET /api/aegis/stats?hours=24 HTTP/1.1" 200 -
  [06:12:02] [  http] "GET /api/governor HTTP/1.1" 200 -
  [06:12:02] [  http] "GET /api/aegis/stats?hours=24 HTTP/1.1" 200 -
  [06:12:03] [  http] "GET /api/aegis/stats?hours=24 HTTP/1.1" 200 -
  [06:12:03] [  http] "GET /api/drift HTTP/1.1" 200 -
  [06:12:04] [  http] "GET /api/drift HTTP/1.1" 200 -
  [06:12:04] [heartbeat] up 2m30s · model=ready · inferring · pending=0
  [06:12:05] [  http] "GET /api/drift HTTP/1.1" 200 -
  [06:12:06] [  http] "GET /api/drift HTTP/1.1" 200 -
  [06:12:07] [  http] "GET /api/aegis/stats?hours=24 HTTP/1.1" 200 -
  [06:12:07] [  http] "GET /api/aegis/healing-log?limit=15 HTTP/1.1" 200 -
  [06:12:07] [  http] "GET /api/aegis/recent-events?limit=15 HTTP/1.1" 200 -
  [06:12:07] [  http] "GET /api/drift HTTP/1.1" 200 -
  [06:12:07] [  http] "GET /api/aegis/stats?hours=24 HTTP/1.1" 200 -
  [06:12:07] [  http] "GET /api/aegis/healing-log?limit=15 HTTP/1.1" 200 -
  [06:12:07] [  http] "GET /api/aegis/recent-events?limit=15 HTTP/1.1" 200 -
  [06:12:08] [  http] "GET /api/drift HTTP/1.1" 200 -
  [06:12:08] [  http] "GET /api/aegis/stats?hours=24 HTTP/1.1" 200 -
  [06:12:08] [  http] "GET /api/aegis/healing-log?limit=15 HTTP/1.1" 200 -
  [06:12:08] [  http] "GET /api/aegis/recent-events?limit=15 HTTP/1.1" 200 -
  [06:12:08] [  http] "GET /api/status HTTP/1.1" 200 -
  [06:12:09] [  http] "GET /api/session HTTP/1.1" 200 -
  [06:12:09] [  http] "GET /api/status HTTP/1.1" 200 -
  [06:12:09] [  http] "GET /api/sessions HTTP/1.1" 200 -
  [06:12:09] [  http] "GET /api/status HTTP/1.1" 200 -
  [06:12:09] [  http] "GET /api/session HTTP/1.1" 200 -
  [06:12:09] [  http] "GET /api/session HTTP/1.1" 200 -
  [06:12:09] [  http] "GET /api/sessions HTTP/1.1" 200 -
  [06:12:09] [  http] "GET /api/sessions HTTP/1.1" 200 -
  [06:12:09] [  http] "GET /api/drift HTTP/1.1" 200 -
  [06:12:10] [  http] "GET /api/governor HTTP/1.1" 200 -
  [06:12:10] [  http] "GET /api/status HTTP/1.1" 200 -
  [06:12:10] [  http] "GET /api/session HTTP/1.1" 200 -
  [06:12:10] [  http] "GET /api/sessions HTTP/1.1" 200 -
  [06:12:10] [  http] "GET /api/drift HTTP/1.1" 200 -
  [06:12:10] [  http] "GET /api/drift HTTP/1.1" 200 -
  [06:12:11] [  http] "GET /api/governor HTTP/1.1" 200 -
INFO:reasoning_forge.memory_kernel:  ✓ Loaded 2075 cocoon memories from J:\codette-clean\reasoning_forge\..\cocoons
INFO:reasoning_forge.forge_engine:  ✓ Migrated 2075 cocoons to v2 kernel
INFO:reasoning_forge.forge_engine:  ✓ Memory kernel initialized (emotional continuity engine active)
INFO:reasoning_forge.forge_engine:  ✓ Cocoon stability field initialized (collapse detection active)
INFO:reasoning_forge.forge_engine:  ✓ Code7eCQURE reasoning engine initialized
INFO:reasoning_forge.forge_engine:  ✓ ColleenConscience ethical validator initialized
INFO:reasoning_forge.forge_engine:  ✓ CoreGuardianSpindle logical validator initialized
INFO:reasoning_forge.forge_engine:  ✓ NexisSignalEngine signal analysis initialized
INFO:Tier2Integration:Tier 2 Integration Bridge initialized
INFO:reasoning_forge.forge_engine:  ✓ Tier 2 Integration Bridge initialized (intent + identity + memory)
INFO:reasoning_forge.forge_engine:  ✓ CognitionCocooner initialized (thought encapsulation active)
INFO:reasoning_forge.forge_engine:  ✓ EthicalAIGovernance initialized (ethical screening active)
INFO:reasoning_forge.forge_engine:  ✓ AEGIS ethical governance initialized (6-framework evaluation)
INFO:reasoning_forge.forge_engine:  ✓ RoutingMetrics initialized (adapter selection tracking)
INFO:reasoning_forge.forge_engine:  ✓ CocoonIntrospectionEngine initialized (self-analysis active)
INFO:reasoning_forge.unified_memory:UnifiedMemory: 2840 cocoons in J:\codette-clean\data\codette_memory.db
  [06:12:12] [  http] "GET /api/aegis/stats?hours=24 HTTP/1.1" 200 -
INFO:reasoning_forge.forge_engine:  ✓ CocoonSynthesizer initialized (meta-cognitive strategy forging active)
INFO:reasoning_forge.forge_engine:  ✓ EventEmbeddedValueEngine initialized (discrete suffering analysis active)
  [06:12:12] [  http] "GET /api/aegis/stats?hours=24 HTTP/1.1" 200 -
INFO:reasoning_forge.forge_engine:  ✓ Self-awareness cocoon loaded (identity + evolution + capabilities)
INFO:reasoning_forge.forge_engine:  ✓ QuantumHarmonicFramework initialized (harmonic damping + Psi_r tracking)
[PHASE6] Memory kernel wired to orchestrator (2075 cocoon memories)
[PHASE6] ForgeEngine ready with 6 agents
[PHASE7] Executive Controller initialized - intelligent routing enabled
  [06:12:12] [  http] "GET /api/governor HTTP/1.1" 200 -
INFO:reasoning_forge.unified_memory:UnifiedMemory: 2840 cocoons in J:\codette-clean\data\codette_memory.db
INFO:inference.cognition_substrate:[substrate] Memory loaded (2840 cocoons)
INFO:inference.cognition_substrate:[substrate] SynthesisEngineV3 loaded
[PHASE8] CognitionSubstrate + RenderLayer initialized
  Phase 6 bridge initialized
  Phase 7 Executive Controller initialized
INFO:aegis_metrics_engine:✓ AEGIS Metrics Engine initialized at J:\codette-clean\aegis_metrics.db
  [06:12:12] [  http] "GET /api/drift HTTP/1.1" 200 -
INFO:aegis_layer4_complete:[Layer4] PQCShield initialized
INFO:aegis_orchestrator:🛡️  [AEGIS Orchestrator] Initialized with all safeguards active
INFO:aegis_forge_integration:✓ AEGIS layers loaded successfully
  AEGIS Protection Layers initialized (metrics db: J:\codette-clean\aegis_metrics.db)
INFO:memory_systems.seed_loader:[SeedLoader] Warm start complete — 7 seeds loaded (domain=none)
  Seed loader: 7 identity/value seeds loaded (warm start)
  [06:12:13] [  http] "GET /api/status HTTP/1.1" 200 -
  [06:12:13] [  http] "GET /api/aegis/stats?hours=24 HTTP/1.1" 200 -
  [06:12:13] [  http] "GET /api/session HTTP/1.1" 200 -
  [06:12:13] [  http] "GET /api/sessions HTTP/1.1" 200 -
  [06:12:13] [  http] "GET /api/drift HTTP/1.1" 200 -
  [06:12:14] [  http] "GET /api/drift HTTP/1.1" 200 -
  [06:12:15] [  http] "GET /api/drift HTTP/1.1" 200 -
  [06:12:16] [  http] "GET /api/drift HTTP/1.1" 200 -
  [06:12:17] [  http] "GET /api/drift HTTP/1.1" 200 -
  [06:12:17] [  http] "GET /api/aegis/stats?hours=24 HTTP/1.1" 200 -
  [06:12:17] [  http] "GET /api/aegis/stats?hours=24 HTTP/1.1" 200 -
  [06:12:17] [  http] "GET /api/aegis/healing-log?limit=15 HTTP/1.1" 200 -
  [06:12:17] [  http] "GET /api/aegis/recent-events?limit=15 HTTP/1.1" 200 -
  [06:12:17] [  http] "GET /api/aegis/healing-log?limit=15 HTTP/1.1" 200 -
  [06:12:17] [  http] "GET /api/aegis/recent-events?limit=15 HTTP/1.1" 200 -
  [06:12:18] [  http] "GET /api/aegis/stats?hours=24 HTTP/1.1" 200 -
  [06:12:18] [  http] "GET /api/aegis/healing-log?limit=15 HTTP/1.1" 200 -
  [06:12:18] [  http] "GET /api/aegis/recent-events?limit=15 HTTP/1.1" 200 -
  [06:12:18] [  http] "GET /api/drift HTTP/1.1" 200 -
  [OV:quantum] ~276 tok, 10.6 tok/s
  [TENSION] xi=0.1198 gamma=0.8930 — primary direct (perspectives agree)
  [MEMORY] [generation] baseline=3110MB peak=3648MB (+538 transient) retained=+354MB in 55.5s (213 samples)
  [WORKER] Got result: response=1662 chars, adapter=newton
  [06:12:19] [  http] "GET /api/drift HTTP/1.1" 200 -
  [06:12:19] [  http] "GET /api/governor HTTP/1.1" 200 -
  [COGNITION] ξ=0.1198 Γ=0.893 η=0.8521 σ=0.0 fidelity=— P=0.267 (all measured)
  [06:12:20] [  http] "GET /api/drift HTTP/1.1" 200 -
  [06:12:20] [  http] "POST /api/chat HTTP/1.1" 200 -
  [06:12:21] [  http] "GET /api/governor HTTP/1.1" 200 -
  [06:12:21] [  http] "GET /api/drift HTTP/1.1" 200 -
  [06:12:22] [  http] "GET /api/aegis/stats?hours=24 HTTP/1.1" 200 -
  [06:12:22] [  http] "GET /api/drift HTTP/1.1" 200 -
  [06:12:22] [  http] "GET /api/aegis/stats?hours=24 HTTP/1.1" 200 -
  [06:12:22] [  http] "GET /api/governor HTTP/1.1" 200 -
  [WORKER] Processing query: What is the correct answer to this question: trans-cinnamald...
INFO:reasoning_forge.behavior_governor:[GOVERNOR] Pre: identity=none (conf=0.15), memory=1 cocoons, tokens=200, compression=compressed
  [GOVERNOR] identity=none (conf=0.15), memory=1 cocoons, tokens=200, compression=compressed
  [WORKER] Using forge bridge (Phase 6/7)
[PHASE6] Query complexity: QueryComplexity.SIMPLE
[PHASE7] Route: 
[PHASE6] Domain: chemistry, max_adapters: 1

  [OV] Route: newton (conf=0.89, keyword)
  [06:12:23] [  http] "GET /api/drift HTTP/1.1" 200 -
  [06:12:23] [  http] "GET /api/aegis/stats?hours=24 HTTP/1.1" 200 -
  [06:12:23] [  http] "GET /api/status HTTP/1.1" 200 -
  [06:12:24] [  http] "GET /api/status HTTP/1.1" 200 -
  [06:12:24] [  http] "GET /api/session HTTP/1.1" 200 -
  [06:12:24] [  http] "GET /api/sessions HTTP/1.1" 200 -
  [06:12:24] [  http] "GET /api/status HTTP/1.1" 200 -
  [06:12:24] [  http] "GET /api/session HTTP/1.1" 200 -
  [06:12:24] [  http] "GET /api/sessions HTTP/1.1" 200 -
  [06:12:24] [  http] "GET /api/session HTTP/1.1" 200 -
  [06:12:24] [  http] "GET /api/drift HTTP/1.1" 200 -
  [06:12:24] [  http] "GET /api/sessions HTTP/1.1" 200 -
  [06:12:25] [  http] "GET /api/drift HTTP/1.1" 200 -
  [06:12:25] [  http] "GET /api/drift HTTP/1.1" 200 -
  [06:12:26] [  http] "GET /api/status HTTP/1.1" 200 -
  [06:12:26] [  http] "GET /api/session HTTP/1.1" 200 -
  [06:12:26] [  http] "GET /api/sessions HTTP/1.1" 200 -
  [06:12:27] [  http] "GET /api/aegis/stats?hours=24 HTTP/1.1" 200 -
  [06:12:27] [  http] "GET /api/aegis/healing-log?limit=15 HTTP/1.1" 200 -
  [06:12:27] [  http] "GET /api/aegis/recent-events?limit=15 HTTP/1.1" 200 -
  [06:12:27] [  http] "GET /api/aegis/healing-log?limit=15 HTTP/1.1" 200 -
  [06:12:27] [  http] "GET /api/aegis/stats?hours=24 HTTP/1.1" 200 -
  [06:12:27] [  http] "GET /api/aegis/recent-events?limit=15 HTTP/1.1" 200 -
  [06:12:27] [  http] "GET /api/drift HTTP/1.1" 200 -
  [06:12:28] [  http] "GET /api/aegis/healing-log?limit=15 HTTP/1.1" 200 -
  [06:12:28] [  http] "GET /api/aegis/stats?hours=24 HTTP/1.1" 200 -
  [06:12:28] [  http] "GET /api/aegis/recent-events?limit=15 HTTP/1.1" 200 -
  [06:12:28] [  http] "GET /api/drift HTTP/1.1" 200 -
  [06:12:29] [  http] "GET /api/status HTTP/1.1" 200 -
  [06:12:29] [  http] "GET /api/drift HTTP/1.1" 200 -
  [06:12:29] [  http] "GET /api/session HTTP/1.1" 200 -
  [06:12:29] [  http] "GET /api/sessions HTTP/1.1" 200 -
  [06:12:29] [  http] "GET /api/governor HTTP/1.1" 200 -
  [06:12:30] [  http] "GET /api/drift HTTP/1.1" 200 -
  [06:12:31] [  http] "GET /api/governor HTTP/1.1" 200 -
  [06:12:31] [  http] "GET /api/drift HTTP/1.1" 200 -
  [06:12:31] [  http] "GET /api/drift HTTP/1.1" 200 -
  [06:12:32] [  http] "GET /api/aegis/stats?hours=24 HTTP/1.1" 200 -
  [06:12:32] [  http] "GET /api/governor HTTP/1.1" 200 -
  [06:12:32] [  http] "GET /api/aegis/stats?hours=24 HTTP/1.1" 200 -
  [06:12:33] [  http] "GET /api/aegis/stats?hours=24 HTTP/1.1" 200 -
  [06:12:33] [  http] "GET /api/drift HTTP/1.1" 200 -
  [06:12:34] [  http] "GET /api/drift HTTP/1.1" 200 -
  [06:12:34] [heartbeat] up 3m00s · model=ready · inferring · pending=0
  [06:12:35] [  http] "GET /api/drift HTTP/1.1" 200 -
  [06:12:35] [  http] "GET /api/drift HTTP/1.1" 200 -
  [06:12:35] [  http] "GET /api/aegis/stats?hours=24 HTTP/1.1" 200 -
  [06:12:35] [  http] "GET /api/aegis/healing-log?limit=15 HTTP/1.1" 200 -
  [06:12:35] [  http] "GET /api/aegis/recent-events?limit=15 HTTP/1.1" 200 -
  [06:12:35] [  http] "GET /api/governor HTTP/1.1" 200 -
  [06:12:35] [  http] "GET /api/drift HTTP/1.1" 200 -
  [06:12:35] [  http] "GET /api/aegis/healing-log?limit=15 HTTP/1.1" 200 -
  [06:12:35] [  http] "GET /api/aegis/stats?hours=24 HTTP/1.1" 200 -
  [06:12:35] [  http] "GET /api/aegis/recent-events?limit=15 HTTP/1.1" 200 -
  [06:12:35] [  http] "GET /api/governor HTTP/1.1" 200 -
  [06:12:36] [  http] "GET /api/drift HTTP/1.1" 200 -
  [06:12:37] [  http] "GET /api/aegis/stats?hours=24 HTTP/1.1" 200 -
  [06:12:37] [  http] "GET /api/aegis/healing-log?limit=15 HTTP/1.1" 200 -
  [06:12:37] [  http] "GET /api/aegis/recent-events?limit=15 HTTP/1.1" 200 -
  [06:12:37] [  http] "GET /api/drift HTTP/1.1" 200 -
  [06:12:37] [  http] "GET /api/aegis/stats?hours=24 HTTP/1.1" 200 -
  [06:12:37] [  http] "GET /api/aegis/healing-log?limit=15 HTTP/1.1" 200 -
  [06:12:38] [  http] "GET /api/aegis/recent-events?limit=15 HTTP/1.1" 200 -
  [06:12:38] [  http] "GET /api/drift HTTP/1.1" 200 -
  [06:12:38] [  http] "GET /api/aegis/stats?hours=24 HTTP/1.1" 200 -
  [06:12:38] [  http] "GET /api/aegis/healing-log?limit=15 HTTP/1.1" 200 -
  [06:12:38] [  http] "GET /api/aegis/recent-events?limit=15 HTTP/1.1" 200 -
  [06:12:39] [  http] "GET /api/status HTTP/1.1" 200 -
  [06:12:39] [  http] "GET /api/status HTTP/1.1" 200 -
  [06:12:39] [  http] "GET /api/session HTTP/1.1" 200 -
  [06:12:39] [  http] "GET /api/status HTTP/1.1" 200 -
  [06:12:39] [  http] "GET /api/sessions HTTP/1.1" 200 -
  [06:12:39] [  http] "GET /api/session HTTP/1.1" 200 -
  [06:12:39] [  http] "GET /api/sessions HTTP/1.1" 200 -
  [06:12:39] [  http] "GET /api/session HTTP/1.1" 200 -
  [06:12:39] [  http] "GET /api/drift HTTP/1.1" 200 -
  [06:12:39] [  http] "GET /api/sessions HTTP/1.1" 200 -
  [06:12:39] [  http] "GET /api/governor HTTP/1.1" 200 -
  [06:12:40] [  http] "GET /api/drift HTTP/1.1" 200 -
  [06:12:40] [  http] "GET /api/drift HTTP/1.1" 200 -
  [06:12:41] [  http] "GET /api/governor HTTP/1.1" 200 -
  [06:12:42] [  http] "GET /api/aegis/stats?hours=24 HTTP/1.1" 200 -
  [06:12:44] [  http] "GET /api/status HTTP/1.1" 200 -
  [06:12:45] [  http] "GET /api/aegis/stats?hours=24 HTTP/1.1" 200 -
  [06:12:45] [  http] "GET /api/governor HTTP/1.1" 200 -
  [06:12:45] [  http] "GET /api/drift HTTP/1.1" 200 -
  [06:12:45] [  http] "GET /api/drift HTTP/1.1" 200 -
  [06:12:45] [  http] "GET /api/aegis/stats?hours=24 HTTP/1.1" 200 -
  [OV:newton] ~212 tok, 8.8 tok/s
  [06:12:47] [  http] "GET /api/session HTTP/1.1" 200 -
[AAP] attractor=Fact eps=0.20 trust=0.700
[RENDER-AUDIT] ok overlap=96.55%
  [06:12:47] [  http] "GET /api/drift HTTP/1.1" 200 -
  [06:12:47] [  http] "GET /api/sessions HTTP/1.1" 200 -
  [06:12:47] [  http] "GET /api/status HTTP/1.1" 200 -
  [06:12:47] [  http] "GET /api/drift HTTP/1.1" 200 -
[PHASE6] Done: 1357 chars, 212 tokens
  [MEMORY] [generation] baseline=3466MB peak=3809MB (+343 transient) retained=+132MB in 24.5s (88 samples)
  [WORKER] Got result: response=1357 chars, adapter=newton
  [GOVERNOR] Response exceeded token budget (339 est vs 200 budget).
  [06:12:47] [  http] "GET /api/drift HTTP/1.1" 200 -
  [06:12:47] [  http] "GET /api/aegis/healing-log?limit=15 HTTP/1.1" 200 -
  [06:12:47] [  http] "GET /api/aegis/stats?hours=24 HTTP/1.1" 200 -
  [COGNITION] ξ=— Γ=— η=0.8886 σ=0.0 fidelity=0.9655 P=0.284 (all measured)
  [06:12:47] [  http] "POST /api/chat HTTP/1.1" 200 -
  [06:12:47] [  http] "GET /api/session HTTP/1.1" 200 -
  [06:12:47] [  http] "GET /api/aegis/recent-events?limit=15 HTTP/1.1" 200 -
  [06:12:47] [  http] "GET /api/sessions HTTP/1.1" 200 -
  [06:12:47] [  http] "GET /api/drift HTTP/1.1" 200 -
  [06:12:47] [  http] "GET /api/aegis/stats?hours=24 HTTP/1.1" 200 -
  [06:12:47] [  http] "GET /api/aegis/healing-log?limit=15 HTTP/1.1" 200 -
  [06:12:47] [  http] "GET /api/aegis/recent-events?limit=15 HTTP/1.1" 200 -
  [06:12:48] [  http] "GET /api/aegis/stats?hours=24 HTTP/1.1" 200 -
  [06:12:48] [  http] "GET /api/aegis/healing-log?limit=15 HTTP/1.1" 200 -
  [06:12:48] [  http] "GET /api/aegis/recent-events?limit=15 HTTP/1.1" 200 -
  [06:12:48] [  http] "GET /api/drift HTTP/1.1" 200 -
  [06:12:49] [  http] "GET /api/drift HTTP/1.1" 200 -
  [WORKER] Processing query: What is the correct answer to this question: A spin-half par...
INFO:reasoning_forge.behavior_governor:[GOVERNOR] Pre: identity=none (conf=0.15), memory=2 cocoons, tokens=400, compression=normal
  [GOVERNOR] identity=none (conf=0.15), memory=2 cocoons, tokens=400, compression=normal
  [WORKER] Using forge bridge (Phase 6/7)
[PHASE6] Query complexity: QueryComplexity.MEDIUM
[PHASE7] Route: debate,semantic_tension,specialization_tracking,memory_weighting,gamma_monitoring,synthesis
[PHASE6] Domain: physics, max_adapters: 2

  [OV] Route: newton + quantum (conf=0.62, keyword)
  [06:12:49] [  http] "GET /api/drift HTTP/1.1" 200 -
  [06:12:50] [  http] "GET /api/governor HTTP/1.1" 200 -
  [06:12:51] [  http] "GET /api/governor HTTP/1.1" 200 -
  [06:12:51] [  http] "GET /api/drift HTTP/1.1" 200 -
  [06:12:52] [  http] "GET /api/aegis/stats?hours=24 HTTP/1.1" 200 -
  [06:12:52] [  http] "GET /api/aegis/stats?hours=24 HTTP/1.1" 200 -
  [06:12:52] [  http] "GET /api/drift HTTP/1.1" 200 -
  [06:12:52] [  http] "GET /api/governor HTTP/1.1" 200 -
  [06:12:53] [  http] "GET /api/aegis/stats?hours=24 HTTP/1.1" 200 -
  [06:12:53] [  http] "GET /api/drift HTTP/1.1" 200 -
  [06:12:54] [  http] "GET /api/status HTTP/1.1" 200 -
  [06:12:54] [  http] "GET /api/session HTTP/1.1" 200 -
  [06:12:54] [  http] "GET /api/sessions HTTP/1.1" 200 -
  [06:12:54] [  http] "GET /api/status HTTP/1.1" 200 -
  [06:12:54] [  http] "GET /api/status HTTP/1.1" 200 -
  [06:12:54] [  http] "GET /api/drift HTTP/1.1" 200 -
  [06:12:54] [  http] "GET /api/session HTTP/1.1" 200 -
  [06:12:55] [  http] "GET /api/session HTTP/1.1" 200 -
  [06:12:55] [  http] "GET /api/sessions HTTP/1.1" 200 -
  [06:12:55] [  http] "GET /api/sessions HTTP/1.1" 200 -
  [06:12:55] [  http] "GET /api/drift HTTP/1.1" 200 -
  [06:12:55] [  http] "GET /api/drift HTTP/1.1" 200 -
  [06:12:57] [  http] "GET /api/aegis/recent-events?limit=15 HTTP/1.1" 200 -
  [06:12:57] [  http] "GET /api/aegis/stats?hours=24 HTTP/1.1" 200 -
  [06:12:57] [  http] "GET /api/aegis/healing-log?limit=15 HTTP/1.1" 200 -
  [06:12:57] [  http] "GET /api/aegis/healing-log?limit=15 HTTP/1.1" 200 -
  [06:12:57] [  http] "GET /api/aegis/stats?hours=24 HTTP/1.1" 200 -
  [06:12:57] [  http] "GET /api/aegis/recent-events?limit=15 HTTP/1.1" 200 -
  [06:12:57] [  http] "GET /api/drift HTTP/1.1" 200 -
  [06:12:58] [  http] "GET /api/aegis/healing-log?limit=15 HTTP/1.1" 200 -
  [06:12:58] [  http] "GET /api/aegis/recent-events?limit=15 HTTP/1.1" 200 -
  [06:12:58] [  http] "GET /api/aegis/stats?hours=24 HTTP/1.1" 200 -
  [06:12:58] [  http] "GET /api/drift HTTP/1.1" 200 -
  [06:12:59] [  http] "GET /api/drift HTTP/1.1" 200 -
  [06:12:59] [  http] "GET /api/governor HTTP/1.1" 200 -
  [06:13:00] [  http] "GET /api/status HTTP/1.1" 200 -
  [06:13:00] [  http] "GET /api/session HTTP/1.1" 200 -
  [06:13:00] [  http] "GET /api/sessions HTTP/1.1" 200 -
  [06:13:00] [  http] "GET /api/drift HTTP/1.1" 200 -
  [06:13:01] [  http] "GET /api/governor HTTP/1.1" 200 -
  [06:13:01] [  http] "GET /api/drift HTTP/1.1" 200 -
  [06:13:01] [  http] "GET /api/drift HTTP/1.1" 200 -
  [06:13:02] [  http] "GET /api/aegis/stats?hours=24 HTTP/1.1" 200 -
  [06:13:02] [  http] "GET /api/governor HTTP/1.1" 200 -
  [06:13:02] [  http] "GET /api/aegis/stats?hours=24 HTTP/1.1" 200 -
  [06:13:03] [  http] "GET /api/status HTTP/1.1" 200 -
  [06:13:03] [  http] "GET /api/aegis/stats?hours=24 HTTP/1.1" 200 -
  [06:13:03] [  http] "GET /api/session HTTP/1.1" 200 -
  [06:13:03] [  http] "GET /api/sessions HTTP/1.1" 200 -
  [06:13:03] [  http] "GET /api/drift HTTP/1.1" 200 -
  [06:13:04] [  http] "GET /api/drift HTTP/1.1" 200 -
  [06:13:04] [heartbeat] up 3m30s · model=ready · inferring · pending=0
  [06:13:05] [  http] "GET /api/drift HTTP/1.1" 200 -
  [06:13:06] [  http] "GET /api/drift HTTP/1.1" 200 -
  [06:13:07] [  http] "GET /api/aegis/healing-log?limit=15 HTTP/1.1" 200 -
  [06:13:07] [  http] "GET /api/aegis/recent-events?limit=15 HTTP/1.1" 200 -
  [06:13:07] [  http] "GET /api/drift HTTP/1.1" 200 -
  [06:13:07] [  http] "GET /api/aegis/stats?hours=24 HTTP/1.1" 200 -
  [06:13:07] [  http] "GET /api/aegis/stats?hours=24 HTTP/1.1" 200 -
  [06:13:07] [  http] "GET /api/aegis/healing-log?limit=15 HTTP/1.1" 200 -
  [06:13:07] [  http] "GET /api/aegis/recent-events?limit=15 HTTP/1.1" 200 -
  [06:13:08] [  http] "GET /api/drift HTTP/1.1" 200 -
  [06:13:08] [  http] "GET /api/aegis/stats?hours=24 HTTP/1.1" 200 -
  [06:13:08] [  http] "GET /api/aegis/healing-log?limit=15 HTTP/1.1" 200 -
  [06:13:08] [  http] "GET /api/aegis/recent-events?limit=15 HTTP/1.1" 200 -
  [06:13:09] [  http] "GET /api/status HTTP/1.1" 200 -
  [06:13:09] [  http] "GET /api/session HTTP/1.1" 200 -
  [06:13:09] [  http] "GET /api/status HTTP/1.1" 200 -
  [06:13:09] [  http] "GET /api/sessions HTTP/1.1" 200 -
  [06:13:09] [  http] "GET /api/drift HTTP/1.1" 200 -
  [06:13:10] [  http] "GET /api/status HTTP/1.1" 200 -
  [06:13:10] [  http] "GET /api/governor HTTP/1.1" 200 -
  [06:13:10] [  http] "GET /api/session HTTP/1.1" 200 -
  [06:13:10] [  http] "GET /api/sessions HTTP/1.1" 200 -
  [06:13:10] [  http] "GET /api/session HTTP/1.1" 200 -
  [06:13:10] [  http] "GET /api/drift HTTP/1.1" 200 -
  [06:13:10] [  http] "GET /api/sessions HTTP/1.1" 200 -
  [06:13:10] [  http] "GET /api/drift HTTP/1.1" 200 -
  [06:13:11] [  http] "GET /api/governor HTTP/1.1" 200 -
  [06:13:12] [  http] "GET /api/aegis/stats?hours=24 HTTP/1.1" 200 -
  [06:13:12] [  http] "GET /api/aegis/stats?hours=24 HTTP/1.1" 200 -
  [06:13:12] [  http] "GET /api/governor HTTP/1.1" 200 -
  [06:13:12] [  http] "GET /api/drift HTTP/1.1" 200 -
  [06:13:13] [  http] "GET /api/aegis/stats?hours=24 HTTP/1.1" 200 -
  [06:13:13] [  http] "GET /api/drift HTTP/1.1" 200 -
  [06:13:14] [  http] "GET /api/drift HTTP/1.1" 200 -
  [06:13:15] [  http] "GET /api/drift HTTP/1.1" 200 -
  [06:13:16] [  http] "GET /api/status HTTP/1.1" 200 -
  [06:13:16] [  http] "GET /api/drift HTTP/1.1" 200 -
  [06:13:16] [  http] "GET /api/session HTTP/1.1" 200 -
  [06:13:16] [  http] "GET /api/sessions HTTP/1.1" 200 -
  [06:13:17] [  http] "GET /api/drift HTTP/1.1" 200 -
  [06:13:17] [  http] "GET /api/aegis/stats?hours=24 HTTP/1.1" 200 -
  [06:13:17] [  http] "GET /api/aegis/stats?hours=24 HTTP/1.1" 200 -
  [06:13:17] [  http] "GET /api/aegis/healing-log?limit=15 HTTP/1.1" 200 -
  [06:13:17] [  http] "GET /api/aegis/recent-events?limit=15 HTTP/1.1" 200 -
  [06:13:17] [  http] "GET /api/aegis/healing-log?limit=15 HTTP/1.1" 200 -
  [06:13:17] [  http] "GET /api/aegis/recent-events?limit=15 HTTP/1.1" 200 -
  [06:13:18] [  http] "GET /api/aegis/stats?hours=24 HTTP/1.1" 200 -
  [06:13:18] [  http] "GET /api/aegis/healing-log?limit=15 HTTP/1.1" 200 -
  [06:13:18] [  http] "GET /api/aegis/recent-events?limit=15 HTTP/1.1" 200 -
  [06:13:18] [  http] "GET /api/drift HTTP/1.1" 200 -
  [06:13:19] [  http] "GET /api/status HTTP/1.1" 200 -
  [06:13:19] [  http] "GET /api/drift HTTP/1.1" 200 -
  [06:13:19] [  http] "GET /api/session HTTP/1.1" 200 -
  [06:13:19] [  http] "GET /api/sessions HTTP/1.1" 200 -
  [06:13:19] [  http] "GET /api/drift HTTP/1.1" 200 -
  [06:13:20] [  http] "GET /api/governor HTTP/1.1" 200 -
  [06:13:21] [  http] "GET /api/governor HTTP/1.1" 200 -
  [06:13:21] [  http] "GET /api/drift HTTP/1.1" 200 -
  [06:13:22] [  http] "GET /api/aegis/stats?hours=24 HTTP/1.1" 200 -
  [06:13:22] [  http] "GET /api/aegis/stats?hours=24 HTTP/1.1" 200 -
  [06:13:22] [  http] "GET /api/drift HTTP/1.1" 200 -
  [06:13:22] [  http] "GET /api/governor HTTP/1.1" 200 -
  [06:13:23] [  http] "GET /api/drift HTTP/1.1" 200 -
  [06:13:23] [  http] "GET /api/aegis/stats?hours=24 HTTP/1.1" 200 -
  [06:13:24] [  http] "GET /api/status HTTP/1.1" 200 -
  [06:13:24] [  http] "GET /api/status HTTP/1.1" 200 -
  [06:13:24] [  http] "GET /api/session HTTP/1.1" 200 -
  [06:13:24] [  http] "GET /api/sessions HTTP/1.1" 200 -
  [06:13:24] [  http] "GET /api/drift HTTP/1.1" 200 -
  [06:13:25] [  http] "GET /api/status HTTP/1.1" 200 -
  [06:13:25] [  http] "GET /api/session HTTP/1.1" 200 -
  [06:13:25] [  http] "GET /api/sessions HTTP/1.1" 200 -
  [06:13:25] [  http] "GET /api/drift HTTP/1.1" 200 -
  [06:13:25] [  http] "GET /api/session HTTP/1.1" 200 -
  [06:13:25] [  http] "GET /api/sessions HTTP/1.1" 200 -
  [06:13:25] [  http] "GET /api/drift HTTP/1.1" 200 -
  [06:13:27] [  http] "GET /api/aegis/stats?hours=24 HTTP/1.1" 200 -
  [06:13:27] [  http] "GET /api/aegis/healing-log?limit=15 HTTP/1.1" 200 -
  [06:13:27] [  http] "GET /api/aegis/recent-events?limit=15 HTTP/1.1" 200 -
  [06:13:27] [  http] "GET /api/aegis/healing-log?limit=15 HTTP/1.1" 200 -
  [06:13:27] [  http] "GET /api/aegis/stats?hours=24 HTTP/1.1" 200 -
  [06:13:27] [  http] "GET /api/aegis/recent-events?limit=15 HTTP/1.1" 200 -
  [06:13:28] [  http] "GET /api/drift HTTP/1.1" 200 -
  [06:13:28] [  http] "GET /api/aegis/healing-log?limit=15 HTTP/1.1" 200 -
  [06:13:28] [  http] "GET /api/aegis/stats?hours=24 HTTP/1.1" 200 -
  [06:13:28] [  http] "GET /api/aegis/recent-events?limit=15 HTTP/1.1" 200 -
  [06:13:28] [  http] "GET /api/drift HTTP/1.1" 200 -
  [06:13:29] [  http] "GET /api/drift HTTP/1.1" 200 -
  [06:13:29] [  http] "GET /api/governor HTTP/1.1" 200 -
  [06:13:30] [  http] "GET /api/drift HTTP/1.1" 200 -
  [06:13:31] [  http] "GET /api/governor HTTP/1.1" 200 -
  [06:13:31] [  http] "GET /api/drift HTTP/1.1" 200 -
  [06:13:31] [  http] "GET /api/drift HTTP/1.1" 200 -
  [06:13:32] [  http] "GET /api/status HTTP/1.1" 200 -
  [06:13:32] [  http] "GET /api/session HTTP/1.1" 200 -
  [06:13:32] [  http] "GET /api/sessions HTTP/1.1" 200 -
  [06:13:32] [  http] "GET /api/aegis/stats?hours=24 HTTP/1.1" 200 -
  [06:13:32] [  http] "GET /api/governor HTTP/1.1" 200 -
  [06:13:32] [  http] "GET /api/aegis/stats?hours=24 HTTP/1.1" 200 -
  [06:13:33] [  http] "GET /api/aegis/stats?hours=24 HTTP/1.1" 200 -
  [06:13:33] [  http] "GET /api/drift HTTP/1.1" 200 -
  [06:13:34] [  http] "GET /api/drift HTTP/1.1" 200 -
  [06:13:34] [heartbeat] up 4m00s · model=ready · inferring · pending=0
  [06:13:35] [  http] "GET /api/drift HTTP/1.1" 200 -
  [06:13:35] [  http] "GET /api/drift HTTP/1.1" 200 -
  [06:13:35] [  http] "GET /api/governor HTTP/1.1" 200 -
  [06:13:35] [  http] "GET /api/status HTTP/1.1" 200 -
  [06:13:35] [  http] "GET /api/aegis/stats?hours=24 HTTP/1.1" 200 -
  [06:13:35] [  http] "GET /api/aegis/recent-events?limit=15 HTTP/1.1" 200 -
  [06:13:35] [  http] "GET /api/aegis/healing-log?limit=15 HTTP/1.1" 200 -
  [06:13:35] [  http] "GET /api/drift HTTP/1.1" 200 -
  [06:13:35] [  http] "GET /api/governor HTTP/1.1" 200 -
  [06:13:35] [  http] "GET /api/aegis/stats?hours=24 HTTP/1.1" 200 -
  [06:13:35] [  http] "GET /api/aegis/recent-events?limit=15 HTTP/1.1" 200 -
  [06:13:35] [  http] "GET /api/aegis/healing-log?limit=15 HTTP/1.1" 200 -
  [06:13:35] [  http] "GET /api/session HTTP/1.1" 200 -
  [06:13:36] [  http] "GET /api/sessions HTTP/1.1" 200 -
  [06:13:36] [  http] "GET /api/drift HTTP/1.1" 200 -
  [06:13:37] [  http] "GET /api/aegis/stats?hours=24 HTTP/1.1" 200 -
  [06:13:37] [  http] "GET /api/aegis/healing-log?limit=15 HTTP/1.1" 200 -
  [06:13:37] [  http] "GET /api/aegis/recent-events?limit=15 HTTP/1.1" 200 -
  [06:13:37] [  http] "GET /api/drift HTTP/1.1" 200 -
  [06:13:37] [  http] "GET /api/aegis/stats?hours=24 HTTP/1.1" 200 -
  [06:13:37] [  http] "GET /api/aegis/healing-log?limit=15 HTTP/1.1" 200 -
  [06:13:38] [  http] "GET /api/aegis/recent-events?limit=15 HTTP/1.1" 200 -
  [06:13:38] [  http] "GET /api/drift HTTP/1.1" 200 -
  [06:13:38] [  http] "GET /api/aegis/stats?hours=24 HTTP/1.1" 200 -
  [06:13:38] [  http] "GET /api/aegis/healing-log?limit=15 HTTP/1.1" 200 -
  [06:13:38] [  http] "GET /api/aegis/recent-events?limit=15 HTTP/1.1" 200 -
  [06:13:39] [  http] "GET /api/status HTTP/1.1" 200 -
  [06:13:39] [  http] "GET /api/status HTTP/1.1" 200 -
  [06:13:39] [  http] "GET /api/session HTTP/1.1" 200 -
  [06:13:39] [  http] "GET /api/sessions HTTP/1.1" 200 -
  [06:13:39] [  http] "GET /api/drift HTTP/1.1" 200 -
  [06:13:40] [  http] "GET /api/governor HTTP/1.1" 200 -
  [06:13:40] [  http] "GET /api/session HTTP/1.1" 200 -
  [06:13:40] [  http] "GET /api/sessions HTTP/1.1" 200 -
  [06:13:40] [  http] "GET /api/status HTTP/1.1" 200 -
  [06:13:40] [  http] "GET /api/drift HTTP/1.1" 200 -
  [06:13:40] [  http] "GET /api/session HTTP/1.1" 200 -
  [06:13:40] [  http] "GET /api/sessions HTTP/1.1" 200 -
  [06:13:40] [  http] "GET /api/drift HTTP/1.1" 200 -
  [06:13:41] [  http] "GET /api/governor HTTP/1.1" 200 -
  [06:13:42] [  http] "GET /api/aegis/stats?hours=24 HTTP/1.1" 200 -
  [06:13:42] [  http] "GET /api/aegis/stats?hours=24 HTTP/1.1" 200 -
  [06:13:42] [  http] "GET /api/governor HTTP/1.1" 200 -
  [OV:newton] ~324 tok, 6.1 tok/s
  [06:13:42] [  http] "GET /api/drift HTTP/1.1" 200 -
  [06:13:43] [  http] "GET /api/aegis/stats?hours=24 HTTP/1.1" 200 -
  [06:13:43] [  http] "GET /api/drift HTTP/1.1" 200 -
  [06:13:44] [  http] "GET /api/drift HTTP/1.1" 200 -
  [06:13:45] [  http] "GET /api/drift HTTP/1.1" 200 -
  [06:13:46] [  http] "GET /api/drift HTTP/1.1" 200 -
  [06:13:47] [  http] "GET /api/drift HTTP/1.1" 200 -
  [06:13:47] [  http] "GET /api/aegis/stats?hours=24 HTTP/1.1" 200 -
  [06:13:47] [  http] "GET /api/aegis/stats?hours=24 HTTP/1.1" 200 -
  [06:13:47] [  http] "GET /api/aegis/healing-log?limit=15 HTTP/1.1" 200 -
  [06:13:47] [  http] "GET /api/aegis/recent-events?limit=15 HTTP/1.1" 200 -
  [06:13:47] [  http] "GET /api/aegis/healing-log?limit=15 HTTP/1.1" 200 -
  [06:13:47] [  http] "GET /api/aegis/recent-events?limit=15 HTTP/1.1" 200 -
  [06:13:48] [  http] "GET /api/aegis/stats?hours=24 HTTP/1.1" 200 -
  [06:13:48] [  http] "GET /api/aegis/healing-log?limit=15 HTTP/1.1" 200 -
  [06:13:48] [  http] "GET /api/aegis/recent-events?limit=15 HTTP/1.1" 200 -
  [06:13:48] [  http] "GET /api/status HTTP/1.1" 200 -
  [06:13:48] [  http] "GET /api/drift HTTP/1.1" 200 -
  [06:13:48] [  http] "GET /api/session HTTP/1.1" 200 -
  [06:13:48] [  http] "GET /api/sessions HTTP/1.1" 200 -
  [06:13:49] [  http] "GET /api/drift HTTP/1.1" 200 -
  [06:13:50] [  http] "GET /api/drift HTTP/1.1" 200 -
  [06:13:50] [  http] "GET /api/governor HTTP/1.1" 200 -
  [06:13:51] [  http] "GET /api/governor HTTP/1.1" 200 -
  [06:13:51] [  http] "GET /api/status HTTP/1.1" 200 -
  [06:13:51] [  http] "GET /api/session HTTP/1.1" 200 -
  [06:13:51] [  http] "GET /api/sessions HTTP/1.1" 200 -
  [06:13:51] [  http] "GET /api/drift HTTP/1.1" 200 -
  [06:13:52] [  http] "GET /api/aegis/stats?hours=24 HTTP/1.1" 200 -
  [06:13:52] [  http] "GET /api/aegis/stats?hours=24 HTTP/1.1" 200 -
  [06:13:52] [  http] "GET /api/drift HTTP/1.1" 200 -
  [06:13:52] [  http] "GET /api/governor HTTP/1.1" 200 -
  [06:13:53] [  http] "GET /api/drift HTTP/1.1" 200 -
  [06:13:53] [  http] "GET /api/aegis/stats?hours=24 HTTP/1.1" 200 -
  [06:13:54] [  http] "GET /api/status HTTP/1.1" 200 -
  [06:13:54] [  http] "GET /api/session HTTP/1.1" 200 -
  [06:13:54] [  http] "GET /api/sessions HTTP/1.1" 200 -
  [06:13:54] [  http] "GET /api/drift HTTP/1.1" 200 -
  [06:13:55] [  http] "GET /api/status HTTP/1.1" 200 -
  [06:13:55] [  http] "GET /api/status HTTP/1.1" 200 -
  [06:13:55] [  http] "GET /api/session HTTP/1.1" 200 -
  [06:13:55] [  http] "GET /api/drift HTTP/1.1" 200 -
  [06:13:55] [  http] "GET /api/sessions HTTP/1.1" 200 -
  [06:13:55] [  http] "GET /api/session HTTP/1.1" 200 -
  [06:13:55] [  http] "GET /api/sessions HTTP/1.1" 200 -
  [06:13:55] [  http] "GET /api/drift HTTP/1.1" 200 -
  [06:13:57] [  http] "GET /api/aegis/stats?hours=24 HTTP/1.1" 200 -
  [06:13:57] [  http] "GET /api/aegis/healing-log?limit=15 HTTP/1.1" 200 -
  [06:13:57] [  http] "GET /api/aegis/recent-events?limit=15 HTTP/1.1" 200 -
  [06:13:57] [  http] "GET /api/aegis/healing-log?limit=15 HTTP/1.1" 200 -
  [06:13:57] [  http] "GET /api/aegis/stats?hours=24 HTTP/1.1" 200 -
  [06:13:57] [  http] "GET /api/aegis/recent-events?limit=15 HTTP/1.1" 200 -
  [06:13:58] [  http] "GET /api/drift HTTP/1.1" 200 -
  [06:13:58] [  http] "GET /api/aegis/stats?hours=24 HTTP/1.1" 200 -
  [06:13:58] [  http] "GET /api/aegis/healing-log?limit=15 HTTP/1.1" 200 -
  [06:13:58] [  http] "GET /api/aegis/recent-events?limit=15 HTTP/1.1" 200 -
  [06:13:58] [  http] "GET /api/drift HTTP/1.1" 200 -
  [06:13:59] [  http] "GET /api/drift HTTP/1.1" 200 -
  [06:13:59] [  http] "GET /api/governor HTTP/1.1" 200 -
  [06:14:00] [  http] "GET /api/drift HTTP/1.1" 200 -
  [06:14:01] [  http] "GET /api/governor HTTP/1.1" 200 -
  [06:14:01] [  http] "GET /api/drift HTTP/1.1" 200 -
  [06:14:02] [  http] "GET /api/drift HTTP/1.1" 200 -
  [06:14:02] [  http] "GET /api/aegis/stats?hours=24 HTTP/1.1" 200 -
  [06:14:03] [  http] "GET /api/aegis/stats?hours=24 HTTP/1.1" 200 -
  [06:14:03] [  http] "GET /api/governor HTTP/1.1" 200 -
  [06:14:03] [  http] "GET /api/aegis/stats?hours=24 HTTP/1.1" 200 -
  [06:14:03] [  http] "GET /api/drift HTTP/1.1" 200 -
  [06:14:04] [  http] "GET /api/status HTTP/1.1" 200 -
  [06:14:04] [  http] "GET /api/session HTTP/1.1" 200 -
  [06:14:04] [  http] "GET /api/sessions HTTP/1.1" 200 -
  [06:14:04] [heartbeat] up 4m30s · model=ready · inferring · pending=0
  [06:14:04] [  http] "GET /api/drift HTTP/1.1" 200 -
  [06:14:05] [  http] "GET /api/drift HTTP/1.1" 200 -
  [06:14:06] [  http] "GET /api/drift HTTP/1.1" 200 -
  [06:14:07] [  http] "GET /api/status HTTP/1.1" 200 -
  [06:14:07] [  http] "GET /api/session HTTP/1.1" 200 -
  [06:14:07] [  http] "GET /api/sessions HTTP/1.1" 200 -
  [06:14:07] [  http] "GET /api/aegis/healing-log?limit=15 HTTP/1.1" 200 -
  [06:14:07] [  http] "GET /api/aegis/stats?hours=24 HTTP/1.1" 200 -
  [06:14:07] [  http] "GET /api/aegis/recent-events?limit=15 HTTP/1.1" 200 -
  [06:14:07] [  http] "GET /api/drift HTTP/1.1" 200 -
  [06:14:07] [  http] "GET /api/aegis/stats?hours=24 HTTP/1.1" 200 -
  [06:14:07] [  http] "GET /api/aegis/healing-log?limit=15 HTTP/1.1" 200 -
  [06:14:07] [  http] "GET /api/aegis/recent-events?limit=15 HTTP/1.1" 200 -
  [06:14:08] [  http] "GET /api/drift HTTP/1.1" 200 -
  [06:14:08] [  http] "GET /api/aegis/stats?hours=24 HTTP/1.1" 200 -
  [06:14:08] [  http] "GET /api/aegis/healing-log?limit=15 HTTP/1.1" 200 -
  [06:14:08] [  http] "GET /api/aegis/recent-events?limit=15 HTTP/1.1" 200 -
  [06:14:09] [  http] "GET /api/status HTTP/1.1" 200 -
  [06:14:09] [  http] "GET /api/drift HTTP/1.1" 200 -
  [06:14:10] [  http] "GET /api/session HTTP/1.1" 200 -
  [06:14:10] [  http] "GET /api/governor HTTP/1.1" 200 -
  [06:14:10] [  http] "GET /api/sessions HTTP/1.1" 200 -
  [06:14:10] [  http] "GET /api/status HTTP/1.1" 200 -
  [06:14:10] [  http] "GET /api/status HTTP/1.1" 200 -
  [06:14:10] [  http] "GET /api/session HTTP/1.1" 200 -
  [06:14:10] [  http] "GET /api/sessions HTTP/1.1" 200 -
  [06:14:10] [  http] "GET /api/drift HTTP/1.1" 200 -
  [06:14:10] [  http] "GET /api/session HTTP/1.1" 200 -
  [06:14:10] [  http] "GET /api/sessions HTTP/1.1" 200 -
  [06:14:10] [  http] "GET /api/drift HTTP/1.1" 200 -
  [06:14:11] [  http] "GET /api/governor HTTP/1.1" 200 -
  [06:14:12] [  http] "GET /api/aegis/stats?hours=24 HTTP/1.1" 200 -
  [06:14:12] [  http] "GET /api/aegis/stats?hours=24 HTTP/1.1" 200 -
  [06:14:12] [  http] "GET /api/governor HTTP/1.1" 200 -
  [06:14:12] [  http] "GET /api/drift HTTP/1.1" 200 -
  [06:14:13] [  http] "GET /api/aegis/stats?hours=24 HTTP/1.1" 200 -
  [06:14:13] [  http] "GET /api/drift HTTP/1.1" 200 -
  [06:14:14] [  http] "GET /api/drift HTTP/1.1" 200 -
  [06:14:15] [  http] "GET /api/drift HTTP/1.1" 200 -
  [06:14:16] [  http] "GET /api/drift HTTP/1.1" 200 -
  [06:14:17] [  http] "GET /api/drift HTTP/1.1" 200 -
  [06:14:17] [  http] "GET /api/aegis/stats?hours=24 HTTP/1.1" 200 -
  [06:14:17] [  http] "GET /api/aegis/stats?hours=24 HTTP/1.1" 200 -
  [06:14:17] [  http] "GET /api/aegis/healing-log?limit=15 HTTP/1.1" 200 -
  [06:14:17] [  http] "GET /api/aegis/recent-events?limit=15 HTTP/1.1" 200 -
  [06:14:17] [  http] "GET /api/aegis/healing-log?limit=15 HTTP/1.1" 200 -
  [06:14:17] [  http] "GET /api/aegis/recent-events?limit=15 HTTP/1.1" 200 -
  [06:14:18] [  http] "GET /api/aegis/stats?hours=24 HTTP/1.1" 200 -
  [06:14:18] [  http] "GET /api/aegis/healing-log?limit=15 HTTP/1.1" 200 -
  [06:14:18] [  http] "GET /api/aegis/recent-events?limit=15 HTTP/1.1" 200 -
  [06:14:18] [  http] "GET /api/drift HTTP/1.1" 200 -
  [06:14:19] [  http] "GET /api/drift HTTP/1.1" 200 -
  [06:14:19] [  http] "GET /api/drift HTTP/1.1" 200 -
  [06:14:20] [  http] "GET /api/status HTTP/1.1" 200 -
  [06:14:20] [  http] "GET /api/governor HTTP/1.1" 200 -
  [06:14:20] [  http] "GET /api/session HTTP/1.1" 200 -
  [06:14:20] [  http] "GET /api/sessions HTTP/1.1" 200 -
  [06:14:21] [  http] "GET /api/governor HTTP/1.1" 200 -
  [06:14:21] [  http] "GET /api/drift HTTP/1.1" 200 -
  [06:14:22] [  http] "GET /api/aegis/stats?hours=24 HTTP/1.1" 200 -
  [06:14:22] [  http] "GET /api/aegis/stats?hours=24 HTTP/1.1" 200 -
  [06:14:22] [  http] "GET /api/drift HTTP/1.1" 200 -
  [06:14:22] [  http] "GET /api/governor HTTP/1.1" 200 -
  [06:14:23] [  http] "GET /api/aegis/stats?hours=24 HTTP/1.1" 200 -
  [06:14:23] [  http] "GET /api/drift HTTP/1.1" 200 -
  [06:14:23] [  http] "GET /api/status HTTP/1.1" 200 -
  [06:14:23] [  http] "GET /api/session HTTP/1.1" 200 -
  [06:14:23] [  http] "GET /api/sessions HTTP/1.1" 200 -
  [06:14:24] [  http] "GET /api/drift HTTP/1.1" 200 -
  [06:14:25] [  http] "GET /api/status HTTP/1.1" 200 -
  [06:14:25] [  http] "GET /api/drift HTTP/1.1" 200 -
  [06:14:25] [  http] "GET /api/session HTTP/1.1" 200 -
  [06:14:25] [  http] "GET /api/status HTTP/1.1" 200 -
  [06:14:25] [  http] "GET /api/sessions HTTP/1.1" 200 -
  [06:14:25] [  http] "GET /api/session HTTP/1.1" 200 -
  [06:14:25] [  http] "GET /api/status HTTP/1.1" 200 -
  [06:14:25] [  http] "GET /api/sessions HTTP/1.1" 200 -
  [06:14:25] [  http] "GET /api/drift HTTP/1.1" 200 -
  [06:14:26] [  http] "GET /api/session HTTP/1.1" 200 -
  [06:14:26] [  http] "GET /api/sessions HTTP/1.1" 200 -
  [06:14:27] [  http] "GET /api/aegis/stats?hours=24 HTTP/1.1" 200 -
  [06:14:27] [  http] "GET /api/aegis/stats?hours=24 HTTP/1.1" 200 -
  [06:14:27] [  http] "GET /api/aegis/recent-events?limit=15 HTTP/1.1" 200 -
  [06:14:27] [  http] "GET /api/aegis/healing-log?limit=15 HTTP/1.1" 200 -
  [06:14:27] [  http] "GET /api/aegis/healing-log?limit=15 HTTP/1.1" 200 -
  [06:14:28] [  http] "GET /api/aegis/recent-events?limit=15 HTTP/1.1" 200 -
  [06:14:28] [  http] "GET /api/drift HTTP/1.1" 200 -
  [06:14:28] [  http] "GET /api/aegis/stats?hours=24 HTTP/1.1" 200 -
  [06:14:28] [  http] "GET /api/aegis/healing-log?limit=15 HTTP/1.1" 200 -
  [06:14:28] [  http] "GET /api/aegis/recent-events?limit=15 HTTP/1.1" 200 -
  [06:14:28] [  http] "GET /api/drift HTTP/1.1" 200 -
  [06:14:29] [  http] "GET /api/drift HTTP/1.1" 200 -
  [06:14:29] [  http] "GET /api/governor HTTP/1.1" 200 -
  [06:14:31] [  http] "GET /api/drift HTTP/1.1" 200 -
  [06:14:31] [  http] "GET /api/governor HTTP/1.1" 200 -
  [06:14:31] [  http] "GET /api/drift HTTP/1.1" 200 -
[EMBED] semantic embedder ready (all-MiniLM-L6-v2, CPU)
  [06:14:32] [  http] "GET /api/drift HTTP/1.1" 200 -
  [06:14:32] [  http] "GET /api/aegis/stats?hours=24 HTTP/1.1" 200 -
  [06:14:32] [  http] "GET /api/aegis/stats?hours=24 HTTP/1.1" 200 -
  [06:14:32] [  http] "GET /api/governor HTTP/1.1" 200 -
  [OV:quantum] ~268 tok, 5.4 tok/s
  [TENSION] xi=0.0438 gamma=0.9580 — primary direct (perspectives agree)
  [06:14:33] [  http] "GET /api/aegis/stats?hours=24 HTTP/1.1" 200 -
  [06:14:33] [  http] "GET /api/drift HTTP/1.1" 200 -
[MANIFOLD] weights={'newton': 0.5, 'quantum': 0.5} xi=0.001 steering=shadow
[AAP] attractor=Fact eps=0.05 trust=0.700
[RENDER-AUDIT] ok overlap=96.77%
[PHASE6] Done: 2330 chars, 592 tokens
  [MEMORY] [generation] baseline=3593MB peak=3943MB (+350 transient) retained=-1148MB in 104.0s (401 samples)
  [WORKER] Got result: response=2330 chars, adapter=newton
  [GOVERNOR] Response may not directly answer the question.
  [COGNITION] ξ=0.0438 Γ=0.958 η=0.9131 σ=0.0 fidelity=0.9677 P=0.313 (all measured)
  [06:14:33] [  http] "POST /api/chat HTTP/1.1" 200 -
  [06:14:34] [  http] "GET /api/drift HTTP/1.1" 200 -
  [06:14:34] [heartbeat] up 5m00s · model=ready · idle · pending=0
  [06:14:35] [  http] "GET /api/drift HTTP/1.1" 200 -
  [06:14:35] [  http] "GET /api/drift HTTP/1.1" 200 -
  [06:14:35] [  http] "GET /api/aegis/healing-log?limit=15 HTTP/1.1" 200 -
  [06:14:35] [  http] "GET /api/aegis/stats?hours=24 HTTP/1.1" 200 -
  [06:14:35] [  http] "GET /api/aegis/recent-events?limit=15 HTTP/1.1" 200 -
  [06:14:35] [  http] "GET /api/governor HTTP/1.1" 200 -
  [06:14:35] [  http] "GET /api/drift HTTP/1.1" 200 -
  [06:14:35] [  http] "GET /api/aegis/healing-log?limit=15 HTTP/1.1" 200 -
  [06:14:35] [  http] "GET /api/aegis/stats?hours=24 HTTP/1.1" 200 -
  [06:14:35] [  http] "GET /api/aegis/recent-events?limit=15 HTTP/1.1" 200 -
  [06:14:35] [  http] "GET /api/governor HTTP/1.1" 200 -
  [WORKER] Processing query: What is the correct answer to this question: In a parallel u...
INFO:reasoning_forge.behavior_governor:[GOVERNOR] Pre: identity=none (conf=0.15), memory=4 cocoons, tokens=600, compression=expanded
  [GOVERNOR] identity=none (conf=0.15), memory=4 cocoons, tokens=600, compression=expanded
  [WORKER] Using forge bridge (Phase 6/7)
[PHASE6] Query complexity: QueryComplexity.COMPLEX
[PHASE7] Route: debate,semantic_tension,specialization_tracking,preflight_predictor,memory_weighting,gamma_monitoring,synthesis
[PHASE6] Domain: chemistry, max_adapters: 2

  [OV] Route: newton + quantum (conf=0.90, keyword)
  [06:14:36] [  http] "GET /api/status HTTP/1.1" 200 -
  [06:14:36] [  http] "GET /api/session HTTP/1.1" 200 -
  [06:14:36] [  http] "GET /api/sessions HTTP/1.1" 200 -
  [06:14:36] [  http] "GET /api/drift HTTP/1.1" 200 -
  [06:14:37] [  http] "GET /api/aegis/stats?hours=24 HTTP/1.1" 200 -
  [06:14:37] [  http] "GET /api/aegis/healing-log?limit=15 HTTP/1.1" 200 -
  [06:14:37] [  http] "GET /api/aegis/recent-events?limit=15 HTTP/1.1" 200 -
  [06:14:37] [  http] "GET /api/drift HTTP/1.1" 200 -
  [06:14:37] [  http] "GET /api/aegis/healing-log?limit=15 HTTP/1.1" 200 -
  [06:14:37] [  http] "GET /api/aegis/stats?hours=24 HTTP/1.1" 200 -
  [06:14:37] [  http] "GET /api/aegis/recent-events?limit=15 HTTP/1.1" 200 -
  [06:14:38] [  http] "GET /api/drift HTTP/1.1" 200 -
  [06:14:38] [  http] "GET /api/aegis/healing-log?limit=15 HTTP/1.1" 200 -
  [06:14:38] [  http] "GET /api/aegis/stats?hours=24 HTTP/1.1" 200 -
  [06:14:38] [  http] "GET /api/aegis/recent-events?limit=15 HTTP/1.1" 200 -
  [06:14:39] [  http] "GET /api/status HTTP/1.1" 200 -
  [06:14:39] [  http] "GET /api/session HTTP/1.1" 200 -
  [06:14:39] [  http] "GET /api/sessions HTTP/1.1" 200 -
  [06:14:39] [  http] "GET /api/drift HTTP/1.1" 200 -
  [06:14:40] [  http] "GET /api/governor HTTP/1.1" 200 -
  [06:14:40] [  http] "GET /api/status HTTP/1.1" 200 -
  [06:14:40] [  http] "GET /api/drift HTTP/1.1" 200 -
  [06:14:40] [  http] "GET /api/session HTTP/1.1" 200 -
  [06:14:40] [  http] "GET /api/status HTTP/1.1" 200 -
  [06:14:40] [  http] "GET /api/sessions HTTP/1.1" 200 -
  [06:14:40] [  http] "GET /api/session HTTP/1.1" 200 -
  [06:14:40] [  http] "GET /api/drift HTTP/1.1" 200 -
  [06:14:40] [  http] "GET /api/sessions HTTP/1.1" 200 -
  [06:14:41] [  http] "GET /api/status HTTP/1.1" 200 -
  [06:14:41] [  http] "GET /api/governor HTTP/1.1" 200 -
  [06:14:41] [  http] "GET /api/session HTTP/1.1" 200 -
  [06:14:41] [  http] "GET /api/sessions HTTP/1.1" 200 -
  [06:14:42] [  http] "GET /api/aegis/stats?hours=24 HTTP/1.1" 200 -
  [06:14:42] [  http] "GET /api/governor HTTP/1.1" 200 -
  [06:14:42] [  http] "GET /api/drift HTTP/1.1" 200 -
  [06:14:42] [  http] "GET /api/aegis/stats?hours=24 HTTP/1.1" 200 -
  [06:14:43] [  http] "GET /api/aegis/stats?hours=24 HTTP/1.1" 200 -
  [06:14:43] [  http] "GET /api/drift HTTP/1.1" 200 -
  [06:14:43] [  http] "GET /api/drift HTTP/1.1" 200 -
  [06:14:45] [  http] "GET /api/drift HTTP/1.1" 200 -
  [06:14:46] [  http] "GET /api/drift HTTP/1.1" 200 -
  [06:14:46] [  http] "GET /api/drift HTTP/1.1" 200 -
  [06:14:47] [  http] "GET /api/aegis/stats?hours=24 HTTP/1.1" 200 -
  [06:14:47] [  http] "GET /api/aegis/healing-log?limit=15 HTTP/1.1" 200 -
  [06:14:47] [  http] "GET /api/aegis/recent-events?limit=15 HTTP/1.1" 200 -
  [06:14:47] [  http] "GET /api/aegis/stats?hours=24 HTTP/1.1" 200 -
  [06:14:47] [  http] "GET /api/aegis/healing-log?limit=15 HTTP/1.1" 200 -
  [06:14:47] [  http] "GET /api/aegis/recent-events?limit=15 HTTP/1.1" 200 -
  [06:14:48] [  http] "GET /api/aegis/stats?hours=24 HTTP/1.1" 200 -
  [06:14:48] [  http] "GET /api/aegis/healing-log?limit=15 HTTP/1.1" 200 -
  [06:14:48] [  http] "GET /api/aegis/recent-events?limit=15 HTTP/1.1" 200 -
  [06:14:48] [  http] "GET /api/drift HTTP/1.1" 200 -
  [06:14:49] [  http] "GET /api/drift HTTP/1.1" 200 -
  [06:14:50] [  http] "GET /api/drift HTTP/1.1" 200 -
  [06:14:50] [  http] "GET /api/governor HTTP/1.1" 200 -
  [06:14:51] [  http] "GET /api/governor HTTP/1.1" 200 -
  [06:14:51] [  http] "GET /api/drift HTTP/1.1" 200 -
  [06:14:52] [  http] "GET /api/status HTTP/1.1" 200 -
  [06:14:52] [  http] "GET /api/session HTTP/1.1" 200 -
  [06:14:52] [  http] "GET /api/sessions HTTP/1.1" 200 -
  [06:14:52] [  http] "GET /api/aegis/stats?hours=24 HTTP/1.1" 200 -
  [06:14:52] [  http] "GET /api/aegis/stats?hours=24 HTTP/1.1" 200 -
  [06:14:52] [  http] "GET /api/drift HTTP/1.1" 200 -
  [06:14:52] [  http] "GET /api/governor HTTP/1.1" 200 -
  [06:14:53] [  http] "GET /api/drift HTTP/1.1" 200 -
  [06:14:53] [  http] "GET /api/aegis/stats?hours=24 HTTP/1.1" 200 -
  [06:14:54] [  http] "GET /api/drift HTTP/1.1" 200 -
  [06:14:55] [  http] "GET /api/status HTTP/1.1" 200 -
  [06:14:55] [  http] "GET /api/session HTTP/1.1" 200 -
  [06:14:55] [  http] "GET /api/sessions HTTP/1.1" 200 -
  [06:14:55] [  http] "GET /api/status HTTP/1.1" 200 -
  [06:14:55] [  http] "GET /api/drift HTTP/1.1" 200 -
  [06:14:55] [  http] "GET /api/status HTTP/1.1" 200 -
  [06:14:55] [  http] "GET /api/session HTTP/1.1" 200 -
  [06:14:55] [  http] "GET /api/sessions HTTP/1.1" 200 -
  [06:14:56] [  http] "GET /api/status HTTP/1.1" 200 -
  [06:14:55] [  http] "GET /api/drift HTTP/1.1" 200 -
  [06:14:56] [  http] "GET /api/session HTTP/1.1" 200 -
  [06:14:56] [  http] "GET /api/sessions HTTP/1.1" 200 -
  [06:14:56] [  http] "GET /api/session HTTP/1.1" 200 -
  [06:14:56] [  http] "GET /api/sessions HTTP/1.1" 200 -
  [06:14:57] [  http] "GET /api/aegis/stats?hours=24 HTTP/1.1" 200 -
  [06:14:57] [  http] "GET /api/aegis/recent-events?limit=15 HTTP/1.1" 200 -
  [06:14:57] [  http] "GET /api/aegis/healing-log?limit=15 HTTP/1.1" 200 -
  [06:14:57] [  http] "GET /api/aegis/recent-events?limit=15 HTTP/1.1" 200 -
  [06:14:57] [  http] "GET /api/aegis/healing-log?limit=15 HTTP/1.1" 200 -
  [06:14:57] [  http] "GET /api/aegis/stats?hours=24 HTTP/1.1" 200 -
  [06:14:57] [  http] "GET /api/drift HTTP/1.1" 200 -
  [06:14:58] [  http] "GET /api/aegis/recent-events?limit=15 HTTP/1.1" 200 -
  [06:14:58] [  http] "GET /api/aegis/healing-log?limit=15 HTTP/1.1" 200 -
  [06:14:58] [  http] "GET /api/aegis/stats?hours=24 HTTP/1.1" 200 -
  [06:14:58] [  http] "GET /api/drift HTTP/1.1" 200 -
  [06:14:59] [  http] "GET /api/drift HTTP/1.1" 200 -
  [06:15:00] [  http] "GET /api/governor HTTP/1.1" 200 -
  [06:15:00] [  http] "GET /api/drift HTTP/1.1" 200 -
  [06:15:01] [  http] "GET /api/governor HTTP/1.1" 200 -
  [06:15:01] [  http] "GET /api/drift HTTP/1.1" 200 -
  [06:15:02] [  http] "GET /api/drift HTTP/1.1" 200 -
  [06:15:02] [  http] "GET /api/aegis/stats?hours=24 HTTP/1.1" 200 -
  [06:15:02] [  http] "GET /api/aegis/stats?hours=24 HTTP/1.1" 200 -
  [06:15:02] [  http] "GET /api/governor HTTP/1.1" 200 -
  [06:15:03] [  http] "GET /api/aegis/stats?hours=24 HTTP/1.1" 200 -
  [06:15:03] [  http] "GET /api/drift HTTP/1.1" 200 -
  [06:15:04] [  http] "GET /api/drift HTTP/1.1" 200 -
  [06:15:04] [heartbeat] up 5m30s · model=ready · inferring · pending=0
  [06:15:05] [  http] "GET /api/drift HTTP/1.1" 200 -
  [06:15:06] [  http] "GET /api/drift HTTP/1.1" 200 -
  [06:15:07] [  http] "GET /api/aegis/healing-log?limit=15 HTTP/1.1" 200 -
  [06:15:07] [  http] "GET /api/aegis/stats?hours=24 HTTP/1.1" 200 -
  [06:15:07] [  http] "GET /api/aegis/recent-events?limit=15 HTTP/1.1" 200 -
  [06:15:07] [  http] "GET /api/drift HTTP/1.1" 200 -
  [06:15:07] [  http] "GET /api/aegis/stats?hours=24 HTTP/1.1" 200 -
  [06:15:07] [  http] "GET /api/aegis/healing-log?limit=15 HTTP/1.1" 200 -
  [06:15:07] [  http] "GET /api/aegis/recent-events?limit=15 HTTP/1.1" 200 -
  [06:15:08] [  http] "GET /api/drift HTTP/1.1" 200 -
  [06:15:08] [  http] "GET /api/status HTTP/1.1" 200 -
  [06:15:08] [  http] "GET /api/aegis/stats?hours=24 HTTP/1.1" 200 -
  [06:15:08] [  http] "GET /api/aegis/healing-log?limit=15 HTTP/1.1" 200 -
  [06:15:08] [  http] "GET /api/aegis/recent-events?limit=15 HTTP/1.1" 200 -
  [06:15:08] [  http] "GET /api/session HTTP/1.1" 200 -
  [06:15:08] [  http] "GET /api/sessions HTTP/1.1" 200 -
  [OV:newton] ~365 tok, 10.8 tok/s
  [06:15:09] [  http] "GET /api/drift HTTP/1.1" 200 -
  [06:15:10] [  http] "GET /api/governor HTTP/1.1" 200 -
  [06:15:10] [  http] "GET /api/drift HTTP/1.1" 200 -
  [06:15:10] [  http] "GET /api/status HTTP/1.1" 200 -
  [06:15:10] [  http] "GET /api/session HTTP/1.1" 200 -
  [06:15:10] [  http] "GET /api/sessions HTTP/1.1" 200 -
  [06:15:11] [  http] "GET /api/drift HTTP/1.1" 200 -
  [06:15:11] [  http] "GET /api/governor HTTP/1.1" 200 -
  [06:15:11] [  http] "GET /api/status HTTP/1.1" 200 -
  [06:15:11] [  http] "GET /api/status HTTP/1.1" 200 -
  [06:15:11] [  http] "GET /api/status HTTP/1.1" 200 -
  [06:15:11] [  http] "GET /api/session HTTP/1.1" 200 -
  [06:15:11] [  http] "GET /api/session HTTP/1.1" 200 -
  [06:15:11] [  http] "GET /api/sessions HTTP/1.1" 200 -
  [06:15:12] [  http] "GET /api/session HTTP/1.1" 200 -
  [06:15:12] [  http] "GET /api/sessions HTTP/1.1" 200 -
  [06:15:12] [  http] "GET /api/sessions HTTP/1.1" 200 -
  [06:15:12] [  http] "GET /api/aegis/stats?hours=24 HTTP/1.1" 200 -
  [06:15:12] [  http] "GET /api/aegis/stats?hours=24 HTTP/1.1" 200 -
  [06:15:12] [  http] "GET /api/governor HTTP/1.1" 200 -
  [06:15:12] [  http] "GET /api/drift HTTP/1.1" 200 -
  [06:15:13] [  http] "GET /api/aegis/stats?hours=24 HTTP/1.1" 200 -
  [06:15:13] [  http] "GET /api/drift HTTP/1.1" 200 -
  [06:15:14] [  http] "GET /api/drift HTTP/1.1" 200 -
  [06:15:15] [  http] "GET /api/drift HTTP/1.1" 200 -
  [06:15:16] [  http] "GET /api/drift HTTP/1.1" 200 -
  [06:15:17] [  http] "GET /api/drift HTTP/1.1" 200 -
  [06:15:17] [  http] "GET /api/aegis/stats?hours=24 HTTP/1.1" 200 -
  [06:15:17] [  http] "GET /api/aegis/healing-log?limit=15 HTTP/1.1" 200 -
  [06:15:17] [  http] "GET /api/aegis/stats?hours=24 HTTP/1.1" 200 -
  [06:15:17] [  http] "GET /api/aegis/recent-events?limit=15 HTTP/1.1" 200 -
  [06:15:17] [  http] "GET /api/aegis/healing-log?limit=15 HTTP/1.1" 200 -
  [06:15:17] [  http] "GET /api/aegis/recent-events?limit=15 HTTP/1.1" 200 -
  [06:15:18] [  http] "GET /api/aegis/stats?hours=24 HTTP/1.1" 200 -
  [06:15:18] [  http] "GET /api/aegis/healing-log?limit=15 HTTP/1.1" 200 -
  [06:15:18] [  http] "GET /api/aegis/recent-events?limit=15 HTTP/1.1" 200 -
  [06:15:18] [  http] "GET /api/drift HTTP/1.1" 200 -
  [06:15:19] [  http] "GET /api/drift HTTP/1.1" 200 -
  [06:15:19] [  http] "GET /api/drift HTTP/1.1" 200 -
  [06:15:20] [  http] "GET /api/governor HTTP/1.1" 200 -
  [06:15:21] [  http] "GET /api/governor HTTP/1.1" 200 -
  [06:15:21] [  http] "GET /api/drift HTTP/1.1" 200 -
  [06:15:22] [  http] "GET /api/aegis/stats?hours=24 HTTP/1.1" 200 -
  [06:15:22] [  http] "GET /api/drift HTTP/1.1" 200 -
  [06:15:22] [  http] "GET /api/aegis/stats?hours=24 HTTP/1.1" 200 -
  [06:15:22] [  http] "GET /api/governor HTTP/1.1" 200 -
  [06:15:23] [  http] "GET /api/aegis/stats?hours=24 HTTP/1.1" 200 -
  [06:15:23] [  http] "GET /api/drift HTTP/1.1" 200 -
  [06:15:24] [  http] "GET /api/status HTTP/1.1" 200 -
  [06:15:24] [  http] "GET /api/session HTTP/1.1" 200 -
  [06:15:24] [  http] "GET /api/sessions HTTP/1.1" 200 -
  [06:15:24] [  http] "GET /api/drift HTTP/1.1" 200 -
  [06:15:25] [  http] "GET /api/drift HTTP/1.1" 200 -
  [06:15:26] [  http] "GET /api/status HTTP/1.1" 200 -
  [06:15:26] [  http] "GET /api/drift HTTP/1.1" 200 -
  [06:15:26] [  http] "GET /api/session HTTP/1.1" 200 -
  [06:15:26] [  http] "GET /api/sessions HTTP/1.1" 200 -
  [06:15:26] [  http] "GET /api/status HTTP/1.1" 200 -
  [06:15:27] [  http] "GET /api/status HTTP/1.1" 200 -
  [06:15:27] [  http] "GET /api/session HTTP/1.1" 200 -
  [06:15:27] [  http] "GET /api/sessions HTTP/1.1" 200 -
  [06:15:27] [  http] "GET /api/session HTTP/1.1" 200 -
  [06:15:27] [  http] "GET /api/status HTTP/1.1" 200 -
  [06:15:27] [  http] "GET /api/sessions HTTP/1.1" 200 -
  [06:15:27] [  http] "GET /api/aegis/stats?hours=24 HTTP/1.1" 200 -
  [06:15:27] [  http] "GET /api/aegis/stats?hours=24 HTTP/1.1" 200 -
  [06:15:27] [  http] "GET /api/aegis/healing-log?limit=15 HTTP/1.1" 200 -
  [06:15:27] [  http] "GET /api/aegis/recent-events?limit=15 HTTP/1.1" 200 -
  [06:15:27] [  http] "GET /api/session HTTP/1.1" 200 -
  [06:15:27] [  http] "GET /api/sessions HTTP/1.1" 200 -
  [06:15:27] [  http] "GET /api/aegis/healing-log?limit=15 HTTP/1.1" 200 -
  [06:15:27] [  http] "GET /api/aegis/recent-events?limit=15 HTTP/1.1" 200 -
  [06:15:27] [  http] "GET /api/drift HTTP/1.1" 200 -
  [06:15:28] [  http] "GET /api/aegis/stats?hours=24 HTTP/1.1" 200 -
  [06:15:28] [  http] "GET /api/aegis/healing-log?limit=15 HTTP/1.1" 200 -
  [06:15:28] [  http] "GET /api/aegis/recent-events?limit=15 HTTP/1.1" 200 -
  [06:15:28] [  http] "GET /api/drift HTTP/1.1" 200 -
  [06:15:28] [  http] "GET /api/drift HTTP/1.1" 200 -
  [06:15:30] [  http] "GET /api/governor HTTP/1.1" 200 -
  [06:15:30] [  http] "GET /api/drift HTTP/1.1" 200 -
  [06:15:31] [  http] "GET /api/drift HTTP/1.1" 200 -
  [06:15:31] [  http] "GET /api/governor HTTP/1.1" 200 -
  [06:15:31] [  http] "GET /api/drift HTTP/1.1" 200 -
  [06:15:32] [  http] "GET /api/aegis/stats?hours=24 HTTP/1.1" 200 -
  [06:15:32] [  http] "GET /api/aegis/stats?hours=24 HTTP/1.1" 200 -
  [06:15:32] [  http] "GET /api/governor HTTP/1.1" 200 -
  [06:15:33] [  http] "GET /api/aegis/stats?hours=24 HTTP/1.1" 200 -
  [06:15:33] [  http] "GET /api/drift HTTP/1.1" 200 -
  [06:15:34] [  http] "GET /api/drift HTTP/1.1" 200 -
  [06:15:34] [heartbeat] up 6m00s · model=ready · inferring · pending=0
  [06:15:35] [  http] "GET /api/drift HTTP/1.1" 200 -
  [06:15:35] [  http] "GET /api/drift HTTP/1.1" 200 -
  [06:15:35] [  http] "GET /api/aegis/stats?hours=24 HTTP/1.1" 200 -
  [06:15:35] [  http] "GET /api/aegis/healing-log?limit=15 HTTP/1.1" 200 -
  [06:15:35] [  http] "GET /api/aegis/recent-events?limit=15 HTTP/1.1" 200 -
  [06:15:35] [  http] "GET /api/governor HTTP/1.1" 200 -
  [06:15:35] [  http] "GET /api/drift HTTP/1.1" 200 -
  [06:15:35] [  http] "GET /api/aegis/healing-log?limit=15 HTTP/1.1" 200 -
  [06:15:35] [  http] "GET /api/aegis/stats?hours=24 HTTP/1.1" 200 -
  [06:15:35] [  http] "GET /api/governor HTTP/1.1" 200 -
  [06:15:35] [  http] "GET /api/aegis/recent-events?limit=15 HTTP/1.1" 200 -
  [06:15:36] [  http] "GET /api/drift HTTP/1.1" 200 -
  [06:15:37] [  http] "GET /api/aegis/stats?hours=24 HTTP/1.1" 200 -
  [06:15:37] [  http] "GET /api/aegis/healing-log?limit=15 HTTP/1.1" 200 -
  [06:15:37] [  http] "GET /api/aegis/recent-events?limit=15 HTTP/1.1" 200 -
  [06:15:37] [  http] "GET /api/drift HTTP/1.1" 200 -
  [06:15:37] [  http] "GET /api/aegis/stats?hours=24 HTTP/1.1" 200 -
  [06:15:37] [  http] "GET /api/aegis/healing-log?limit=15 HTTP/1.1" 200 -
  [06:15:37] [  http] "GET /api/aegis/recent-events?limit=15 HTTP/1.1" 200 -
  [06:15:38] [  http] "GET /api/drift HTTP/1.1" 200 -
  [06:15:38] [  http] "GET /api/aegis/stats?hours=24 HTTP/1.1" 200 -
  [06:15:38] [  http] "GET /api/aegis/healing-log?limit=15 HTTP/1.1" 200 -
  [06:15:38] [  http] "GET /api/aegis/recent-events?limit=15 HTTP/1.1" 200 -
  [OV:quantum] ~331 tok, 11.5 tok/s
  [TENSION] xi=0.0409 gamma=0.9607 — primary direct (perspectives agree)
[MANIFOLD] weights={'newton': 0.5, 'quantum': 0.5} xi=0.026 steering=shadow
[AAP] attractor=Fact eps=0.05 trust=0.940
[RENDER-AUDIT] ok overlap=100.00%
[PHASE6] Done: 2145 chars, 696 tokens
  [MEMORY] [generation] baseline=2444MB peak=2652MB (+207 transient) retained=-195MB in 63.0s (244 samples)
  [WORKER] Got result: response=2145 chars, adapter=newton
WARNING:CodetteSubsystemUpgrade:[AEGIS] would-veto (SHADOW) — ubuntu=0.40 < 0.5 (η=0.92); passing through
  [AEGIS] would-block (SHADOW) η=0.9216 — enforcing nothing yet
  [06:15:39] [  http] "GET /api/drift HTTP/1.1" 200 -
  [COGNITION] ξ=0.0409 Γ=0.9607 η=0.9216 σ=0.0 fidelity=1.0 P=0.294 (all measured)
  [06:15:40] [  http] "GET /api/governor HTTP/1.1" 200 -
  [06:15:40] [  http] "GET /api/status HTTP/1.1" 200 -
  [06:15:40] [  http] "GET /api/drift HTTP/1.1" 200 -
  [06:15:40] [  http] "GET /api/session HTTP/1.1" 200 -
  [06:15:40] [  http] "POST /api/chat HTTP/1.1" 200 -
  [06:15:40] [  http] "GET /api/sessions HTTP/1.1" 200 -
  [06:15:40] [  http] "GET /api/drift HTTP/1.1" 200 -
  [06:15:41] [  http] "GET /api/status HTTP/1.1" 200 -
  [06:15:41] [  http] "GET /api/session HTTP/1.1" 200 -
  [06:15:41] [  http] "GET /api/governor HTTP/1.1" 200 -
  [06:15:41] [  http] "GET /api/sessions HTTP/1.1" 200 -
  [06:15:41] [  http] "GET /api/status HTTP/1.1" 200 -
  [06:15:42] [  http] "GET /api/status HTTP/1.1" 200 -
  [06:15:42] [  http] "GET /api/session HTTP/1.1" 200 -
  [06:15:42] [  http] "GET /api/sessions HTTP/1.1" 200 -
  [06:15:42] [  http] "GET /api/session HTTP/1.1" 200 -
  [06:15:42] [  http] "GET /api/sessions HTTP/1.1" 200 -
  [06:15:42] [  http] "GET /api/aegis/stats?hours=24 HTTP/1.1" 200 -
  [06:15:42] [  http] "GET /api/aegis/stats?hours=24 HTTP/1.1" 200 -
  [06:15:42] [  http] "GET /api/governor HTTP/1.1" 200 -
  [WORKER] Processing query: What is the correct answer to this question: Calculate the e...
INFO:reasoning_forge.behavior_governor:[GOVERNOR] Pre: identity=none (conf=0.15), memory=1 cocoons, tokens=200, compression=compressed
  [GOVERNOR] identity=none (conf=0.15), memory=1 cocoons, tokens=200, compression=compressed
  [WORKER] Using forge bridge (Phase 6/7)
[PHASE6] Query complexity: QueryComplexity.SIMPLE
[PHASE7] Route: 
[PHASE6] Domain: physics, max_adapters: 1

  [OV] Route: newton (conf=0.69, keyword)
  [06:15:42] [  http] "GET /api/drift HTTP/1.1" 200 -
  [06:15:43] [  http] "GET /api/aegis/stats?hours=24 HTTP/1.1" 200 -
  [06:15:43] [  http] "GET /api/status HTTP/1.1" 200 -
  [06:15:43] [  http] "GET /api/session HTTP/1.1" 200 -
  [06:15:43] [  http] "GET /api/sessions HTTP/1.1" 200 -
  [06:15:43] [  http] "GET /api/drift HTTP/1.1" 200 -
  [06:15:44] [  http] "GET /api/drift HTTP/1.1" 200 -
  [06:15:45] [  http] "GET /api/drift HTTP/1.1" 200 -
  [06:15:46] [  http] "GET /api/drift HTTP/1.1" 200 -
  [06:15:47] [  http] "GET /api/drift HTTP/1.1" 200 -
  [06:15:47] [  http] "GET /api/aegis/stats?hours=24 HTTP/1.1" 200 -
  [06:15:47] [  http] "GET /api/aegis/healing-log?limit=15 HTTP/1.1" 200 -
  [06:15:47] [  http] "GET /api/aegis/stats?hours=24 HTTP/1.1" 200 -
  [06:15:47] [  http] "GET /api/aegis/recent-events?limit=15 HTTP/1.1" 200 -
  [06:15:47] [  http] "GET /api/aegis/healing-log?limit=15 HTTP/1.1" 200 -
  [06:15:47] [  http] "GET /api/aegis/recent-events?limit=15 HTTP/1.1" 200 -
  [06:15:48] [  http] "GET /api/aegis/stats?hours=24 HTTP/1.1" 200 -
  [06:15:48] [  http] "GET /api/aegis/healing-log?limit=15 HTTP/1.1" 200 -
  [06:15:48] [  http] "GET /api/aegis/recent-events?limit=15 HTTP/1.1" 200 -
  [06:15:48] [  http] "GET /api/drift HTTP/1.1" 200 -
  [06:15:49] [  http] "GET /api/drift HTTP/1.1" 200 -
  [06:15:49] [  http] "GET /api/drift HTTP/1.1" 200 -
  [06:15:50] [  http] "GET /api/governor HTTP/1.1" 200 -
  [06:15:51] [  http] "GET /api/governor HTTP/1.1" 200 -
  [06:15:51] [  http] "GET /api/drift HTTP/1.1" 200 -
  [06:15:52] [  http] "GET /api/aegis/stats?hours=24 HTTP/1.1" 200 -
  [06:15:52] [  http] "GET /api/aegis/stats?hours=24 HTTP/1.1" 200 -
  [06:15:52] [  http] "GET /api/drift HTTP/1.1" 200 -
  [06:15:52] [  http] "GET /api/governor HTTP/1.1" 200 -
  [06:15:53] [  http] "GET /api/drift HTTP/1.1" 200 -
  [06:15:53] [  http] "GET /api/aegis/stats?hours=24 HTTP/1.1" 200 -
  [06:15:54] [  http] "GET /api/drift HTTP/1.1" 200 -
  [06:15:55] [  http] "GET /api/drift HTTP/1.1" 200 -
  [06:15:56] [  http] "GET /api/drift HTTP/1.1" 200 -
  [06:15:56] [  http] "GET /api/status HTTP/1.1" 200 -
  [06:15:56] [  http] "GET /api/status HTTP/1.1" 200 -
  [06:15:56] [  http] "GET /api/session HTTP/1.1" 200 -
  [06:15:56] [  http] "GET /api/session HTTP/1.1" 200 -
  [06:15:56] [  http] "GET /api/sessions HTTP/1.1" 200 -
  [06:15:56] [  http] "GET /api/sessions HTTP/1.1" 200 -
  [06:15:56] [  http] "GET /api/status HTTP/1.1" 200 -
  [06:15:57] [  http] "GET /api/status HTTP/1.1" 200 -
  [06:15:57] [  http] "GET /api/session HTTP/1.1" 200 -
  [06:15:57] [  http] "GET /api/sessions HTTP/1.1" 200 -
  [06:15:57] [  http] "GET /api/session HTTP/1.1" 200 -
  [06:15:57] [  http] "GET /api/sessions HTTP/1.1" 200 -
  [06:15:57] [  http] "GET /api/aegis/stats?hours=24 HTTP/1.1" 200 -
  [06:15:57] [  http] "GET /api/aegis/healing-log?limit=15 HTTP/1.1" 200 -
  [06:15:57] [  http] "GET /api/aegis/stats?hours=24 HTTP/1.1" 200 -
  [06:15:57] [  http] "GET /api/aegis/recent-events?limit=15 HTTP/1.1" 200 -
  [06:15:57] [  http] "GET /api/aegis/recent-events?limit=15 HTTP/1.1" 200 -
  [06:15:57] [  http] "GET /api/aegis/healing-log?limit=15 HTTP/1.1" 200 -
  [06:15:57] [  http] "GET /api/drift HTTP/1.1" 200 -
  [06:15:58] [  http] "GET /api/aegis/stats?hours=24 HTTP/1.1" 200 -
  [06:15:58] [  http] "GET /api/aegis/recent-events?limit=15 HTTP/1.1" 200 -
  [06:15:58] [  http] "GET /api/aegis/healing-log?limit=15 HTTP/1.1" 200 -
  [06:15:58] [  http] "GET /api/drift HTTP/1.1" 200 -
  [06:15:59] [  http] "GET /api/drift HTTP/1.1" 200 -
  [06:15:59] [  http] "GET /api/status HTTP/1.1" 200 -
  [06:15:59] [  http] "GET /api/session HTTP/1.1" 200 -
  [06:15:59] [  http] "GET /api/sessions HTTP/1.1" 200 -
  [06:16:00] [  http] "GET /api/governor HTTP/1.1" 200 -
  [06:16:00] [  http] "GET /api/drift HTTP/1.1" 200 -
  [06:16:01] [  http] "GET /api/drift HTTP/1.1" 200 -
  [06:16:01] [  http] "GET /api/governor HTTP/1.1" 200 -
  [06:16:02] [  http] "GET /api/drift HTTP/1.1" 200 -
  [06:16:02] [  http] "GET /api/aegis/stats?hours=24 HTTP/1.1" 200 -
  [06:16:02] [  http] "GET /api/governor HTTP/1.1" 200 -
  [06:16:02] [  http] "GET /api/aegis/stats?hours=24 HTTP/1.1" 200 -
  [06:16:03] [  http] "GET /api/aegis/stats?hours=24 HTTP/1.1" 200 -
  [06:16:03] [  http] "GET /api/drift HTTP/1.1" 200 -
  [06:16:04] [heartbeat] up 6m30s · model=ready · inferring · pending=0
  [06:16:04] [  http] "GET /api/drift HTTP/1.1" 200 -
  [06:16:05] [  http] "GET /api/drift HTTP/1.1" 200 -
  [06:16:06] [  http] "GET /api/drift HTTP/1.1" 200 -
  [06:16:07] [  http] "GET /api/aegis/stats?hours=24 HTTP/1.1" 200 -
  [06:16:07] [  http] "GET /api/aegis/healing-log?limit=15 HTTP/1.1" 200 -
  [06:16:07] [  http] "GET /api/aegis/recent-events?limit=15 HTTP/1.1" 200 -
  [06:16:07] [  http] "GET /api/drift HTTP/1.1" 200 -
  [06:16:07] [  http] "GET /api/aegis/stats?hours=24 HTTP/1.1" 200 -
  [06:16:07] [  http] "GET /api/aegis/healing-log?limit=15 HTTP/1.1" 200 -
  [06:16:07] [  http] "GET /api/aegis/recent-events?limit=15 HTTP/1.1" 200 -
  [06:16:08] [  http] "GET /api/drift HTTP/1.1" 200 -
  [06:16:08] [  http] "GET /api/aegis/stats?hours=24 HTTP/1.1" 200 -
  [06:16:08] [  http] "GET /api/aegis/healing-log?limit=15 HTTP/1.1" 200 -
  [06:16:08] [  http] "GET /api/aegis/recent-events?limit=15 HTTP/1.1" 200 -
  [06:16:09] [  http] "GET /api/drift HTTP/1.1" 200 -
  [06:16:10] [  http] "GET /api/governor HTTP/1.1" 200 -
  [06:16:10] [  http] "GET /api/drift HTTP/1.1" 200 -
  [06:16:10] [  http] "GET /api/drift HTTP/1.1" 200 -
  [06:16:11] [  http] "GET /api/governor HTTP/1.1" 200 -
  [06:16:11] [  http] "GET /api/status HTTP/1.1" 200 -
  [06:16:11] [  http] "GET /api/session HTTP/1.1" 200 -
  [06:16:12] [  http] "GET /api/status HTTP/1.1" 200 -
  [06:16:12] [  http] "GET /api/sessions HTTP/1.1" 200 -
  [06:16:12] [  http] "GET /api/status HTTP/1.1" 200 -
  [06:16:12] [  http] "GET /api/session HTTP/1.1" 200 -
  [06:16:12] [  http] "GET /api/sessions HTTP/1.1" 200 -
  [06:16:12] [  http] "GET /api/session HTTP/1.1" 200 -
  [06:16:12] [  http] "GET /api/sessions HTTP/1.1" 200 -
  [06:16:12] [  http] "GET /api/status HTTP/1.1" 200 -
  [06:16:12] [  http] "GET /api/aegis/stats?hours=24 HTTP/1.1" 200 -
  [06:16:12] [  http] "GET /api/aegis/stats?hours=24 HTTP/1.1" 200 -
  [06:16:12] [  http] "GET /api/session HTTP/1.1" 200 -
  [06:16:12] [  http] "GET /api/governor HTTP/1.1" 200 -
  [06:16:12] [  http] "GET /api/sessions HTTP/1.1" 200 -
  [06:16:12] [  http] "GET /api/drift HTTP/1.1" 200 -
  [06:16:13] [  http] "GET /api/aegis/stats?hours=24 HTTP/1.1" 200 -
  [06:16:13] [  http] "GET /api/drift HTTP/1.1" 200 -
  [06:16:14] [  http] "GET /api/drift HTTP/1.1" 200 -
  [06:16:15] [  http] "GET /api/status HTTP/1.1" 200 -
  [06:16:15] [  http] "GET /api/drift HTTP/1.1" 200 -
  [06:16:15] [  http] "GET /api/session HTTP/1.1" 200 -
  [06:16:15] [  http] "GET /api/sessions HTTP/1.1" 200 -
  [06:16:16] [  http] "GET /api/drift HTTP/1.1" 200 -
  [06:16:17] [  http] "GET /api/drift HTTP/1.1" 200 -
  [06:16:17] [  http] "GET /api/aegis/stats?hours=24 HTTP/1.1" 200 -
  [06:16:17] [  http] "GET /api/aegis/stats?hours=24 HTTP/1.1" 200 -
  [06:16:17] [  http] "GET /api/aegis/healing-log?limit=15 HTTP/1.1" 200 -
  [06:16:17] [  http] "GET /api/aegis/healing-log?limit=15 HTTP/1.1" 200 -
  [06:16:17] [  http] "GET /api/aegis/recent-events?limit=15 HTTP/1.1" 200 -
  [06:16:17] [  http] "GET /api/aegis/recent-events?limit=15 HTTP/1.1" 200 -
  [06:16:18] [  http] "GET /api/aegis/stats?hours=24 HTTP/1.1" 200 -
  [06:16:18] [  http] "GET /api/aegis/healing-log?limit=15 HTTP/1.1" 200 -
  [06:16:18] [  http] "GET /api/aegis/recent-events?limit=15 HTTP/1.1" 200 -
  [06:16:18] [  http] "GET /api/drift HTTP/1.1" 200 -
  [06:16:19] [  http] "GET /api/drift HTTP/1.1" 200 -
  [06:16:19] [  http] "GET /api/drift HTTP/1.1" 200 -
  [06:16:20] [  http] "GET /api/governor HTTP/1.1" 200 -
  [06:16:21] [  http] "GET /api/governor HTTP/1.1" 200 -
  [06:16:21] [  http] "GET /api/drift HTTP/1.1" 200 -
  [06:16:22] [  http] "GET /api/aegis/stats?hours=24 HTTP/1.1" 200 -
  [06:16:22] [  http] "GET /api/aegis/stats?hours=24 HTTP/1.1" 200 -
  [06:16:22] [  http] "GET /api/drift HTTP/1.1" 200 -
  [06:16:22] [  http] "GET /api/governor HTTP/1.1" 200 -
  [06:16:23] [  http] "GET /api/drift HTTP/1.1" 200 -
  [06:16:23] [  http] "GET /api/aegis/stats?hours=24 HTTP/1.1" 200 -
  [06:16:24] [  http] "GET /api/drift HTTP/1.1" 200 -
  [06:16:25] [  http] "GET /api/drift HTTP/1.1" 200 -
  [06:16:26] [  http] "GET /api/drift HTTP/1.1" 200 -
  [06:16:26] [  http] "GET /api/status HTTP/1.1" 200 -
  [06:16:27] [  http] "GET /api/session HTTP/1.1" 200 -
  [06:16:27] [  http] "GET /api/sessions HTTP/1.1" 200 -
  [06:16:27] [  http] "GET /api/status HTTP/1.1" 200 -
  [06:16:27] [  http] "GET /api/session HTTP/1.1" 200 -
  [06:16:27] [  http] "GET /api/status HTTP/1.1" 200 -
  [06:16:27] [  http] "GET /api/aegis/healing-log?limit=15 HTTP/1.1" 200 -
  [06:16:27] [  http] "GET /api/aegis/stats?hours=24 HTTP/1.1" 200 -
  [06:16:27] [  http] "GET /api/aegis/recent-events?limit=15 HTTP/1.1" 200 -
  [06:16:27] [  http] "GET /api/sessions HTTP/1.1" 200 -
  [06:16:27] [  http] "GET /api/aegis/stats?hours=24 HTTP/1.1" 200 -
  [06:16:27] [  http] "GET /api/session HTTP/1.1" 200 -
  [06:16:27] [  http] "GET /api/sessions HTTP/1.1" 200 -
  [06:16:27] [  http] "GET /api/aegis/healing-log?limit=15 HTTP/1.1" 200 -
  [06:16:27] [  http] "GET /api/aegis/recent-events?limit=15 HTTP/1.1" 200 -
  [06:16:27] [  http] "GET /api/drift HTTP/1.1" 200 -
  [06:16:27] [  http] "GET /api/aegis/stats?hours=24 HTTP/1.1" 200 -
  [06:16:28] [  http] "GET /api/aegis/healing-log?limit=15 HTTP/1.1" 200 -
  [06:16:28] [  http] "GET /api/status HTTP/1.1" 200 -
  [06:16:28] [  http] "GET /api/aegis/recent-events?limit=15 HTTP/1.1" 200 -
  [06:16:28] [  http] "GET /api/session HTTP/1.1" 200 -
  [06:16:28] [  http] "GET /api/sessions HTTP/1.1" 200 -
  [06:16:28] [  http] "GET /api/drift HTTP/1.1" 200 -
  [06:16:28] [  http] "GET /api/drift HTTP/1.1" 200 -
  [06:16:30] [  http] "GET /api/governor HTTP/1.1" 200 -
  [06:16:30] [  http] "GET /api/drift HTTP/1.1" 200 -
  [06:16:31] [  http] "GET /api/status HTTP/1.1" 200 -
  [06:16:31] [  http] "GET /api/governor HTTP/1.1" 200 -
  [06:16:31] [  http] "GET /api/session HTTP/1.1" 200 -
  [06:16:31] [  http] "GET /api/sessions HTTP/1.1" 200 -
  [06:16:31] [  http] "GET /api/drift HTTP/1.1" 200 -
  [06:16:32] [  http] "GET /api/drift HTTP/1.1" 200 -
  [06:16:32] [  http] "GET /api/aegis/stats?hours=24 HTTP/1.1" 200 -
  [06:16:32] [  http] "GET /api/aegis/stats?hours=24 HTTP/1.1" 200 -
  [06:16:32] [  http] "GET /api/governor HTTP/1.1" 200 -
  [06:16:33] [  http] "GET /api/aegis/stats?hours=24 HTTP/1.1" 200 -
  [06:16:33] [  http] "GET /api/drift HTTP/1.1" 200 -
  [06:16:34] [  http] "GET /api/drift HTTP/1.1" 200 -
  [06:16:34] [heartbeat] up 7m00s · model=ready · inferring · pending=0
  [06:16:35] [  http] "GET /api/drift HTTP/1.1" 200 -
  [06:16:35] [  http] "GET /api/drift HTTP/1.1" 200 -
  [06:16:35] [  http] "GET /api/governor HTTP/1.1" 200 -
  [06:16:35] [  http] "GET /api/aegis/healing-log?limit=15 HTTP/1.1" 200 -
  [06:16:35] [  http] "GET /api/aegis/stats?hours=24 HTTP/1.1" 200 -
  [06:16:35] [  http] "GET /api/aegis/recent-events?limit=15 HTTP/1.1" 200 -
  [06:16:35] [  http] "GET /api/drift HTTP/1.1" 200 -
  [06:16:35] [  http] "GET /api/governor HTTP/1.1" 200 -
  [06:16:35] [  http] "GET /api/aegis/healing-log?limit=15 HTTP/1.1" 200 -
  [06:16:35] [  http] "GET /api/aegis/recent-events?limit=15 HTTP/1.1" 200 -
  [06:16:35] [  http] "GET /api/aegis/stats?hours=24 HTTP/1.1" 200 -
  [06:16:36] [  http] "GET /api/drift HTTP/1.1" 200 -
  [06:16:37] [  http] "GET /api/aegis/stats?hours=24 HTTP/1.1" 200 -
  [06:16:37] [  http] "GET /api/aegis/healing-log?limit=15 HTTP/1.1" 200 -
  [06:16:37] [  http] "GET /api/drift HTTP/1.1" 200 -
  [06:16:37] [  http] "GET /api/aegis/recent-events?limit=15 HTTP/1.1" 200 -
  [06:16:37] [  http] "GET /api/aegis/stats?hours=24 HTTP/1.1" 200 -
  [06:16:37] [  http] "GET /api/aegis/healing-log?limit=15 HTTP/1.1" 200 -
  [06:16:37] [  http] "GET /api/aegis/recent-events?limit=15 HTTP/1.1" 200 -
  [06:16:38] [  http] "GET /api/drift HTTP/1.1" 200 -
  [06:16:38] [  http] "GET /api/aegis/stats?hours=24 HTTP/1.1" 200 -
  [06:16:38] [  http] "GET /api/aegis/healing-log?limit=15 HTTP/1.1" 200 -
  [06:16:38] [  http] "GET /api/aegis/recent-events?limit=15 HTTP/1.1" 200 -
  [06:16:39] [  http] "GET /api/drift HTTP/1.1" 200 -
  [06:16:40] [  http] "GET /api/governor HTTP/1.1" 200 -
  [06:16:40] [  http] "GET /api/drift HTTP/1.1" 200 -
  [06:16:40] [  http] "GET /api/drift HTTP/1.1" 200 -
  [06:16:41] [  http] "GET /api/governor HTTP/1.1" 200 -
  [06:16:42] [  http] "GET /api/status HTTP/1.1" 200 -
  [06:16:42] [  http] "GET /api/session HTTP/1.1" 200 -
  [06:16:42] [  http] "GET /api/sessions HTTP/1.1" 200 -
  [06:16:42] [  http] "GET /api/aegis/stats?hours=24 HTTP/1.1" 200 -
  [06:16:42] [  http] "GET /api/status HTTP/1.1" 200 -
  [06:16:42] [  http] "GET /api/session HTTP/1.1" 200 -
  [06:16:42] [  http] "GET /api/sessions HTTP/1.1" 200 -
  [06:16:42] [  http] "GET /api/status HTTP/1.1" 200 -
  [06:16:42] [  http] "GET /api/aegis/stats?hours=24 HTTP/1.1" 200 -
  [06:16:42] [  http] "GET /api/governor HTTP/1.1" 200 -
  [06:16:42] [  http] "GET /api/drift HTTP/1.1" 200 -
  [06:16:42] [  http] "GET /api/aegis/stats?hours=24 HTTP/1.1" 200 -
  [06:16:43] [  http] "GET /api/session HTTP/1.1" 200 -
  [06:16:43] [  http] "GET /api/sessions HTTP/1.1" 200 -
  [06:16:43] [  http] "GET /api/drift HTTP/1.1" 200 -
  [06:16:44] [  http] "GET /api/drift HTTP/1.1" 200 -
  [OV:newton] ~303 tok, 4.9 tok/s
[AAP] attractor=Fact eps=0.20 trust=0.780
[RENDER-AUDIT] ok overlap=96.77%
[PHASE6] Done: 2592 chars, 303 tokens
  [MEMORY] [generation] baseline=2237MB peak=2758MB (+521 transient) retained=+427MB in 61.6s (240 samples)
  [WORKER] Got result: response=2592 chars, adapter=newton
  [GOVERNOR] Response exceeded token budget (648 est vs 200 budget).
WARNING:CodetteSubsystemUpgrade:[AEGIS] would-veto (SHADOW) — ubuntu=0.40 < 0.5 (η=0.93); passing through
  [AEGIS] would-block (SHADOW) η=0.9276 — enforcing nothing yet
  [06:16:44] [  http] "GET /api/status HTTP/1.1" 200 -
  [COGNITION] ξ=— Γ=— η=0.9276 σ=0.0 fidelity=0.9677 P=0.313 (all measured)
  [06:16:44] [  http] "POST /api/chat HTTP/1.1" 200 -
  [06:16:44] [  http] "GET /api/session HTTP/1.1" 200 -
  [06:16:44] [  http] "GET /api/sessions HTTP/1.1" 200 -
  [06:16:45] [  http] "GET /api/drift HTTP/1.1" 200 -
  [06:16:46] [  http] "GET /api/drift HTTP/1.1" 200 -
  [WORKER] Processing query: What is the correct answer to this question: A quantum mecha...
INFO:reasoning_forge.behavior_governor:[GOVERNOR] Pre: identity=none (conf=0.15), memory=2 cocoons, tokens=400, compression=normal
  [GOVERNOR] identity=none (conf=0.15), memory=2 cocoons, tokens=400, compression=normal
  [WORKER] Using forge bridge (Phase 6/7)
[PHASE6] Query complexity: QueryComplexity.MEDIUM
[PHASE7] Route: debate,semantic_tension,specialization_tracking,memory_weighting,gamma_monitoring,synthesis
[PHASE6] Domain: physics, max_adapters: 2

  [OV] Route: newton + quantum (conf=0.67, keyword)
  [06:16:47] [  http] "GET /api/drift HTTP/1.1" 200 -
  [06:16:47] [  http] "GET /api/status HTTP/1.1" 200 -
  [06:16:47] [  http] "GET /api/aegis/stats?hours=24 HTTP/1.1" 200 -
  [06:16:47] [  http] "GET /api/aegis/stats?hours=24 HTTP/1.1" 200 -
  [06:16:47] [  http] "GET /api/aegis/healing-log?limit=15 HTTP/1.1" 200 -
  [06:16:47] [  http] "GET /api/aegis/recent-events?limit=15 HTTP/1.1" 200 -
  [06:16:47] [  http] "GET /api/session HTTP/1.1" 200 -
  [06:16:47] [  http] "GET /api/sessions HTTP/1.1" 200 -
  [06:16:47] [  http] "GET /api/aegis/healing-log?limit=15 HTTP/1.1" 200 -
  [06:16:47] [  http] "GET /api/aegis/recent-events?limit=15 HTTP/1.1" 200 -
  [06:16:48] [  http] "GET /api/aegis/stats?hours=24 HTTP/1.1" 200 -
  [06:16:48] [  http] "GET /api/aegis/healing-log?limit=15 HTTP/1.1" 200 -
  [06:16:48] [  http] "GET /api/aegis/recent-events?limit=15 HTTP/1.1" 200 -
  [06:16:48] [  http] "GET /api/drift HTTP/1.1" 200 -
  [06:16:49] [  http] "GET /api/drift HTTP/1.1" 200 -
  [06:16:49] [  http] "GET /api/drift HTTP/1.1" 200 -
  [06:16:50] [  http] "GET /api/governor HTTP/1.1" 200 -
  [06:16:51] [  http] "GET /api/governor HTTP/1.1" 200 -
  [06:16:51] [  http] "GET /api/drift HTTP/1.1" 200 -
  [06:16:52] [  http] "GET /api/aegis/stats?hours=24 HTTP/1.1" 200 -
  [06:16:52] [  http] "GET /api/aegis/stats?hours=24 HTTP/1.1" 200 -
  [06:16:52] [  http] "GET /api/drift HTTP/1.1" 200 -
  [06:16:52] [  http] "GET /api/governor HTTP/1.1" 200 -
  [06:16:53] [  http] "GET /api/aegis/stats?hours=24 HTTP/1.1" 200 -
  [06:16:53] [  http] "GET /api/drift HTTP/1.1" 200 -
  [06:16:54] [  http] "GET /api/drift HTTP/1.1" 200 -
  [06:16:55] [  http] "GET /api/drift HTTP/1.1" 200 -
  [06:16:56] [  http] "GET /api/drift HTTP/1.1" 200 -
  [06:16:57] [  http] "GET /api/status HTTP/1.1" 200 -
  [06:16:57] [  http] "GET /api/session HTTP/1.1" 200 -
  [06:16:57] [  http] "GET /api/sessions HTTP/1.1" 200 -
  [06:16:57] [  http] "GET /api/status HTTP/1.1" 200 -
  [06:16:57] [  http] "GET /api/aegis/stats?hours=24 HTTP/1.1" 200 -
  [06:16:57] [  http] "GET /api/aegis/healing-log?limit=15 HTTP/1.1" 200 -
  [06:16:57] [  http] "GET /api/aegis/recent-events?limit=15 HTTP/1.1" 200 -
  [06:16:57] [  http] "GET /api/session HTTP/1.1" 200 -
  [06:16:57] [  http] "GET /api/sessions HTTP/1.1" 200 -
  [06:16:57] [  http] "GET /api/status HTTP/1.1" 200 -
  [06:16:57] [  http] "GET /api/aegis/stats?hours=24 HTTP/1.1" 200 -
  [06:16:57] [  http] "GET /api/aegis/recent-events?limit=15 HTTP/1.1" 200 -
  [06:16:57] [  http] "GET /api/aegis/healing-log?limit=15 HTTP/1.1" 200 -
  [06:16:57] [  http] "GET /api/drift HTTP/1.1" 200 -
  [06:16:58] [  http] "GET /api/session HTTP/1.1" 200 -
  [06:16:58] [  http] "GET /api/sessions HTTP/1.1" 200 -
  [06:16:58] [  http] "GET /api/aegis/stats?hours=24 HTTP/1.1" 200 -
  [06:16:58] [  http] "GET /api/aegis/recent-events?limit=15 HTTP/1.1" 200 -
  [06:16:58] [  http] "GET /api/aegis/healing-log?limit=15 HTTP/1.1" 200 -
  [06:16:58] [  http] "GET /api/drift HTTP/1.1" 200 -
  [06:16:59] [  http] "GET /api/drift HTTP/1.1" 200 -
  [06:17:00] [  http] "GET /api/governor HTTP/1.1" 200 -
  [06:17:00] [  http] "GET /api/status HTTP/1.1" 200 -
  [06:17:00] [  http] "GET /api/session HTTP/1.1" 200 -
  [06:17:00] [  http] "GET /api/sessions HTTP/1.1" 200 -
  [06:17:00] [  http] "GET /api/drift HTTP/1.1" 200 -
  [06:17:01] [  http] "GET /api/drift HTTP/1.1" 200 -
  [06:17:01] [  http] "GET /api/governor HTTP/1.1" 200 -
  [06:17:02] [  http] "GET /api/drift HTTP/1.1" 200 -
  [06:17:02] [  http] "GET /api/aegis/stats?hours=24 HTTP/1.1" 200 -
  [06:17:02] [  http] "GET /api/aegis/stats?hours=24 HTTP/1.1" 200 -
  [06:17:02] [  http] "GET /api/governor HTTP/1.1" 200 -
  [06:17:03] [  http] "GET /api/status HTTP/1.1" 200 -
  [06:17:03] [  http] "GET /api/aegis/stats?hours=24 HTTP/1.1" 200 -
  [06:17:03] [  http] "GET /api/session HTTP/1.1" 200 -
  [06:17:03] [  http] "GET /api/sessions HTTP/1.1" 200 -
  [06:17:03] [  http] "GET /api/drift HTTP/1.1" 200 -
  [06:17:04] [  http] "GET /api/drift HTTP/1.1" 200 -
  [06:17:04] [heartbeat] up 7m30s · model=ready · inferring · pending=0
  [06:17:05] [  http] "GET /api/drift HTTP/1.1" 200 -
  [06:17:06] [  http] "GET /api/drift HTTP/1.1" 200 -
  [06:17:07] [  http] "GET /api/aegis/stats?hours=24 HTTP/1.1" 200 -
  [06:17:07] [  http] "GET /api/aegis/healing-log?limit=15 HTTP/1.1" 200 -
  [06:17:07] [  http] "GET /api/aegis/recent-events?limit=15 HTTP/1.1" 200 -
  [06:17:07] [  http] "GET /api/drift HTTP/1.1" 200 -
  [06:17:07] [  http] "GET /api/aegis/stats?hours=24 HTTP/1.1" 200 -
  [06:17:07] [  http] "GET /api/aegis/healing-log?limit=15 HTTP/1.1" 200 -
  [06:17:07] [  http] "GET /api/aegis/recent-events?limit=15 HTTP/1.1" 200 -
  [06:17:08] [  http] "GET /api/drift HTTP/1.1" 200 -
  [06:17:08] [  http] "GET /api/aegis/stats?hours=24 HTTP/1.1" 200 -
  [06:17:08] [  http] "GET /api/aegis/healing-log?limit=15 HTTP/1.1" 200 -
  [06:17:08] [  http] "GET /api/aegis/recent-events?limit=15 HTTP/1.1" 200 -
  [06:17:09] [  http] "GET /api/drift HTTP/1.1" 200 -
  [06:17:10] [  http] "GET /api/governor HTTP/1.1" 200 -
  [06:17:10] [  http] "GET /api/drift HTTP/1.1" 200 -
  [06:17:10] [  http] "GET /api/drift HTTP/1.1" 200 -
  [06:17:11] [  http] "GET /api/governor HTTP/1.1" 200 -
  [06:17:12] [  http] "GET /api/status HTTP/1.1" 200 -
  [06:17:12] [  http] "GET /api/session HTTP/1.1" 200 -
  [06:17:12] [  http] "GET /api/sessions HTTP/1.1" 200 -
  [06:17:12] [  http] "GET /api/status HTTP/1.1" 200 -
  [06:17:12] [  http] "GET /api/aegis/stats?hours=24 HTTP/1.1" 200 -
  [06:17:12] [  http] "GET /api/governor HTTP/1.1" 200 -
  [06:17:12] [  http] "GET /api/aegis/stats?hours=24 HTTP/1.1" 200 -
  [06:17:12] [  http] "GET /api/drift HTTP/1.1" 200 -
  [06:17:12] [  http] "GET /api/session HTTP/1.1" 200 -
  [06:17:12] [  http] "GET /api/sessions HTTP/1.1" 200 -
  [06:17:13] [  http] "GET /api/status HTTP/1.1" 200 -
  [06:17:13] [  http] "GET /api/aegis/stats?hours=24 HTTP/1.1" 200 -
  [06:17:13] [  http] "GET /api/session HTTP/1.1" 200 -
  [06:17:13] [  http] "GET /api/sessions HTTP/1.1" 200 -
  [06:17:13] [  http] "GET /api/drift HTTP/1.1" 200 -
  [06:17:13] [  http] "GET /api/drift HTTP/1.1" 200 -
  [06:17:15] [  http] "GET /api/drift HTTP/1.1" 200 -
  [06:17:16] [  http] "GET /api/status HTTP/1.1" 200 -
  [06:17:16] [  http] "GET /api/drift HTTP/1.1" 200 -
  [06:17:16] [  http] "GET /api/session HTTP/1.1" 200 -
  [06:17:16] [  http] "GET /api/sessions HTTP/1.1" 200 -
  [06:17:16] [  http] "GET /api/drift HTTP/1.1" 200 -
  [06:17:17] [  http] "GET /api/aegis/stats?hours=24 HTTP/1.1" 200 -
  [06:17:17] [  http] "GET /api/aegis/healing-log?limit=15 HTTP/1.1" 200 -
  [06:17:17] [  http] "GET /api/aegis/recent-events?limit=15 HTTP/1.1" 200 -
  [06:17:17] [  http] "GET /api/aegis/healing-log?limit=15 HTTP/1.1" 200 -
  [06:17:17] [  http] "GET /api/aegis/stats?hours=24 HTTP/1.1" 200 -
  [06:17:17] [  http] "GET /api/aegis/recent-events?limit=15 HTTP/1.1" 200 -
  [06:17:18] [  http] "GET /api/aegis/healing-log?limit=15 HTTP/1.1" 200 -
  [06:17:18] [  http] "GET /api/aegis/stats?hours=24 HTTP/1.1" 200 -
  [06:17:18] [  http] "GET /api/aegis/recent-events?limit=15 HTTP/1.1" 200 -
  [06:17:18] [  http] "GET /api/drift HTTP/1.1" 200 -
  [06:17:19] [  http] "GET /api/status HTTP/1.1" 200 -
  [06:17:19] [  http] "GET /api/drift HTTP/1.1" 200 -
  [06:17:19] [  http] "GET /api/session HTTP/1.1" 200 -
  [06:17:19] [  http] "GET /api/sessions HTTP/1.1" 200 -
  [06:17:20] [  http] "GET /api/drift HTTP/1.1" 200 -
  [06:17:20] [  http] "GET /api/governor HTTP/1.1" 200 -
  [06:17:21] [  http] "GET /api/governor HTTP/1.1" 200 -
  [06:17:21] [  http] "GET /api/drift HTTP/1.1" 200 -
  [06:17:22] [  http] "GET /api/aegis/stats?hours=24 HTTP/1.1" 200 -
  [06:17:22] [  http] "GET /api/aegis/stats?hours=24 HTTP/1.1" 200 -
  [06:17:22] [  http] "GET /api/drift HTTP/1.1" 200 -
  [06:17:23] [  http] "GET /api/governor HTTP/1.1" 200 -
  [06:17:23] [  http] "GET /api/aegis/stats?hours=24 HTTP/1.1" 200 -
  [06:17:23] [  http] "GET /api/drift HTTP/1.1" 200 -
  [06:17:24] [  http] "GET /api/drift HTTP/1.1" 200 -
  [06:17:25] [  http] "GET /api/drift HTTP/1.1" 200 -
  [06:17:26] [  http] "GET /api/drift HTTP/1.1" 200 -
  [06:17:27] [  http] "GET /api/status HTTP/1.1" 200 -
  [06:17:27] [  http] "GET /api/session HTTP/1.1" 200 -
  [06:17:27] [  http] "GET /api/sessions HTTP/1.1" 200 -
  [06:17:27] [  http] "GET /api/aegis/stats?hours=24 HTTP/1.1" 200 -
  [06:17:27] [  http] "GET /api/aegis/stats?hours=24 HTTP/1.1" 200 -
  [06:17:27] [  http] "GET /api/aegis/healing-log?limit=15 HTTP/1.1" 200 -
  [06:17:27] [  http] "GET /api/aegis/recent-events?limit=15 HTTP/1.1" 200 -
  [06:17:27] [  http] "GET /api/aegis/healing-log?limit=15 HTTP/1.1" 200 -
  [06:17:27] [  http] "GET /api/aegis/recent-events?limit=15 HTTP/1.1" 200 -
  [06:17:27] [  http] "GET /api/drift HTTP/1.1" 200 -
  [06:17:27] [  http] "GET /api/status HTTP/1.1" 200 -
  [06:17:28] [  http] "GET /api/aegis/stats?hours=24 HTTP/1.1" 200 -
  [06:17:28] [  http] "GET /api/status HTTP/1.1" 200 -
  [06:17:28] [  http] "GET /api/aegis/recent-events?limit=15 HTTP/1.1" 200 -
  [06:17:28] [  http] "GET /api/aegis/healing-log?limit=15 HTTP/1.1" 200 -
  [06:17:28] [  http] "GET /api/session HTTP/1.1" 200 -
  [06:17:28] [  http] "GET /api/sessions HTTP/1.1" 200 -
  [06:17:28] [  http] "GET /api/session HTTP/1.1" 200 -
  [06:17:28] [  http] "GET /api/sessions HTTP/1.1" 200 -
  [06:17:28] [  http] "GET /api/drift HTTP/1.1" 200 -
  [06:17:29] [  http] "GET /api/drift HTTP/1.1" 200 -
  [06:17:30] [  http] "GET /api/governor HTTP/1.1" 200 -
  [OV:newton] ~377 tok, 8.5 tok/s
  [06:17:30] [  http] "GET /api/drift HTTP/1.1" 200 -
  [06:17:31] [  http] "GET /api/drift HTTP/1.1" 200 -
  [06:17:31] [  http] "GET /api/governor HTTP/1.1" 200 -
  [06:17:32] [  http] "GET /api/drift HTTP/1.1" 200 -
  [06:17:32] [  http] "GET /api/status HTTP/1.1" 200 -
  [06:17:32] [  http] "GET /api/aegis/stats?hours=24 HTTP/1.1" 200 -
  [06:17:32] [  http] "GET /api/aegis/stats?hours=24 HTTP/1.1" 200 -
  [06:17:32] [  http] "GET /api/session HTTP/1.1" 200 -
  [06:17:32] [  http] "GET /api/sessions HTTP/1.1" 200 -
  [06:17:32] [  http] "GET /api/governor HTTP/1.1" 200 -
  [06:17:33] [  http] "GET /api/aegis/stats?hours=24 HTTP/1.1" 200 -
  [06:17:33] [  http] "GET /api/drift HTTP/1.1" 200 -
  [06:17:34] [  http] "GET /api/drift HTTP/1.1" 200 -
  [06:17:34] [heartbeat] up 8m00s · model=ready · inferring · pending=0
  [06:17:35] [  http] "GET /api/drift HTTP/1.1" 200 -
  [06:17:35] [  http] "GET /api/drift HTTP/1.1" 200 -
  [06:17:35] [  http] "GET /api/aegis/stats?hours=24 HTTP/1.1" 200 -
  [06:17:35] [  http] "GET /api/aegis/healing-log?limit=15 HTTP/1.1" 200 -
  [06:17:35] [  http] "GET /api/aegis/recent-events?limit=15 HTTP/1.1" 200 -
  [06:17:35] [  http] "GET /api/governor HTTP/1.1" 200 -
  [06:17:35] [  http] "GET /api/status HTTP/1.1" 200 -
  [06:17:35] [  http] "GET /api/drift HTTP/1.1" 200 -
  [06:17:35] [  http] "GET /api/aegis/stats?hours=24 HTTP/1.1" 200 -
  [06:17:35] [  http] "GET /api/aegis/healing-log?limit=15 HTTP/1.1" 200 -
  [06:17:35] [  http] "GET /api/aegis/recent-events?limit=15 HTTP/1.1" 200 -
  [06:17:35] [  http] "GET /api/governor HTTP/1.1" 200 -
  [06:17:35] [  http] "GET /api/session HTTP/1.1" 200 -
  [06:17:36] [  http] "GET /api/sessions HTTP/1.1" 200 -
  [06:17:36] [  http] "GET /api/drift HTTP/1.1" 200 -
  [06:17:37] [  http] "GET /api/aegis/healing-log?limit=15 HTTP/1.1" 200 -
  [06:17:37] [  http] "GET /api/aegis/recent-events?limit=15 HTTP/1.1" 200 -
  [06:17:37] [  http] "GET /api/aegis/stats?hours=24 HTTP/1.1" 200 -
  [06:17:37] [  http] "GET /api/drift HTTP/1.1" 200 -
  [06:17:37] [  http] "GET /api/aegis/stats?hours=24 HTTP/1.1" 200 -
  [06:17:37] [  http] "GET /api/aegis/healing-log?limit=15 HTTP/1.1" 200 -
  [06:17:37] [  http] "GET /api/aegis/recent-events?limit=15 HTTP/1.1" 200 -
  [06:17:38] [  http] "GET /api/drift HTTP/1.1" 200 -
  [06:17:38] [  http] "GET /api/aegis/stats?hours=24 HTTP/1.1" 200 -
  [06:17:38] [  http] "GET /api/aegis/healing-log?limit=15 HTTP/1.1" 200 -
  [06:17:38] [  http] "GET /api/aegis/recent-events?limit=15 HTTP/1.1" 200 -
  [06:17:39] [  http] "GET /api/drift HTTP/1.1" 200 -
  [06:17:40] [  http] "GET /api/drift HTTP/1.1" 200 -
  [06:17:40] [  http] "GET /api/governor HTTP/1.1" 200 -
  [06:17:40] [  http] "GET /api/drift HTTP/1.1" 200 -
  [06:17:41] [  http] "GET /api/governor HTTP/1.1" 200 -
  [06:17:42] [  http] "GET /api/status HTTP/1.1" 200 -
  [06:17:42] [  http] "GET /api/session HTTP/1.1" 200 -
  [06:17:42] [  http] "GET /api/sessions HTTP/1.1" 200 -
  [06:17:42] [  http] "GET /api/aegis/stats?hours=24 HTTP/1.1" 200 -
  [06:17:42] [  http] "GET /api/aegis/stats?hours=24 HTTP/1.1" 200 -
  [06:17:42] [  http] "GET /api/governor HTTP/1.1" 200 -
  [06:17:42] [  http] "GET /api/drift HTTP/1.1" 200 -
  [06:17:42] [  http] "GET /api/aegis/stats?hours=24 HTTP/1.1" 200 -
  [06:17:43] [  http] "GET /api/status HTTP/1.1" 200 -
  [06:17:43] [  http] "GET /api/status HTTP/1.1" 200 -
  [06:17:43] [  http] "GET /api/session HTTP/1.1" 200 -
  [06:17:43] [  http] "GET /api/session HTTP/1.1" 200 -
  [06:17:43] [  http] "GET /api/sessions HTTP/1.1" 200 -
  [06:17:43] [  http] "GET /api/sessions HTTP/1.1" 200 -
  [06:17:43] [  http] "GET /api/drift HTTP/1.1" 200 -
  [06:17:43] [  http] "GET /api/drift HTTP/1.1" 200 -
  [06:17:45] [  http] "GET /api/drift HTTP/1.1" 200 -
  [06:17:46] [  http] "GET /api/drift HTTP/1.1" 200 -
  [06:17:46] [  http] "GET /api/drift HTTP/1.1" 200 -
  [06:17:47] [  http] "GET /api/aegis/stats?hours=24 HTTP/1.1" 200 -
  [06:17:47] [  http] "GET /api/aegis/healing-log?limit=15 HTTP/1.1" 200 -
  [06:17:47] [  http] "GET /api/aegis/recent-events?limit=15 HTTP/1.1" 200 -
  [06:17:47] [  http] "GET /api/aegis/stats?hours=24 HTTP/1.1" 200 -
  [06:17:47] [  http] "GET /api/aegis/healing-log?limit=15 HTTP/1.1" 200 -
  [06:17:47] [  http] "GET /api/aegis/recent-events?limit=15 HTTP/1.1" 200 -
  [06:17:48] [  http] "GET /api/status HTTP/1.1" 200 -
  [06:17:48] [  http] "GET /api/aegis/stats?hours=24 HTTP/1.1" 200 -
  [06:17:48] [  http] "GET /api/aegis/healing-log?limit=15 HTTP/1.1" 200 -
  [06:17:48] [  http] "GET /api/aegis/recent-events?limit=15 HTTP/1.1" 200 -
  [06:17:48] [  http] "GET /api/session HTTP/1.1" 200 -
  [06:17:48] [  http] "GET /api/sessions HTTP/1.1" 200 -
  [06:17:48] [  http] "GET /api/drift HTTP/1.1" 200 -
  [06:17:49] [  http] "GET /api/drift HTTP/1.1" 200 -
  [06:17:50] [  http] "GET /api/drift HTTP/1.1" 200 -
  [06:17:50] [  http] "GET /api/governor HTTP/1.1" 200 -
  [06:17:51] [  http] "GET /api/governor HTTP/1.1" 200 -
  [06:17:51] [  http] "GET /api/status HTTP/1.1" 200 -
  [06:17:51] [  http] "GET /api/session HTTP/1.1" 200 -
  [06:17:51] [  http] "GET /api/sessions HTTP/1.1" 200 -
  [06:17:51] [  http] "GET /api/drift HTTP/1.1" 200 -
  [06:17:52] [  http] "GET /api/aegis/stats?hours=24 HTTP/1.1" 200 -
  [06:17:52] [  http] "GET /api/aegis/stats?hours=24 HTTP/1.1" 200 -
  [06:17:52] [  http] "GET /api/drift HTTP/1.1" 200 -
  [06:17:53] [  http] "GET /api/governor HTTP/1.1" 200 -
  [06:17:53] [  http] "GET /api/aegis/stats?hours=24 HTTP/1.1" 200 -
  [06:17:53] [  http] "GET /api/drift HTTP/1.1" 200 -
  [06:17:54] [  http] "GET /api/drift HTTP/1.1" 200 -
  [06:17:55] [  http] "GET /api/drift HTTP/1.1" 200 -
  [06:17:56] [  http] "GET /api/drift HTTP/1.1" 200 -
  [06:17:57] [  http] "GET /api/status HTTP/1.1" 200 -
  [06:17:57] [  http] "GET /api/session HTTP/1.1" 200 -
  [06:17:57] [  http] "GET /api/sessions HTTP/1.1" 200 -
  [06:17:57] [  http] "GET /api/aegis/healing-log?limit=15 HTTP/1.1" 200 -
  [06:17:57] [  http] "GET /api/aegis/stats?hours=24 HTTP/1.1" 200 -
  [06:17:57] [  http] "GET /api/aegis/recent-events?limit=15 HTTP/1.1" 200 -
  [06:17:57] [  http] "GET /api/aegis/stats?hours=24 HTTP/1.1" 200 -
  [06:17:57] [  http] "GET /api/aegis/healing-log?limit=15 HTTP/1.1" 200 -
  [06:17:57] [  http] "GET /api/aegis/recent-events?limit=15 HTTP/1.1" 200 -
  [06:17:57] [  http] "GET /api/drift HTTP/1.1" 200 -
  [06:17:57] [  http] "GET /api/aegis/stats?hours=24 HTTP/1.1" 200 -
  [06:17:58] [  http] "GET /api/status HTTP/1.1" 200 -
  [06:17:58] [  http] "GET /api/aegis/recent-events?limit=15 HTTP/1.1" 200 -
  [06:17:58] [  http] "GET /api/aegis/healing-log?limit=15 HTTP/1.1" 200 -
  [06:17:58] [  http] "GET /api/session HTTP/1.1" 200 -
  [06:17:58] [  http] "GET /api/sessions HTTP/1.1" 200 -
  [06:17:58] [  http] "GET /api/status HTTP/1.1" 200 -
  [06:17:58] [  http] "GET /api/drift HTTP/1.1" 200 -
  [06:17:58] [  http] "GET /api/session HTTP/1.1" 200 -
  [06:17:58] [  http] "GET /api/sessions HTTP/1.1" 200 -
  [06:17:59] [  http] "GET /api/drift HTTP/1.1" 200 -
  [06:18:00] [  http] "GET /api/governor HTTP/1.1" 200 -
  [06:18:00] [  http] "GET /api/drift HTTP/1.1" 200 -
  [06:18:01] [  http] "GET /api/drift HTTP/1.1" 200 -
  [06:18:01] [  http] "GET /api/governor HTTP/1.1" 200 -
  [06:18:02] [  http] "GET /api/drift HTTP/1.1" 200 -
  [06:18:02] [  http] "GET /api/aegis/stats?hours=24 HTTP/1.1" 200 -
  [06:18:02] [  http] "GET /api/aegis/stats?hours=24 HTTP/1.1" 200 -
  [06:18:02] [  http] "GET /api/governor HTTP/1.1" 200 -
  [06:18:03] [  http] "GET /api/aegis/stats?hours=24 HTTP/1.1" 200 -
  [06:18:03] [  http] "GET /api/drift HTTP/1.1" 200 -
  [06:18:04] [  http] "GET /api/status HTTP/1.1" 200 -
  [06:18:04] [  http] "GET /api/session HTTP/1.1" 200 -
  [06:18:04] [  http] "GET /api/sessions HTTP/1.1" 200 -
  [06:18:04] [heartbeat] up 8m30s · model=ready · inferring · pending=0
  [06:18:04] [  http] "GET /api/drift HTTP/1.1" 200 -
  [06:18:05] [  http] "GET /api/drift HTTP/1.1" 200 -
  [06:18:06] [  http] "GET /api/drift HTTP/1.1" 200 -
  [06:18:07] [  http] "GET /api/status HTTP/1.1" 200 -
  [06:18:07] [  http] "GET /api/session HTTP/1.1" 200 -
  [06:18:07] [  http] "GET /api/sessions HTTP/1.1" 200 -
  [06:18:07] [  http] "GET /api/aegis/healing-log?limit=15 HTTP/1.1" 200 -
  [06:18:07] [  http] "GET /api/aegis/stats?hours=24 HTTP/1.1" 200 -
  [06:18:07] [  http] "GET /api/aegis/recent-events?limit=15 HTTP/1.1" 200 -
  [06:18:07] [  http] "GET /api/drift HTTP/1.1" 200 -
  [06:18:07] [  http] "GET /api/aegis/stats?hours=24 HTTP/1.1" 200 -
  [06:18:07] [  http] "GET /api/aegis/healing-log?limit=15 HTTP/1.1" 200 -
  [06:18:07] [  http] "GET /api/aegis/recent-events?limit=15 HTTP/1.1" 200 -
  [06:18:08] [  http] "GET /api/drift HTTP/1.1" 200 -
  [06:18:08] [  http] "GET /api/aegis/stats?hours=24 HTTP/1.1" 200 -
  [06:18:08] [  http] "GET /api/aegis/healing-log?limit=15 HTTP/1.1" 200 -
  [06:18:08] [  http] "GET /api/aegis/recent-events?limit=15 HTTP/1.1" 200 -
  [06:18:09] [  http] "GET /api/drift HTTP/1.1" 200 -
  [06:18:10] [  http] "GET /api/governor HTTP/1.1" 200 -
  [OV:quantum] ~380 tok, 9.7 tok/s
  [06:18:10] [  http] "GET /api/drift HTTP/1.1" 200 -
  [06:18:10] [  http] "GET /api/drift HTTP/1.1" 200 -
  [06:18:11] [  http] "GET /api/governor HTTP/1.1" 200 -
  [06:18:12] [  http] "GET /api/status HTTP/1.1" 200 -
  [06:18:12] [  http] "GET /api/aegis/stats?hours=24 HTTP/1.1" 200 -
  [06:18:12] [  http] "GET /api/session HTTP/1.1" 200 -
  [06:18:12] [  http] "GET /api/sessions HTTP/1.1" 200 -
  [06:18:12] [  http] "GET /api/aegis/stats?hours=24 HTTP/1.1" 200 -
  [06:18:12] [  http] "GET /api/drift HTTP/1.1" 200 -
  [06:18:12] [  http] "GET /api/aegis/stats?hours=24 HTTP/1.1" 200 -
  [06:18:13] [  http] "GET /api/governor HTTP/1.1" 200 -
  [06:18:13] [  http] "GET /api/status HTTP/1.1" 200 -
  [06:18:13] [  http] "GET /api/session HTTP/1.1" 200 -
  [06:18:13] [  http] "GET /api/status HTTP/1.1" 200 -
  [06:18:13] [  http] "GET /api/sessions HTTP/1.1" 200 -
  [06:18:13] [  http] "GET /api/drift HTTP/1.1" 200 -
  [06:18:13] [  http] "GET /api/session HTTP/1.1" 200 -
  [06:18:13] [  http] "GET /api/sessions HTTP/1.1" 200 -
  [06:18:14] [  http] "GET /api/drift HTTP/1.1" 200 -
  [06:18:15] [  http] "GET /api/drift HTTP/1.1" 200 -
  [06:18:16] [  http] "GET /api/drift HTTP/1.1" 200 -
  [06:18:17] [  http] "GET /api/drift HTTP/1.1" 200 -
  [06:18:17] [  http] "GET /api/aegis/stats?hours=24 HTTP/1.1" 200 -
  [06:18:17] [  http] "GET /api/aegis/stats?hours=24 HTTP/1.1" 200 -
  [06:18:17] [  http] "GET /api/aegis/healing-log?limit=15 HTTP/1.1" 200 -
  [06:18:17] [  http] "GET /api/aegis/recent-events?limit=15 HTTP/1.1" 200 -
  [06:18:17] [  http] "GET /api/aegis/healing-log?limit=15 HTTP/1.1" 200 -
  [06:18:17] [  http] "GET /api/aegis/recent-events?limit=15 HTTP/1.1" 200 -
  [06:18:18] [  http] "GET /api/aegis/stats?hours=24 HTTP/1.1" 200 -
  [06:18:18] [  http] "GET /api/aegis/healing-log?limit=15 HTTP/1.1" 200 -
  [06:18:18] [  http] "GET /api/aegis/recent-events?limit=15 HTTP/1.1" 200 -
  [06:18:18] [  http] "GET /api/drift HTTP/1.1" 200 -
  [06:18:19] [  http] "GET /api/drift HTTP/1.1" 200 -
  [06:18:19] [  http] "GET /api/drift HTTP/1.1" 200 -
  [06:18:20] [  http] "GET /api/status HTTP/1.1" 200 -
  [06:18:20] [  http] "GET /api/governor HTTP/1.1" 200 -
  [06:18:20] [  http] "GET /api/session HTTP/1.1" 200 -
  [06:18:20] [  http] "GET /api/sessions HTTP/1.1" 200 -
  [06:18:21] [  http] "GET /api/governor HTTP/1.1" 200 -
  [06:18:21] [  http] "GET /api/drift HTTP/1.1" 200 -
  [06:18:22] [  http] "GET /api/aegis/stats?hours=24 HTTP/1.1" 200 -
  [06:18:22] [  http] "GET /api/aegis/stats?hours=24 HTTP/1.1" 200 -
  [06:18:22] [  http] "GET /api/drift HTTP/1.1" 200 -
  [06:18:23] [  http] "GET /api/governor HTTP/1.1" 200 -
  [06:18:23] [  http] "GET /api/drift HTTP/1.1" 200 -
  [06:18:23] [  http] "GET /api/aegis/stats?hours=24 HTTP/1.1" 200 -
  [06:18:23] [  http] "GET /api/status HTTP/1.1" 200 -
  [06:18:23] [  http] "GET /api/session HTTP/1.1" 200 -
  [06:18:23] [  http] "GET /api/sessions HTTP/1.1" 200 -
  [06:18:24] [  http] "GET /api/drift HTTP/1.1" 200 -
  [06:18:25] [  http] "GET /api/drift HTTP/1.1" 200 -
  [06:18:26] [  http] "GET /api/drift HTTP/1.1" 200 -
  [06:18:27] [  http] "GET /api/status HTTP/1.1" 200 -
  [06:18:27] [  http] "GET /api/session HTTP/1.1" 200 -
  [06:18:27] [  http] "GET /api/sessions HTTP/1.1" 200 -
  [06:18:27] [  http] "GET /api/aegis/stats?hours=24 HTTP/1.1" 200 -
  [06:18:27] [  http] "GET /api/aegis/healing-log?limit=15 HTTP/1.1" 200 -
  [06:18:27] [  http] "GET /api/aegis/recent-events?limit=15 HTTP/1.1" 200 -
  [06:18:27] [  http] "GET /api/aegis/stats?hours=24 HTTP/1.1" 200 -
  [06:18:27] [  http] "GET /api/aegis/healing-log?limit=15 HTTP/1.1" 200 -
  [06:18:27] [  http] "GET /api/aegis/recent-events?limit=15 HTTP/1.1" 200 -
  [06:18:27] [  http] "GET /api/drift HTTP/1.1" 200 -
  [06:18:27] [  http] "GET /api/aegis/stats?hours=24 HTTP/1.1" 200 -
  [06:18:28] [  http] "GET /api/aegis/healing-log?limit=15 HTTP/1.1" 200 -
  [06:18:28] [  http] "GET /api/aegis/recent-events?limit=15 HTTP/1.1" 200 -
  [06:18:28] [  http] "GET /api/status HTTP/1.1" 200 -
  [06:18:28] [  http] "GET /api/drift HTTP/1.1" 200 -
  [06:18:28] [  http] "GET /api/session HTTP/1.1" 200 -
  [06:18:28] [  http] "GET /api/sessions HTTP/1.1" 200 -
  [06:18:28] [  http] "GET /api/status HTTP/1.1" 200 -
  [06:18:29] [  http] "GET /api/session HTTP/1.1" 200 -
  [06:18:29] [  http] "GET /api/drift HTTP/1.1" 200 -
  [06:18:29] [  http] "GET /api/sessions HTTP/1.1" 200 -
  [06:18:30] [  http] "GET /api/governor HTTP/1.1" 200 -
  [06:18:30] [  http] "GET /api/drift HTTP/1.1" 200 -
  [06:18:31] [  http] "GET /api/governor HTTP/1.1" 200 -
  [06:18:31] [  http] "GET /api/drift HTTP/1.1" 200 -
  [06:18:32] [  http] "GET /api/drift HTTP/1.1" 200 -
  [06:18:32] [  http] "GET /api/aegis/stats?hours=24 HTTP/1.1" 200 -
  [06:18:32] [  http] "GET /api/aegis/stats?hours=24 HTTP/1.1" 200 -
  [06:18:33] [  http] "GET /api/governor HTTP/1.1" 200 -
  [06:18:33] [  http] "GET /api/aegis/stats?hours=24 HTTP/1.1" 200 -
  [06:18:33] [  http] "GET /api/drift HTTP/1.1" 200 -
  [06:18:34] [  http] "GET /api/drift HTTP/1.1" 200 -
  [06:18:34] [heartbeat] up 9m00s · model=ready · inferring · pending=0
  [06:18:35] [  http] "GET /api/drift HTTP/1.1" 200 -
  [06:18:35] [  http] "GET /api/drift HTTP/1.1" 200 -
  [06:18:35] [  http] "GET /api/aegis/stats?hours=24 HTTP/1.1" 200 -
  [06:18:35] [  http] "GET /api/aegis/healing-log?limit=15 HTTP/1.1" 200 -
  [06:18:35] [  http] "GET /api/aegis/recent-events?limit=15 HTTP/1.1" 200 -
  [06:18:35] [  http] "GET /api/governor HTTP/1.1" 200 -
  [06:18:35] [  http] "GET /api/drift HTTP/1.1" 200 -
  [06:18:35] [  http] "GET /api/aegis/stats?hours=24 HTTP/1.1" 200 -
  [06:18:35] [  http] "GET /api/aegis/healing-log?limit=15 HTTP/1.1" 200 -
  [06:18:35] [  http] "GET /api/aegis/recent-events?limit=15 HTTP/1.1" 200 -
  [06:18:35] [  http] "GET /api/governor HTTP/1.1" 200 -
  [06:18:36] [  http] "GET /api/status HTTP/1.1" 200 -
  [06:18:36] [  http] "GET /api/session HTTP/1.1" 200 -
  [06:18:36] [  http] "GET /api/sessions HTTP/1.1" 200 -
  [06:18:36] [  http] "GET /api/drift HTTP/1.1" 200 -
  [06:18:37] [  http] "GET /api/aegis/stats?hours=24 HTTP/1.1" 200 -
  [06:18:37] [  http] "GET /api/aegis/healing-log?limit=15 HTTP/1.1" 200 -
  [06:18:37] [  http] "GET /api/aegis/recent-events?limit=15 HTTP/1.1" 200 -
  [06:18:37] [  http] "GET /api/drift HTTP/1.1" 200 -
  [06:18:37] [  http] "GET /api/aegis/stats?hours=24 HTTP/1.1" 200 -
  [06:18:37] [  http] "GET /api/aegis/healing-log?limit=15 HTTP/1.1" 200 -
  [06:18:37] [  http] "GET /api/aegis/recent-events?limit=15 HTTP/1.1" 200 -
  [06:18:38] [  http] "GET /api/drift HTTP/1.1" 200 -
  [06:18:38] [  http] "GET /api/aegis/stats?hours=24 HTTP/1.1" 200 -
  [06:18:38] [  http] "GET /api/aegis/healing-log?limit=15 HTTP/1.1" 200 -
  [06:18:38] [  http] "GET /api/aegis/recent-events?limit=15 HTTP/1.1" 200 -
  [06:18:39] [  http] "GET /api/status HTTP/1.1" 200 -
  [06:18:39] [  http] "GET /api/drift HTTP/1.1" 200 -
  [06:18:39] [  http] "GET /api/session HTTP/1.1" 200 -
  [06:18:39] [  http] "GET /api/sessions HTTP/1.1" 200 -
  [06:18:40] [  http] "GET /api/drift HTTP/1.1" 200 -
  [06:18:40] [  http] "GET /api/governor HTTP/1.1" 200 -
  [06:18:40] [  http] "GET /api/drift HTTP/1.1" 200 -
  [OV:base] ~250 tok, 7.9 tok/s
  [TENSION] xi=0.2724 gamma=0.7859 — synthesis (perspectives disagree)
  [06:18:41] [  http] "GET /api/governor HTTP/1.1" 200 -
[MANIFOLD] weights={'newton': 0.5, 'quantum': 0.5} xi=0.092 steering=shadow
[AAP] attractor=Fact eps=0.27 trust=0.700
[RENDER-AUDIT] ok overlap=97.30%
[PHASE6] Done: 1349 chars, 757 tokens
  [MEMORY] [generation] baseline=2625MB peak=2768MB (+142 transient) retained=+49MB in 115.3s (447 samples)
  [WORKER] Got result: response=1349 chars, adapter=newton
  [COGNITION] ξ=0.2724 Γ=0.7859 η=0.9343 σ=0.0 fidelity=0.973 P=0.372 (all measured)
  [06:18:42] [  http] "POST /api/chat HTTP/1.1" 200 -
  [06:18:42] [  http] "GET /api/status HTTP/1.1" 200 -
  [06:18:42] [  http] "GET /api/session HTTP/1.1" 200 -
  [06:18:42] [  http] "GET /api/sessions HTTP/1.1" 200 -
  [06:18:42] [  http] "GET /api/aegis/stats?hours=24 HTTP/1.1" 200 -
  [06:18:42] [  http] "GET /api/aegis/stats?hours=24 HTTP/1.1" 200 -
  [06:18:42] [  http] "GET /api/governor HTTP/1.1" 200 -
  [06:18:42] [  http] "GET /api/drift HTTP/1.1" 200 -
  [06:18:42] [  http] "GET /api/aegis/stats?hours=24 HTTP/1.1" 200 -
  [06:18:43] [  http] "GET /api/drift HTTP/1.1" 200 -
  [06:18:43] [  http] "GET /api/status HTTP/1.1" 200 -
  [06:18:43] [  http] "GET /api/drift HTTP/1.1" 200 -
  [06:18:43] [  http] "GET /api/session HTTP/1.1" 200 -
  [06:18:44] [  http] "GET /api/sessions HTTP/1.1" 200 -
  [06:18:44] [  http] "GET /api/status HTTP/1.1" 200 -
  [WORKER] Processing query: What is the correct answer to this question: The universe is...
INFO:reasoning_forge.behavior_governor:[GOVERNOR] Pre: identity=none (conf=0.15), memory=2 cocoons, tokens=400, compression=normal
  [GOVERNOR] identity=none (conf=0.15), memory=2 cocoons, tokens=400, compression=normal
  [WORKER] Using forge bridge (Phase 6/7)
[PHASE6] Query complexity: QueryComplexity.MEDIUM
[PHASE7] Route: debate,semantic_tension,specialization_tracking,memory_weighting,gamma_monitoring,synthesis
[PHASE6] Domain: physics, max_adapters: 2

  [OV] Route: newton + quantum (conf=0.83, keyword)
  [06:18:44] [  http] "GET /api/session HTTP/1.1" 200 -
  [06:18:44] [  http] "GET /api/sessions HTTP/1.1" 200 -
  [06:18:45] [  http] "GET /api/drift HTTP/1.1" 200 -
  [06:18:46] [  http] "GET /api/drift HTTP/1.1" 200 -
  [06:18:47] [  http] "GET /api/drift HTTP/1.1" 200 -
  [06:18:47] [  http] "GET /api/aegis/stats?hours=24 HTTP/1.1" 200 -
  [06:18:47] [  http] "GET /api/aegis/healing-log?limit=15 HTTP/1.1" 200 -
  [06:18:47] [  http] "GET /api/aegis/stats?hours=24 HTTP/1.1" 200 -
  [06:18:47] [  http] "GET /api/aegis/recent-events?limit=15 HTTP/1.1" 200 -
  [06:18:47] [  http] "GET /api/aegis/healing-log?limit=15 HTTP/1.1" 200 -
  [06:18:47] [  http] "GET /api/aegis/recent-events?limit=15 HTTP/1.1" 200 -
  [06:18:48] [  http] "GET /api/aegis/stats?hours=24 HTTP/1.1" 200 -
  [06:18:48] [  http] "GET /api/aegis/healing-log?limit=15 HTTP/1.1" 200 -
  [06:18:48] [  http] "GET /api/aegis/recent-events?limit=15 HTTP/1.1" 200 -
  [06:18:48] [  http] "GET /api/drift HTTP/1.1" 200 -
  [06:18:49] [  http] "GET /api/drift HTTP/1.1" 200 -
  [06:18:49] [  http] "GET /api/drift HTTP/1.1" 200 -
  [06:18:50] [  http] "GET /api/governor HTTP/1.1" 200 -
  [06:18:51] [  http] "GET /api/governor HTTP/1.1" 200 -
  [06:18:51] [  http] "GET /api/drift HTTP/1.1" 200 -
  [06:18:52] [  http] "GET /api/status HTTP/1.1" 200 -
  [06:18:52] [  http] "GET /api/aegis/stats?hours=24 HTTP/1.1" 200 -
  [06:18:52] [  http] "GET /api/drift HTTP/1.1" 200 -
  [06:18:52] [  http] "GET /api/aegis/stats?hours=24 HTTP/1.1" 200 -
  [06:18:52] [  http] "GET /api/session HTTP/1.1" 200 -
  [06:18:52] [  http] "GET /api/sessions HTTP/1.1" 200 -
  [06:18:52] [  http] "GET /api/governor HTTP/1.1" 200 -
  [06:18:53] [  http] "GET /api/drift HTTP/1.1" 200 -
  [06:18:53] [  http] "GET /api/aegis/stats?hours=24 HTTP/1.1" 200 -
  [06:18:54] [  http] "GET /api/drift HTTP/1.1" 200 -
  [06:18:55] [  http] "GET /api/status HTTP/1.1" 200 -
  [06:18:55] [  http] "GET /api/drift HTTP/1.1" 200 -
  [06:18:55] [  http] "GET /api/session HTTP/1.1" 200 -
  [06:18:55] [  http] "GET /api/sessions HTTP/1.1" 200 -
  [06:18:56] [  http] "GET /api/drift HTTP/1.1" 200 -
  [06:18:57] [  http] "GET /api/status HTTP/1.1" 200 -
  [06:18:57] [  http] "GET /api/aegis/stats?hours=24 HTTP/1.1" 200 -
  [06:18:57] [  http] "GET /api/session HTTP/1.1" 200 -
  [06:18:57] [  http] "GET /api/sessions HTTP/1.1" 200 -
  [06:18:57] [  http] "GET /api/aegis/healing-log?limit=15 HTTP/1.1" 200 -
  [06:18:57] [  http] "GET /api/aegis/recent-events?limit=15 HTTP/1.1" 200 -
  [06:18:57] [  http] "GET /api/aegis/stats?hours=24 HTTP/1.1" 200 -
  [06:18:57] [  http] "GET /api/aegis/healing-log?limit=15 HTTP/1.1" 200 -
  [06:18:57] [  http] "GET /api/aegis/recent-events?limit=15 HTTP/1.1" 200 -
  [06:18:57] [  http] "GET /api/drift HTTP/1.1" 200 -
  [06:18:57] [  http] "GET /api/aegis/stats?hours=24 HTTP/1.1" 200 -
  [06:18:58] [  http] "GET /api/aegis/healing-log?limit=15 HTTP/1.1" 200 -
  [06:18:58] [  http] "GET /api/aegis/recent-events?limit=15 HTTP/1.1" 200 -
  [06:18:58] [  http] "GET /api/drift HTTP/1.1" 200 -
  [06:18:58] [  http] "GET /api/status HTTP/1.1" 200 -
  [06:18:59] [  http] "GET /api/session HTTP/1.1" 200 -
  [06:18:59] [  http] "GET /api/drift HTTP/1.1" 200 -
  [06:18:59] [  http] "GET /api/sessions HTTP/1.1" 200 -
  [06:18:59] [  http] "GET /api/status HTTP/1.1" 200 -
  [06:18:59] [  http] "GET /api/session HTTP/1.1" 200 -
  [06:18:59] [  http] "GET /api/sessions HTTP/1.1" 200 -
  [06:19:00] [  http] "GET /api/governor HTTP/1.1" 200 -
  [06:19:00] [  http] "GET /api/drift HTTP/1.1" 200 -
  [06:19:01] [  http] "GET /api/drift HTTP/1.1" 200 -
  [06:19:01] [  http] "GET /api/governor HTTP/1.1" 200 -
  [06:19:02] [  http] "GET /api/drift HTTP/1.1" 200 -
  [06:19:02] [  http] "GET /api/aegis/stats?hours=24 HTTP/1.1" 200 -
  [06:19:02] [  http] "GET /api/aegis/stats?hours=24 HTTP/1.1" 200 -
  [06:19:02] [  http] "GET /api/governor HTTP/1.1" 200 -
  [06:19:03] [  http] "GET /api/aegis/stats?hours=24 HTTP/1.1" 200 -
  [06:19:03] [  http] "GET /api/drift HTTP/1.1" 200 -
  [06:19:04] [  http] "GET /api/drift HTTP/1.1" 200 -
  [06:19:04] [heartbeat] up 9m30s · model=ready · inferring · pending=0
  [06:19:05] [  http] "GET /api/drift HTTP/1.1" 200 -
  [06:19:06] [  http] "GET /api/drift HTTP/1.1" 200 -
  [06:19:07] [  http] "GET /api/aegis/healing-log?limit=15 HTTP/1.1" 200 -
  [06:19:07] [  http] "GET /api/aegis/stats?hours=24 HTTP/1.1" 200 -
  [06:19:07] [  http] "GET /api/drift HTTP/1.1" 200 -
  [06:19:07] [  http] "GET /api/aegis/recent-events?limit=15 HTTP/1.1" 200 -
  [06:19:07] [  http] "GET /api/aegis/stats?hours=24 HTTP/1.1" 200 -
  [06:19:07] [  http] "GET /api/aegis/healing-log?limit=15 HTTP/1.1" 200 -
  [06:19:07] [  http] "GET /api/aegis/recent-events?limit=15 HTTP/1.1" 200 -
  [06:19:08] [  http] "GET /api/drift HTTP/1.1" 200 -
  [06:19:08] [  http] "GET /api/status HTTP/1.1" 200 -
  [06:19:08] [  http] "GET /api/aegis/stats?hours=24 HTTP/1.1" 200 -
  [06:19:08] [  http] "GET /api/aegis/healing-log?limit=15 HTTP/1.1" 200 -
  [06:19:08] [  http] "GET /api/aegis/recent-events?limit=15 HTTP/1.1" 200 -
  [06:19:08] [  http] "GET /api/session HTTP/1.1" 200 -
  [06:19:08] [  http] "GET /api/sessions HTTP/1.1" 200 -
  [06:19:09] [  http] "GET /api/drift HTTP/1.1" 200 -
  [06:19:10] [  http] "GET /api/governor HTTP/1.1" 200 -
  [06:19:10] [  http] "GET /api/drift HTTP/1.1" 200 -
  [06:19:10] [  http] "GET /api/drift HTTP/1.1" 200 -
  [06:19:11] [  http] "GET /api/status HTTP/1.1" 200 -
  [06:19:11] [  http] "GET /api/session HTTP/1.1" 200 -
  [06:19:11] [  http] "GET /api/sessions HTTP/1.1" 200 -
  [06:19:11] [  http] "GET /api/governor HTTP/1.1" 200 -
  [06:19:12] [  http] "GET /api/status HTTP/1.1" 200 -
  [06:19:12] [  http] "GET /api/aegis/stats?hours=24 HTTP/1.1" 200 -
  [06:19:12] [  http] "GET /api/session HTTP/1.1" 200 -
  [06:19:12] [  http] "GET /api/sessions HTTP/1.1" 200 -
  [06:19:12] [  http] "GET /api/aegis/stats?hours=24 HTTP/1.1" 200 -
  [06:19:12] [  http] "GET /api/drift HTTP/1.1" 200 -
  [06:19:12] [  http] "GET /api/aegis/stats?hours=24 HTTP/1.1" 200 -
  [06:19:13] [  http] "GET /api/governor HTTP/1.1" 200 -
  [06:19:13] [  http] "GET /api/drift HTTP/1.1" 200 -
  [06:19:13] [  http] "GET /api/drift HTTP/1.1" 200 -
  [06:19:13] [  http] "GET /api/status HTTP/1.1" 200 -
  [06:19:14] [  http] "GET /api/session HTTP/1.1" 200 -
  [06:19:14] [  http] "GET /api/sessions HTTP/1.1" 200 -
  [06:19:14] [  http] "GET /api/status HTTP/1.1" 200 -
  [06:19:15] [  http] "GET /api/session HTTP/1.1" 200 -
  [06:19:15] [  http] "GET /api/sessions HTTP/1.1" 200 -
  [06:19:15] [  http] "GET /api/drift HTTP/1.1" 200 -
  [06:19:16] [  http] "GET /api/drift HTTP/1.1" 200 -
  [06:19:17] [  http] "GET /api/drift HTTP/1.1" 200 -
  [06:19:17] [  http] "GET /api/aegis/stats?hours=24 HTTP/1.1" 200 -
  [06:19:17] [  http] "GET /api/aegis/stats?hours=24 HTTP/1.1" 200 -
  [06:19:17] [  http] "GET /api/aegis/healing-log?limit=15 HTTP/1.1" 200 -
  [06:19:17] [  http] "GET /api/aegis/recent-events?limit=15 HTTP/1.1" 200 -
  [06:19:17] [  http] "GET /api/aegis/healing-log?limit=15 HTTP/1.1" 200 -
  [06:19:17] [  http] "GET /api/aegis/recent-events?limit=15 HTTP/1.1" 200 -
  [06:19:18] [  http] "GET /api/aegis/stats?hours=24 HTTP/1.1" 200 -
  [06:19:18] [  http] "GET /api/aegis/healing-log?limit=15 HTTP/1.1" 200 -
  [06:19:18] [  http] "GET /api/aegis/recent-events?limit=15 HTTP/1.1" 200 -
  [06:19:18] [  http] "GET /api/drift HTTP/1.1" 200 -
  [06:19:19] [  http] "GET /api/drift HTTP/1.1" 200 -
  [06:19:20] [  http] "GET /api/drift HTTP/1.1" 200 -
  [06:19:20] [  http] "GET /api/governor HTTP/1.1" 200 -
  [OV:newton] ~391 tok, 10.6 tok/s
  [06:19:21] [  http] "GET /api/governor HTTP/1.1" 200 -
  [06:19:21] [  http] "GET /api/drift HTTP/1.1" 200 -
  [06:19:22] [  http] "GET /api/aegis/stats?hours=24 HTTP/1.1" 200 -
  [06:19:22] [  http] "GET /api/drift HTTP/1.1" 200 -
  [06:19:22] [  http] "GET /api/aegis/stats?hours=24 HTTP/1.1" 200 -
  [06:19:22] [  http] "GET /api/governor HTTP/1.1" 200 -
  [06:19:23] [  http] "GET /api/drift HTTP/1.1" 200 -
  [06:19:23] [  http] "GET /api/aegis/stats?hours=24 HTTP/1.1" 200 -
  [06:19:24] [  http] "GET /api/status HTTP/1.1" 200 -
  [06:19:24] [  http] "GET /api/session HTTP/1.1" 200 -
  [06:19:24] [  http] "GET /api/sessions HTTP/1.1" 200 -
  [06:19:24] [  http] "GET /api/drift HTTP/1.1" 200 -
  [06:19:25] [  http] "GET /api/drift HTTP/1.1" 200 -
  [06:19:26] [  http] "GET /api/drift HTTP/1.1" 200 -
  [06:19:27] [  http] "GET /api/status HTTP/1.1" 200 -
  [06:19:27] [  http] "GET /api/status HTTP/1.1" 200 -
  [06:19:27] [  http] "GET /api/session HTTP/1.1" 200 -
  [06:19:27] [  http] "GET /api/sessions HTTP/1.1" 200 -
  [06:19:27] [  http] "GET /api/aegis/stats?hours=24 HTTP/1.1" 200 -
  [06:19:27] [  http] "GET /api/aegis/healing-log?limit=15 HTTP/1.1" 200 -
  [06:19:27] [  http] "GET /api/aegis/recent-events?limit=15 HTTP/1.1" 200 -
  [06:19:27] [  http] "GET /api/session HTTP/1.1" 200 -
  [06:19:27] [  http] "GET /api/sessions HTTP/1.1" 200 -
  [06:19:27] [  http] "GET /api/aegis/stats?hours=24 HTTP/1.1" 200 -
  [06:19:27] [  http] "GET /api/drift HTTP/1.1" 200 -
  [06:19:27] [  http] "GET /api/aegis/healing-log?limit=15 HTTP/1.1" 200 -
  [06:19:27] [  http] "GET /api/aegis/recent-events?limit=15 HTTP/1.1" 200 -
  [06:19:27] [  http] "GET /api/aegis/stats?hours=24 HTTP/1.1" 200 -
  [06:19:28] [  http] "GET /api/aegis/healing-log?limit=15 HTTP/1.1" 200 -
  [06:19:28] [  http] "GET /api/aegis/recent-events?limit=15 HTTP/1.1" 200 -
  [06:19:28] [  http] "GET /api/drift HTTP/1.1" 200 -
  [06:19:29] [  http] "GET /api/drift HTTP/1.1" 200 -
  [06:19:29] [  http] "GET /api/status HTTP/1.1" 200 -
  [06:19:29] [  http] "GET /api/session HTTP/1.1" 200 -
  [06:19:29] [  http] "GET /api/sessions HTTP/1.1" 200 -
  [06:19:29] [  http] "GET /api/status HTTP/1.1" 200 -
  [06:19:30] [  http] "GET /api/session HTTP/1.1" 200 -
  [06:19:30] [  http] "GET /api/sessions HTTP/1.1" 200 -
  [06:19:30] [  http] "GET /api/governor HTTP/1.1" 200 -
  [06:19:30] [  http] "GET /api/drift HTTP/1.1" 200 -
  [06:19:31] [  http] "GET /api/drift HTTP/1.1" 200 -
  [06:19:31] [  http] "GET /api/governor HTTP/1.1" 200 -
  [06:19:32] [  http] "GET /api/drift HTTP/1.1" 200 -
  [06:19:32] [  http] "GET /api/aegis/stats?hours=24 HTTP/1.1" 200 -
  [06:19:32] [  http] "GET /api/aegis/stats?hours=24 HTTP/1.1" 200 -
  [06:19:32] [  http] "GET /api/governor HTTP/1.1" 200 -
  [06:19:33] [  http] "GET /api/aegis/stats?hours=24 HTTP/1.1" 200 -
  [06:19:33] [  http] "GET /api/drift HTTP/1.1" 200 -
  [06:19:34] [  http] "GET /api/drift HTTP/1.1" 200 -
  [06:19:34] [heartbeat] up 10m00s · model=ready · inferring · pending=0
  [06:19:35] [  http] "GET /api/drift HTTP/1.1" 200 -
  [06:19:35] [  http] "GET /api/drift HTTP/1.1" 200 -
  [06:19:35] [  http] "GET /api/aegis/stats?hours=24 HTTP/1.1" 200 -
  [06:19:35] [  http] "GET /api/aegis/healing-log?limit=15 HTTP/1.1" 200 -
  [06:19:35] [  http] "GET /api/aegis/recent-events?limit=15 HTTP/1.1" 200 -
  [06:19:35] [  http] "GET /api/governor HTTP/1.1" 200 -
  [06:19:35] [  http] "GET /api/drift HTTP/1.1" 200 -
  [06:19:35] [  http] "GET /api/aegis/healing-log?limit=15 HTTP/1.1" 200 -
  [06:19:35] [  http] "GET /api/aegis/stats?hours=24 HTTP/1.1" 200 -
  [06:19:35] [  http] "GET /api/aegis/recent-events?limit=15 HTTP/1.1" 200 -
  [06:19:35] [  http] "GET /api/governor HTTP/1.1" 200 -
  [06:19:36] [  http] "GET /api/drift HTTP/1.1" 200 -
  [06:19:37] [  http] "GET /api/aegis/stats?hours=24 HTTP/1.1" 200 -
  [06:19:37] [  http] "GET /api/aegis/recent-events?limit=15 HTTP/1.1" 200 -
  [06:19:37] [  http] "GET /api/aegis/healing-log?limit=15 HTTP/1.1" 200 -
  [06:19:37] [  http] "GET /api/drift HTTP/1.1" 200 -
  [06:19:37] [  http] "GET /api/aegis/healing-log?limit=15 HTTP/1.1" 200 -
  [06:19:37] [  http] "GET /api/aegis/stats?hours=24 HTTP/1.1" 200 -
  [06:19:37] [  http] "GET /api/aegis/recent-events?limit=15 HTTP/1.1" 200 -
  [06:19:38] [  http] "GET /api/drift HTTP/1.1" 200 -
  [06:19:38] [  http] "GET /api/aegis/healing-log?limit=15 HTTP/1.1" 200 -
  [06:19:38] [  http] "GET /api/aegis/stats?hours=24 HTTP/1.1" 200 -
  [06:19:38] [  http] "GET /api/aegis/recent-events?limit=15 HTTP/1.1" 200 -
  [06:19:39] [  http] "GET /api/drift HTTP/1.1" 200 -
  [06:19:40] [  http] "GET /api/governor HTTP/1.1" 200 -
  [06:19:40] [  http] "GET /api/status HTTP/1.1" 200 -
  [06:19:40] [  http] "GET /api/drift HTTP/1.1" 200 -
  [06:19:40] [  http] "GET /api/session HTTP/1.1" 200 -
  [06:19:40] [  http] "GET /api/sessions HTTP/1.1" 200 -
  [06:19:41] [  http] "GET /api/drift HTTP/1.1" 200 -
  [06:19:41] [  http] "GET /api/governor HTTP/1.1" 200 -
  [06:19:42] [  http] "GET /api/aegis/stats?hours=24 HTTP/1.1" 200 -
  [06:19:42] [  http] "GET /api/status HTTP/1.1" 200 -
  [06:19:42] [  http] "GET /api/session HTTP/1.1" 200 -
  [06:19:42] [  http] "GET /api/sessions HTTP/1.1" 200 -
  [06:19:42] [  http] "GET /api/aegis/stats?hours=24 HTTP/1.1" 200 -
  [06:19:42] [  http] "GET /api/drift HTTP/1.1" 200 -
  [06:19:42] [  http] "GET /api/aegis/stats?hours=24 HTTP/1.1" 200 -
  [06:19:43] [  http] "GET /api/governor HTTP/1.1" 200 -
  [06:19:43] [  http] "GET /api/status HTTP/1.1" 200 -
  [06:19:43] [  http] "GET /api/drift HTTP/1.1" 200 -
  [06:19:43] [  http] "GET /api/session HTTP/1.1" 200 -
  [06:19:43] [  http] "GET /api/sessions HTTP/1.1" 200 -
  [06:19:43] [  http] "GET /api/drift HTTP/1.1" 200 -
  [06:19:44] [  http] "GET /api/status HTTP/1.1" 200 -
  [06:19:44] [  http] "GET /api/session HTTP/1.1" 200 -
  [06:19:44] [  http] "GET /api/sessions HTTP/1.1" 200 -
  [06:19:45] [  http] "GET /api/status HTTP/1.1" 200 -
  [06:19:45] [  http] "GET /api/session HTTP/1.1" 200 -
  [06:19:45] [  http] "GET /api/sessions HTTP/1.1" 200 -
  [06:19:45] [  http] "GET /api/drift HTTP/1.1" 200 -
  [06:19:46] [  http] "GET /api/drift HTTP/1.1" 200 -
  [06:19:47] [  http] "GET /api/drift HTTP/1.1" 200 -
  [06:19:47] [  http] "GET /api/aegis/stats?hours=24 HTTP/1.1" 200 -
  [06:19:47] [  http] "GET /api/aegis/healing-log?limit=15 HTTP/1.1" 200 -
  [06:19:47] [  http] "GET /api/aegis/stats?hours=24 HTTP/1.1" 200 -
  [06:19:47] [  http] "GET /api/aegis/recent-events?limit=15 HTTP/1.1" 200 -
  [06:19:47] [  http] "GET /api/aegis/healing-log?limit=15 HTTP/1.1" 200 -
  [06:19:47] [  http] "GET /api/aegis/recent-events?limit=15 HTTP/1.1" 200 -
  [06:19:48] [  http] "GET /api/aegis/stats?hours=24 HTTP/1.1" 200 -
  [06:19:48] [  http] "GET /api/aegis/recent-events?limit=15 HTTP/1.1" 200 -
  [06:19:48] [  http] "GET /api/aegis/healing-log?limit=15 HTTP/1.1" 200 -
  [06:19:48] [  http] "GET /api/drift HTTP/1.1" 200 -
  [06:19:49] [  http] "GET /api/drift HTTP/1.1" 200 -
  [06:19:49] [  http] "GET /api/drift HTTP/1.1" 200 -
  [06:19:50] [  http] "GET /api/governor HTTP/1.1" 200 -
  [06:19:51] [  http] "GET /api/governor HTTP/1.1" 200 -
  [06:19:51] [  http] "GET /api/drift HTTP/1.1" 200 -
  [06:19:52] [  http] "GET /api/aegis/stats?hours=24 HTTP/1.1" 200 -
  [06:19:52] [  http] "GET /api/drift HTTP/1.1" 200 -
  [06:19:52] [  http] "GET /api/aegis/stats?hours=24 HTTP/1.1" 200 -
  [06:19:52] [  http] "GET /api/governor HTTP/1.1" 200 -
  [06:19:53] [  http] "GET /api/drift HTTP/1.1" 200 -
  [06:19:53] [  http] "GET /api/aegis/stats?hours=24 HTTP/1.1" 200 -
  [06:19:54] [  http] "GET /api/drift HTTP/1.1" 200 -
  [06:19:55] [  http] "GET /api/drift HTTP/1.1" 200 -
  [06:19:56] [  http] "GET /api/drift HTTP/1.1" 200 -
  [06:19:56] [  http] "GET /api/status HTTP/1.1" 200 -
  [06:19:56] [  http] "GET /api/session HTTP/1.1" 200 -
  [06:19:56] [  http] "GET /api/sessions HTTP/1.1" 200 -
  [06:19:57] [  http] "GET /api/aegis/stats?hours=24 HTTP/1.1" 200 -
  [06:19:57] [  http] "GET /api/status HTTP/1.1" 200 -
  [06:19:57] [  http] "GET /api/aegis/healing-log?limit=15 HTTP/1.1" 200 -
  [06:19:57] [  http] "GET /api/aegis/recent-events?limit=15 HTTP/1.1" 200 -
  [06:19:57] [  http] "GET /api/session HTTP/1.1" 200 -
  [06:19:57] [  http] "GET /api/sessions HTTP/1.1" 200 -
  [06:19:57] [  http] "GET /api/aegis/healing-log?limit=15 HTTP/1.1" 200 -
  [06:19:57] [  http] "GET /api/aegis/stats?hours=24 HTTP/1.1" 200 -
  [06:19:57] [  http] "GET /api/drift HTTP/1.1" 200 -
  [06:19:57] [  http] "GET /api/aegis/recent-events?limit=15 HTTP/1.1" 200 -
  [06:19:58] [  http] "GET /api/aegis/healing-log?limit=15 HTTP/1.1" 200 -
  [06:19:58] [  http] "GET /api/aegis/stats?hours=24 HTTP/1.1" 200 -
  [06:19:58] [  http] "GET /api/aegis/recent-events?limit=15 HTTP/1.1" 200 -
  [06:19:58] [  http] "GET /api/drift HTTP/1.1" 200 -
  [06:19:59] [  http] "GET /api/status HTTP/1.1" 200 -
  [06:19:59] [  http] "GET /api/drift HTTP/1.1" 200 -
  [06:19:59] [  http] "GET /api/session HTTP/1.1" 200 -
  [06:19:59] [  http] "GET /api/sessions HTTP/1.1" 200 -
  [06:19:59] [  http] "GET /api/status HTTP/1.1" 200 -
  [06:19:59] [  http] "GET /api/session HTTP/1.1" 200 -
  [06:19:59] [  http] "GET /api/sessions HTTP/1.1" 200 -
  [06:20:00] [  http] "GET /api/status HTTP/1.1" 200 -
  [06:20:00] [  http] "GET /api/session HTTP/1.1" 200 -
  [06:20:00] [  http] "GET /api/sessions HTTP/1.1" 200 -
  [06:20:00] [  http] "GET /api/governor HTTP/1.1" 200 -
  [06:20:00] [  http] "GET /api/drift HTTP/1.1" 200 -
  [06:20:01] [  http] "GET /api/drift HTTP/1.1" 200 -
  [06:20:01] [  http] "GET /api/governor HTTP/1.1" 200 -
  [06:20:02] [  http] "GET /api/drift HTTP/1.1" 200 -
  [06:20:02] [  http] "GET /api/aegis/stats?hours=24 HTTP/1.1" 200 -
  [06:20:02] [  http] "GET /api/aegis/stats?hours=24 HTTP/1.1" 200 -
  [06:20:02] [  http] "GET /api/governor HTTP/1.1" 200 -
  [06:20:03] [  http] "GET /api/aegis/stats?hours=24 HTTP/1.1" 200 -
  [06:20:03] [  http] "GET /api/drift HTTP/1.1" 200 -
  [06:20:04] [  http] "GET /api/drift HTTP/1.1" 200 -
  [06:20:04] [heartbeat] up 10m30s · model=ready · inferring · pending=0
  [OV:quantum] ~333 tok, 7.6 tok/s
  [06:20:05] [  http] "GET /api/drift HTTP/1.1" 200 -
  [06:20:06] [  http] "GET /api/drift HTTP/1.1" 200 -
  [06:20:07] [  http] "GET /api/aegis/stats?hours=24 HTTP/1.1" 200 -
  [06:20:07] [  http] "GET /api/aegis/recent-events?limit=15 HTTP/1.1" 200 -
  [06:20:07] [  http] "GET /api/aegis/healing-log?limit=15 HTTP/1.1" 200 -
  [06:20:07] [  http] "GET /api/drift HTTP/1.1" 200 -
  [06:20:07] [  http] "GET /api/aegis/healing-log?limit=15 HTTP/1.1" 200 -
  [06:20:07] [  http] "GET /api/aegis/stats?hours=24 HTTP/1.1" 200 -
  [06:20:07] [  http] "GET /api/aegis/recent-events?limit=15 HTTP/1.1" 200 -
  [06:20:08] [  http] "GET /api/drift HTTP/1.1" 200 -
  [06:20:08] [  http] "GET /api/aegis/stats?hours=24 HTTP/1.1" 200 -
  [06:20:08] [  http] "GET /api/aegis/healing-log?limit=15 HTTP/1.1" 200 -
  [06:20:08] [  http] "GET /api/aegis/recent-events?limit=15 HTTP/1.1" 200 -
  [06:20:09] [  http] "GET /api/drift HTTP/1.1" 200 -
  [06:20:10] [  http] "GET /api/governor HTTP/1.1" 200 -
  [06:20:10] [  http] "GET /api/drift HTTP/1.1" 200 -
  [06:20:11] [  http] "GET /api/drift HTTP/1.1" 200 -
  [06:20:11] [  http] "GET /api/governor HTTP/1.1" 200 -
  [06:20:12] [  http] "GET /api/status HTTP/1.1" 200 -
  [06:20:12] [  http] "GET /api/aegis/stats?hours=24 HTTP/1.1" 200 -
  [06:20:12] [  http] "GET /api/session HTTP/1.1" 200 -
  [06:20:12] [  http] "GET /api/sessions HTTP/1.1" 200 -
  [06:20:12] [  http] "GET /api/governor HTTP/1.1" 200 -
  [06:20:12] [  http] "GET /api/status HTTP/1.1" 200 -
  [06:20:12] [  http] "GET /api/drift HTTP/1.1" 200 -
  [06:20:12] [  http] "GET /api/aegis/stats?hours=24 HTTP/1.1" 200 -
  [06:20:13] [  http] "GET /api/session HTTP/1.1" 200 -
  [06:20:13] [  http] "GET /api/sessions HTTP/1.1" 200 -
  [06:20:13] [  http] "GET /api/aegis/stats?hours=24 HTTP/1.1" 200 -
  [06:20:13] [  http] "GET /api/drift HTTP/1.1" 200 -
  [06:20:13] [  http] "GET /api/drift HTTP/1.1" 200 -
  [06:20:14] [  http] "GET /api/status HTTP/1.1" 200 -
  [06:20:14] [  http] "GET /api/session HTTP/1.1" 200 -
  [06:20:14] [  http] "GET /api/sessions HTTP/1.1" 200 -
  [06:20:15] [  http] "GET /api/status HTTP/1.1" 200 -
  [06:20:15] [  http] "GET /api/status HTTP/1.1" 200 -
  [06:20:15] [  http] "GET /api/session HTTP/1.1" 200 -
  [06:20:15] [  http] "GET /api/sessions HTTP/1.1" 200 -
  [06:20:15] [  http] "GET /api/session HTTP/1.1" 200 -
  [06:20:15] [  http] "GET /api/drift HTTP/1.1" 200 -
  [06:20:15] [  http] "GET /api/sessions HTTP/1.1" 200 -
  [06:20:16] [  http] "GET /api/drift HTTP/1.1" 200 -
  [06:20:16] [  http] "GET /api/drift HTTP/1.1" 200 -
  [06:20:17] [  http] "GET /api/aegis/healing-log?limit=15 HTTP/1.1" 200 -
  [06:20:17] [  http] "GET /api/aegis/recent-events?limit=15 HTTP/1.1" 200 -
  [06:20:17] [  http] "GET /api/aegis/stats?hours=24 HTTP/1.1" 200 -
  [06:20:17] [  http] "GET /api/aegis/healing-log?limit=15 HTTP/1.1" 200 -
  [06:20:17] [  http] "GET /api/aegis/stats?hours=24 HTTP/1.1" 200 -
  [06:20:17] [  http] "GET /api/aegis/recent-events?limit=15 HTTP/1.1" 200 -
  [06:20:18] [  http] "GET /api/aegis/healing-log?limit=15 HTTP/1.1" 200 -
  [06:20:18] [  http] "GET /api/aegis/recent-events?limit=15 HTTP/1.1" 200 -
  [06:20:18] [  http] "GET /api/aegis/stats?hours=24 HTTP/1.1" 200 -
  [06:20:18] [  http] "GET /api/drift HTTP/1.1" 200 -
  [06:20:19] [  http] "GET /api/drift HTTP/1.1" 200 -
  [06:20:20] [  http] "GET /api/drift HTTP/1.1" 200 -
  [06:20:20] [  http] "GET /api/governor HTTP/1.1" 200 -
  [06:20:21] [  http] "GET /api/governor HTTP/1.1" 200 -
  [06:20:21] [  http] "GET /api/drift HTTP/1.1" 200 -
  [06:20:22] [  http] "GET /api/aegis/stats?hours=24 HTTP/1.1" 200 -
  [06:20:22] [  http] "GET /api/drift HTTP/1.1" 200 -
  [06:20:22] [  http] "GET /api/aegis/stats?hours=24 HTTP/1.1" 200 -
  [06:20:22] [  http] "GET /api/governor HTTP/1.1" 200 -
  [06:20:23] [  http] "GET /api/drift HTTP/1.1" 200 -
  [06:20:23] [  http] "GET /api/aegis/stats?hours=24 HTTP/1.1" 200 -
  [06:20:24] [  http] "GET /api/drift HTTP/1.1" 200 -
  [06:20:25] [  http] "GET /api/drift HTTP/1.1" 200 -
  [06:20:26] [  http] "GET /api/drift HTTP/1.1" 200 -
  [06:20:27] [  http] "GET /api/aegis/stats?hours=24 HTTP/1.1" 200 -
  [06:20:27] [  http] "GET /api/aegis/stats?hours=24 HTTP/1.1" 200 -
  [06:20:27] [  http] "GET /api/aegis/healing-log?limit=15 HTTP/1.1" 200 -
  [06:20:27] [  http] "GET /api/aegis/recent-events?limit=15 HTTP/1.1" 200 -
  [06:20:27] [  http] "GET /api/aegis/healing-log?limit=15 HTTP/1.1" 200 -
  [06:20:27] [  http] "GET /api/aegis/recent-events?limit=15 HTTP/1.1" 200 -
  [06:20:27] [  http] "GET /api/drift HTTP/1.1" 200 -
  [06:20:28] [  http] "GET /api/status HTTP/1.1" 200 -
  [06:20:28] [  http] "GET /api/aegis/stats?hours=24 HTTP/1.1" 200 -
  [06:20:28] [  http] "GET /api/status HTTP/1.1" 200 -
  [06:20:28] [  http] "GET /api/aegis/healing-log?limit=15 HTTP/1.1" 200 -
  [06:20:28] [  http] "GET /api/aegis/recent-events?limit=15 HTTP/1.1" 200 -
  [06:20:28] [  http] "GET /api/session HTTP/1.1" 200 -
  [06:20:28] [  http] "GET /api/sessions HTTP/1.1" 200 -
  [06:20:28] [  http] "GET /api/session HTTP/1.1" 200 -
  [06:20:28] [  http] "GET /api/sessions HTTP/1.1" 200 -
  [06:20:28] [  http] "GET /api/drift HTTP/1.1" 200 -
  [06:20:29] [  http] "GET /api/drift HTTP/1.1" 200 -
  [06:20:29] [  http] "GET /api/status HTTP/1.1" 200 -
  [06:20:30] [  http] "GET /api/session HTTP/1.1" 200 -
  [06:20:30] [  http] "GET /api/sessions HTTP/1.1" 200 -
  [06:20:30] [  http] "GET /api/governor HTTP/1.1" 200 -
  [06:20:30] [  http] "GET /api/status HTTP/1.1" 200 -
  [06:20:30] [  http] "GET /api/drift HTTP/1.1" 200 -
  [06:20:31] [  http] "GET /api/session HTTP/1.1" 200 -
  [06:20:31] [  http] "GET /api/sessions HTTP/1.1" 200 -
  [06:20:31] [  http] "GET /api/status HTTP/1.1" 200 -
  [06:20:31] [  http] "GET /api/session HTTP/1.1" 200 -
  [06:20:31] [  http] "GET /api/sessions HTTP/1.1" 200 -
  [06:20:31] [  http] "GET /api/governor HTTP/1.1" 200 -
  [06:20:31] [  http] "GET /api/drift HTTP/1.1" 200 -
  [06:20:32] [  http] "GET /api/drift HTTP/1.1" 200 -
  [06:20:32] [  http] "GET /api/aegis/stats?hours=24 HTTP/1.1" 200 -
  [06:20:32] [  http] "GET /api/aegis/stats?hours=24 HTTP/1.1" 200 -
  [06:20:33] [  http] "GET /api/aegis/stats?hours=24 HTTP/1.1" 200 -
  [06:20:33] [  http] "GET /api/governor HTTP/1.1" 200 -
  [06:20:33] [  http] "GET /api/drift HTTP/1.1" 200 -
  [06:20:34] [  http] "GET /api/drift HTTP/1.1" 200 -
  [06:20:34] [heartbeat] up 11m00s · model=ready · inferring · pending=0
  [06:20:35] [  http] "GET /api/drift HTTP/1.1" 200 -
  [06:20:35] [  http] "GET /api/drift HTTP/1.1" 200 -
  [06:20:35] [  http] "GET /api/aegis/healing-log?limit=15 HTTP/1.1" 200 -
  [06:20:35] [  http] "GET /api/aegis/stats?hours=24 HTTP/1.1" 200 -
  [06:20:35] [  http] "GET /api/aegis/recent-events?limit=15 HTTP/1.1" 200 -
  [06:20:35] [  http] "GET /api/governor HTTP/1.1" 200 -
  [06:20:35] [  http] "GET /api/drift HTTP/1.1" 200 -
  [06:20:35] [  http] "GET /api/aegis/healing-log?limit=15 HTTP/1.1" 200 -
  [06:20:35] [  http] "GET /api/aegis/stats?hours=24 HTTP/1.1" 200 -
  [06:20:35] [  http] "GET /api/aegis/recent-events?limit=15 HTTP/1.1" 200 -
  [06:20:35] [  http] "GET /api/governor HTTP/1.1" 200 -
  [06:20:36] [  http] "GET /api/drift HTTP/1.1" 200 -
  [06:20:37] [  http] "GET /api/aegis/stats?hours=24 HTTP/1.1" 200 -
  [06:20:37] [  http] "GET /api/aegis/healing-log?limit=15 HTTP/1.1" 200 -
  [06:20:37] [  http] "GET /api/aegis/recent-events?limit=15 HTTP/1.1" 200 -
  [06:20:37] [  http] "GET /api/drift HTTP/1.1" 200 -
  [06:20:37] [  http] "GET /api/aegis/stats?hours=24 HTTP/1.1" 200 -
  [06:20:37] [  http] "GET /api/aegis/recent-events?limit=15 HTTP/1.1" 200 -
  [06:20:37] [  http] "GET /api/aegis/healing-log?limit=15 HTTP/1.1" 200 -
  [06:20:38] [  http] "GET /api/drift HTTP/1.1" 200 -
  [06:20:38] [  http] "GET /api/aegis/stats?hours=24 HTTP/1.1" 200 -
  [06:20:38] [  http] "GET /api/aegis/recent-events?limit=15 HTTP/1.1" 200 -
  [06:20:38] [  http] "GET /api/aegis/healing-log?limit=15 HTTP/1.1" 200 -
  [06:20:39] [  http] "GET /api/drift HTTP/1.1" 200 -
  [06:20:40] [  http] "GET /api/governor HTTP/1.1" 200 -
  [06:20:40] [  http] "GET /api/drift HTTP/1.1" 200 -
  [06:20:41] [  http] "GET /api/drift HTTP/1.1" 200 -
  [06:20:41] [  http] "GET /api/governor HTTP/1.1" 200 -
  [06:20:42] [  http] "GET /api/aegis/stats?hours=24 HTTP/1.1" 200 -
  [06:20:42] [  http] "GET /api/drift HTTP/1.1" 200 -
  [06:20:42] [  http] "GET /api/aegis/stats?hours=24 HTTP/1.1" 200 -
  [06:20:43] [  http] "GET /api/governor HTTP/1.1" 200 -
  [06:20:43] [  http] "GET /api/aegis/stats?hours=24 HTTP/1.1" 200 -
  [06:20:43] [  http] "GET /api/status HTTP/1.1" 200 -
  [06:20:43] [  http] "GET /api/drift HTTP/1.1" 200 -
  [06:20:43] [  http] "GET /api/session HTTP/1.1" 200 -
  [06:20:43] [  http] "GET /api/sessions HTTP/1.1" 200 -
  [06:20:43] [  http] "GET /api/drift HTTP/1.1" 200 -
  [06:20:44] [  http] "GET /api/status HTTP/1.1" 200 -
  [06:20:44] [  http] "GET /api/session HTTP/1.1" 200 -
  [06:20:44] [  http] "GET /api/sessions HTTP/1.1" 200 -
  [06:20:44] [  http] "GET /api/status HTTP/1.1" 200 -
  [06:20:45] [  http] "GET /api/session HTTP/1.1" 200 -
  [06:20:45] [  http] "GET /api/sessions HTTP/1.1" 200 -
  [06:20:45] [  http] "GET /api/drift HTTP/1.1" 200 -
  [06:20:46] [  http] "GET /api/status HTTP/1.1" 200 -
  [06:20:46] [  http] "GET /api/session HTTP/1.1" 200 -
  [06:20:46] [  http] "GET /api/drift HTTP/1.1" 200 -
  [06:20:46] [  http] "GET /api/sessions HTTP/1.1" 200 -
  [06:20:46] [  http] "GET /api/drift HTTP/1.1" 200 -
  [06:20:47] [  http] "GET /api/status HTTP/1.1" 200 -
  [06:20:47] [  http] "GET /api/aegis/healing-log?limit=15 HTTP/1.1" 200 -
  [06:20:47] [  http] "GET /api/aegis/stats?hours=24 HTTP/1.1" 200 -
  [06:20:47] [  http] "GET /api/aegis/recent-events?limit=15 HTTP/1.1" 200 -
  [06:20:47] [  http] "GET /api/session HTTP/1.1" 200 -
  [06:20:47] [  http] "GET /api/sessions HTTP/1.1" 200 -
  [06:20:47] [  http] "GET /api/aegis/stats?hours=24 HTTP/1.1" 200 -
  [06:20:47] [  http] "GET /api/aegis/healing-log?limit=15 HTTP/1.1" 200 -
  [06:20:47] [  http] "GET /api/aegis/recent-events?limit=15 HTTP/1.1" 200 -
  [06:20:48] [  http] "GET /api/aegis/stats?hours=24 HTTP/1.1" 200 -
  [06:20:48] [  http] "GET /api/aegis/healing-log?limit=15 HTTP/1.1" 200 -
  [06:20:48] [  http] "GET /api/aegis/recent-events?limit=15 HTTP/1.1" 200 -
  [06:20:48] [  http] "GET /api/drift HTTP/1.1" 200 -
  [06:20:49] [  http] "GET /api/drift HTTP/1.1" 200 -
  [06:20:50] [  http] "GET /api/drift HTTP/1.1" 200 -
  [06:20:50] [  http] "GET /api/governor HTTP/1.1" 200 -
  [06:20:51] [  http] "GET /api/drift HTTP/1.1" 200 -
  [06:20:51] [  http] "GET /api/governor HTTP/1.1" 200 -
  [06:20:52] [  http] "GET /api/aegis/stats?hours=24 HTTP/1.1" 200 -
  [06:20:52] [  http] "GET /api/drift HTTP/1.1" 200 -
  [06:20:52] [  http] "GET /api/governor HTTP/1.1" 200 -
  [06:20:52] [  http] "GET /api/aegis/stats?hours=24 HTTP/1.1" 200 -
  [06:20:53] [  http] "GET /api/drift HTTP/1.1" 200 -
  [06:20:53] [  http] "GET /api/aegis/stats?hours=24 HTTP/1.1" 200 -
  [06:20:54] [  http] "GET /api/drift HTTP/1.1" 200 -
  [06:20:55] [  http] "GET /api/drift HTTP/1.1" 200 -
  [06:20:56] [  http] "GET /api/drift HTTP/1.1" 200 -
  [06:20:57] [  http] "GET /api/aegis/stats?hours=24 HTTP/1.1" 200 -
  [06:20:57] [  http] "GET /api/aegis/stats?hours=24 HTTP/1.1" 200 -
  [06:20:57] [  http] "GET /api/aegis/healing-log?limit=15 HTTP/1.1" 200 -
  [06:20:57] [  http] "GET /api/aegis/recent-events?limit=15 HTTP/1.1" 200 -
  [06:20:57] [  http] "GET /api/aegis/healing-log?limit=15 HTTP/1.1" 200 -
  [06:20:57] [  http] "GET /api/aegis/recent-events?limit=15 HTTP/1.1" 200 -
  [06:20:57] [  http] "GET /api/drift HTTP/1.1" 200 -
  [06:20:58] [  http] "GET /api/aegis/stats?hours=24 HTTP/1.1" 200 -
  [06:20:58] [  http] "GET /api/aegis/healing-log?limit=15 HTTP/1.1" 200 -
  [06:20:58] [  http] "GET /api/aegis/recent-events?limit=15 HTTP/1.1" 200 -
  [06:20:58] [  http] "GET /api/drift HTTP/1.1" 200 -
  [06:20:58] [  http] "GET /api/status HTTP/1.1" 200 -
  [06:20:58] [  http] "GET /api/session HTTP/1.1" 200 -
  [06:20:58] [  http] "GET /api/sessions HTTP/1.1" 200 -
  [06:20:59] [  http] "GET /api/drift HTTP/1.1" 200 -
  [06:21:00] [  http] "GET /api/status HTTP/1.1" 200 -
  [06:21:00] [  http] "GET /api/governor HTTP/1.1" 200 -
  [06:21:00] [  http] "GET /api/session HTTP/1.1" 200 -
  [06:21:00] [  http] "GET /api/status HTTP/1.1" 200 -
  [06:21:00] [  http] "GET /api/sessions HTTP/1.1" 200 -
  [06:21:00] [  http] "GET /api/session HTTP/1.1" 200 -
  [06:21:00] [  http] "GET /api/sessions HTTP/1.1" 200 -
  [06:21:00] [  http] "GET /api/drift HTTP/1.1" 200 -
  [06:21:01] [  http] "GET /api/status HTTP/1.1" 200 -
  [06:21:01] [  http] "GET /api/drift HTTP/1.1" 200 -
  [06:21:01] [  http] "GET /api/session HTTP/1.1" 200 -
  [06:21:01] [  http] "GET /api/sessions HTTP/1.1" 200 -
  [06:21:01] [  http] "GET /api/governor HTTP/1.1" 200 -
  [06:21:02] [  http] "GET /api/drift HTTP/1.1" 200 -
  [06:21:02] [  http] "GET /api/aegis/stats?hours=24 HTTP/1.1" 200 -
  [06:21:02] [  http] "GET /api/aegis/stats?hours=24 HTTP/1.1" 200 -
  [06:21:02] [  http] "GET /api/governor HTTP/1.1" 200 -
  [06:21:03] [  http] "GET /api/aegis/stats?hours=24 HTTP/1.1" 200 -
  [06:21:03] [  http] "GET /api/status HTTP/1.1" 200 -
  [06:21:03] [  http] "GET /api/session HTTP/1.1" 200 -
  [06:21:03] [  http] "GET /api/sessions HTTP/1.1" 200 -
  [06:21:03] [  http] "GET /api/drift HTTP/1.1" 200 -
  [06:21:04] [  http] "GET /api/drift HTTP/1.1" 200 -
  [06:21:04] [heartbeat] up 11m30s · model=ready · inferring · pending=0
  [06:21:05] [  http] "GET /api/drift HTTP/1.1" 200 -
  [06:21:06] [  http] "GET /api/drift HTTP/1.1" 200 -
  [06:21:07] [  http] "GET /api/aegis/healing-log?limit=15 HTTP/1.1" 200 -
  [06:21:07] [  http] "GET /api/aegis/stats?hours=24 HTTP/1.1" 200 -
  [06:21:07] [  http] "GET /api/aegis/recent-events?limit=15 HTTP/1.1" 200 -
  [06:21:07] [  http] "GET /api/drift HTTP/1.1" 200 -
  [06:21:07] [  http] "GET /api/aegis/stats?hours=24 HTTP/1.1" 200 -
  [06:21:07] [  http] "GET /api/aegis/healing-log?limit=15 HTTP/1.1" 200 -
  [06:21:07] [  http] "GET /api/aegis/recent-events?limit=15 HTTP/1.1" 200 -
  [06:21:08] [  http] "GET /api/drift HTTP/1.1" 200 -
  [06:21:08] [  http] "GET /api/aegis/stats?hours=24 HTTP/1.1" 200 -
  [06:21:08] [  http] "GET /api/aegis/healing-log?limit=15 HTTP/1.1" 200 -
  [06:21:08] [  http] "GET /api/aegis/recent-events?limit=15 HTTP/1.1" 200 -
  [06:21:09] [  http] "GET /api/drift HTTP/1.1" 200 -
  [06:21:10] [  http] "GET /api/drift HTTP/1.1" 200 -
  [06:21:10] [  http] "GET /api/governor HTTP/1.1" 200 -
  [06:21:10] [  http] "GET /api/drift HTTP/1.1" 200 -
  [06:21:11] [  http] "GET /api/governor HTTP/1.1" 200 -
  [06:21:12] [  http] "GET /api/aegis/stats?hours=24 HTTP/1.1" 200 -
  [06:21:12] [  http] "GET /api/governor HTTP/1.1" 200 -
  [06:21:12] [  http] "GET /api/aegis/stats?hours=24 HTTP/1.1" 200 -
  [06:21:12] [  http] "GET /api/drift HTTP/1.1" 200 -
  [06:21:13] [  http] "GET /api/aegis/stats?hours=24 HTTP/1.1" 200 -
  [06:21:13] [  http] "GET /api/status HTTP/1.1" 200 -
  [06:21:13] [  http] "GET /api/drift HTTP/1.1" 200 -
  [06:21:13] [  http] "GET /api/session HTTP/1.1" 200 -
  [06:21:13] [  http] "GET /api/sessions HTTP/1.1" 200 -
  [06:21:14] [  http] "GET /api/drift HTTP/1.1" 200 -
  [06:21:15] [  http] "GET /api/status HTTP/1.1" 200 -
  [06:21:15] [  http] "GET /api/session HTTP/1.1" 200 -
  [06:21:15] [  http] "GET /api/sessions HTTP/1.1" 200 -
  [06:21:15] [  http] "GET /api/drift HTTP/1.1" 200 -
  [06:21:16] [  http] "GET /api/status HTTP/1.1" 200 -
  [06:21:16] [  http] "GET /api/session HTTP/1.1" 200 -
  [06:21:16] [  http] "GET /api/sessions HTTP/1.1" 200 -
  [06:21:16] [  http] "GET /api/status HTTP/1.1" 200 -
  [06:21:16] [  http] "GET /api/drift HTTP/1.1" 200 -
  [06:21:16] [  http] "GET /api/session HTTP/1.1" 200 -
  [06:21:16] [  http] "GET /api/drift HTTP/1.1" 200 -
  [06:21:16] [  http] "GET /api/sessions HTTP/1.1" 200 -
  [06:21:17] [  http] "GET /api/aegis/stats?hours=24 HTTP/1.1" 200 -
  [06:21:17] [  http] "GET /api/aegis/stats?hours=24 HTTP/1.1" 200 -
  [06:21:17] [  http] "GET /api/aegis/healing-log?limit=15 HTTP/1.1" 200 -
  [06:21:17] [  http] "GET /api/aegis/recent-events?limit=15 HTTP/1.1" 200 -
  [06:21:17] [  http] "GET /api/aegis/healing-log?limit=15 HTTP/1.1" 200 -
  [06:21:17] [  http] "GET /api/aegis/recent-events?limit=15 HTTP/1.1" 200 -
  [06:21:18] [  http] "GET /api/aegis/stats?hours=24 HTTP/1.1" 200 -
  [06:21:18] [  http] "GET /api/aegis/healing-log?limit=15 HTTP/1.1" 200 -
  [06:21:18] [  http] "GET /api/aegis/recent-events?limit=15 HTTP/1.1" 200 -
  [06:21:18] [  http] "GET /api/drift HTTP/1.1" 200 -
  [06:21:19] [  http] "GET /api/status HTTP/1.1" 200 -
  [06:21:19] [  http] "GET /api/drift HTTP/1.1" 200 -
  [06:21:19] [  http] "GET /api/session HTTP/1.1" 200 -
  [06:21:19] [  http] "GET /api/sessions HTTP/1.1" 200 -
  [06:21:19] [  http] "GET /api/drift HTTP/1.1" 200 -
  [06:21:20] [  http] "GET /api/governor HTTP/1.1" 200 -
  [06:21:21] [  http] "GET /api/drift HTTP/1.1" 200 -
  [06:21:22] [  http] "GET /api/governor HTTP/1.1" 200 -
  [06:21:22] [  http] "GET /api/aegis/stats?hours=24 HTTP/1.1" 200 -
  [06:21:22] [  http] "GET /api/aegis/stats?hours=24 HTTP/1.1" 200 -
  [06:21:22] [  http] "GET /api/drift HTTP/1.1" 200 -
  [06:21:23] [  http] "GET /api/aegis/stats?hours=24 HTTP/1.1" 200 -
  [06:21:23] [  http] "GET /api/drift HTTP/1.1" 200 -
  [06:21:23] [  http] "GET /api/governor HTTP/1.1" 200 -
  [06:21:24] [  http] "GET /api/drift HTTP/1.1" 200 -
  [06:21:25] [  http] "GET /api/drift HTTP/1.1" 200 -
  [06:21:26] [  http] "GET /api/drift HTTP/1.1" 200 -
  [06:21:27] [  http] "GET /api/aegis/stats?hours=24 HTTP/1.1" 200 -
  [06:21:27] [  http] "GET /api/aegis/stats?hours=24 HTTP/1.1" 200 -
  [06:21:27] [  http] "GET /api/aegis/healing-log?limit=15 HTTP/1.1" 200 -
  [06:21:27] [  http] "GET /api/aegis/recent-events?limit=15 HTTP/1.1" 200 -
  [06:21:27] [  http] "GET /api/aegis/healing-log?limit=15 HTTP/1.1" 200 -
  [06:21:27] [  http] "GET /api/aegis/recent-events?limit=15 HTTP/1.1" 200 -
  [06:21:27] [  http] "GET /api/drift HTTP/1.1" 200 -
  [06:21:28] [  http] "GET /api/aegis/stats?hours=24 HTTP/1.1" 200 -
  [06:21:28] [  http] "GET /api/aegis/healing-log?limit=15 HTTP/1.1" 200 -
  [06:21:28] [  http] "GET /api/aegis/recent-events?limit=15 HTTP/1.1" 200 -
  [06:21:28] [  http] "GET /api/drift HTTP/1.1" 200 -
  [06:21:28] [  http] "GET /api/status HTTP/1.1" 200 -
  [06:21:29] [  http] "GET /api/drift HTTP/1.1" 200 -
  [06:21:29] [  http] "GET /api/session HTTP/1.1" 200 -
  [06:21:29] [  http] "GET /api/sessions HTTP/1.1" 200 -
  [06:21:30] [  http] "GET /api/governor HTTP/1.1" 200 -
  [06:21:30] [  http] "GET /api/status HTTP/1.1" 200 -
  [06:21:30] [  http] "GET /api/session HTTP/1.1" 200 -
  [06:21:30] [  http] "GET /api/sessions HTTP/1.1" 200 -
  [06:21:30] [  http] "GET /api/drift HTTP/1.1" 200 -
  [06:21:31] [  http] "GET /api/drift HTTP/1.1" 200 -
  [06:21:31] [  http] "GET /api/status HTTP/1.1" 200 -
  [06:21:31] [  http] "GET /api/session HTTP/1.1" 200 -
  [06:21:31] [  http] "GET /api/sessions HTTP/1.1" 200 -
  [06:21:32] [  http] "GET /api/governor HTTP/1.1" 200 -
  [06:21:32] [  http] "GET /api/drift HTTP/1.1" 200 -
  [06:21:32] [  http] "GET /api/status HTTP/1.1" 200 -
  [06:21:32] [  http] "GET /api/aegis/stats?hours=24 HTTP/1.1" 200 -
  [06:21:32] [  http] "GET /api/aegis/stats?hours=24 HTTP/1.1" 200 -
  [06:21:32] [  http] "GET /api/session HTTP/1.1" 200 -
  [06:21:32] [  http] "GET /api/sessions HTTP/1.1" 200 -
  [06:21:32] [  http] "GET /api/governor HTTP/1.1" 200 -
  [06:21:33] [  http] "GET /api/aegis/stats?hours=24 HTTP/1.1" 200 -
  [06:21:33] [  http] "GET /api/drift HTTP/1.1" 200 -
  [06:21:34] [heartbeat] up 12m00s · model=ready · inferring · pending=0
  [06:21:34] [  http] "GET /api/drift HTTP/1.1" 200 -
  [06:21:35] [  http] "GET /api/drift HTTP/1.1" 200 -
  [06:21:35] [  http] "GET /api/drift HTTP/1.1" 200 -
  [06:21:35] [  http] "GET /api/aegis/stats?hours=24 HTTP/1.1" 200 -
  [06:21:35] [  http] "GET /api/aegis/healing-log?limit=15 HTTP/1.1" 200 -
  [06:21:35] [  http] "GET /api/aegis/recent-events?limit=15 HTTP/1.1" 200 -
  [06:21:35] [  http] "GET /api/governor HTTP/1.1" 200 -
  [06:21:35] [  http] "GET /api/status HTTP/1.1" 200 -
  [06:21:35] [  http] "GET /api/drift HTTP/1.1" 200 -
  [06:21:35] [  http] "GET /api/aegis/stats?hours=24 HTTP/1.1" 200 -
  [06:21:35] [  http] "GET /api/aegis/healing-log?limit=15 HTTP/1.1" 200 -
  [06:21:35] [  http] "GET /api/aegis/recent-events?limit=15 HTTP/1.1" 200 -
  [06:21:35] [  http] "GET /api/governor HTTP/1.1" 200 -
  [06:21:35] [  http] "GET /api/session HTTP/1.1" 200 -
  [06:21:35] [  http] "GET /api/sessions HTTP/1.1" 200 -
  [06:21:36] [  http] "GET /api/drift HTTP/1.1" 200 -
  [06:21:37] [  http] "GET /api/aegis/stats?hours=24 HTTP/1.1" 200 -
  [06:21:37] [  http] "GET /api/aegis/healing-log?limit=15 HTTP/1.1" 200 -
  [06:21:37] [  http] "GET /api/aegis/recent-events?limit=15 HTTP/1.1" 200 -
  [06:21:37] [  http] "GET /api/drift HTTP/1.1" 200 -
  [06:21:37] [  http] "GET /api/aegis/stats?hours=24 HTTP/1.1" 200 -
  [06:21:37] [  http] "GET /api/aegis/healing-log?limit=15 HTTP/1.1" 200 -
  [06:21:37] [  http] "GET /api/aegis/recent-events?limit=15 HTTP/1.1" 200 -
  [06:21:38] [  http] "GET /api/drift HTTP/1.1" 200 -
  [06:21:38] [  http] "GET /api/aegis/stats?hours=24 HTTP/1.1" 200 -
  [06:21:38] [  http] "GET /api/aegis/healing-log?limit=15 HTTP/1.1" 200 -
  [06:21:38] [  http] "GET /api/aegis/recent-events?limit=15 HTTP/1.1" 200 -
  [06:21:39] [  http] "GET /api/drift HTTP/1.1" 200 -
  [06:21:40] [  http] "GET /api/governor HTTP/1.1" 200 -
  [06:21:40] [  http] "GET /api/drift HTTP/1.1" 200 -
  [06:21:41] [  http] "GET /api/drift HTTP/1.1" 200 -
  [06:21:41] [  http] "GET /api/governor HTTP/1.1" 200 -
  [06:21:42] [  http] "GET /api/aegis/stats?hours=24 HTTP/1.1" 200 -
  [06:21:42] [  http] "GET /api/governor HTTP/1.1" 200 -
  [06:21:42] [  http] "GET /api/drift HTTP/1.1" 200 -
  [06:21:42] [  http] "GET /api/aegis/stats?hours=24 HTTP/1.1" 200 -
  [06:21:43] [  http] "GET /api/aegis/stats?hours=24 HTTP/1.1" 200 -
  [06:21:43] [  http] "GET /api/drift HTTP/1.1" 200 -
  [06:21:43] [  http] "GET /api/drift HTTP/1.1" 200 -
  [06:21:44] [  http] "GET /api/status HTTP/1.1" 200 -
  [06:21:44] [  http] "GET /api/session HTTP/1.1" 200 -
  [06:21:44] [  http] "GET /api/sessions HTTP/1.1" 200 -
  [06:21:45] [  http] "GET /api/status HTTP/1.1" 200 -
  [06:21:45] [  http] "GET /api/drift HTTP/1.1" 200 -
  [06:21:45] [  http] "GET /api/session HTTP/1.1" 200 -
  [06:21:45] [  http] "GET /api/sessions HTTP/1.1" 200 -
  [06:21:46] [  http] "GET /api/drift HTTP/1.1" 200 -
  [06:21:46] [  http] "GET /api/status HTTP/1.1" 200 -
  [06:21:47] [  http] "GET /api/drift HTTP/1.1" 200 -
  [06:21:47] [  http] "GET /api/session HTTP/1.1" 200 -
  [06:21:47] [  http] "GET /api/sessions HTTP/1.1" 200 -
  [06:21:47] [  http] "GET /api/aegis/stats?hours=24 HTTP/1.1" 200 -
  [06:21:47] [  http] "GET /api/aegis/healing-log?limit=15 HTTP/1.1" 200 -
  [06:21:47] [  http] "GET /api/aegis/stats?hours=24 HTTP/1.1" 200 -
  [06:21:47] [  http] "GET /api/aegis/recent-events?limit=15 HTTP/1.1" 200 -
  [06:21:47] [  http] "GET /api/aegis/healing-log?limit=15 HTTP/1.1" 200 -
  [06:21:47] [  http] "GET /api/aegis/recent-events?limit=15 HTTP/1.1" 200 -
  [06:21:48] [  http] "GET /api/status HTTP/1.1" 200 -
  [06:21:48] [  http] "GET /api/aegis/stats?hours=24 HTTP/1.1" 200 -
  [06:21:48] [  http] "GET /api/aegis/healing-log?limit=15 HTTP/1.1" 200 -
  [06:21:48] [  http] "GET /api/aegis/recent-events?limit=15 HTTP/1.1" 200 -
  [06:21:48] [  http] "GET /api/session HTTP/1.1" 200 -
  [06:21:48] [  http] "GET /api/sessions HTTP/1.1" 200 -
  [06:21:48] [  http] "GET /api/drift HTTP/1.1" 200 -
  [06:21:49] [  http] "GET /api/drift HTTP/1.1" 200 -
  [06:21:49] [  http] "GET /api/drift HTTP/1.1" 200 -
  [06:21:50] [  http] "GET /api/governor HTTP/1.1" 200 -
  [06:21:51] [  http] "GET /api/status HTTP/1.1" 200 -
  [06:21:51] [  http] "GET /api/drift HTTP/1.1" 200 -
  [06:21:51] [  http] "GET /api/session HTTP/1.1" 200 -
  [06:21:51] [  http] "GET /api/sessions HTTP/1.1" 200 -
  [06:21:52] [  http] "GET /api/governor HTTP/1.1" 200 -
  [06:21:52] [  http] "GET /api/aegis/stats?hours=24 HTTP/1.1" 200 -
  [06:21:52] [  http] "GET /api/aegis/stats?hours=24 HTTP/1.1" 200 -
  [06:21:52] [  http] "GET /api/drift HTTP/1.1" 200 -
  [06:21:53] [  http] "GET /api/aegis/stats?hours=24 HTTP/1.1" 200 -
  [06:21:53] [  http] "GET /api/drift HTTP/1.1" 200 -
  [06:21:53] [  http] "GET /api/governor HTTP/1.1" 200 -
  [06:21:54] [  http] "GET /api/drift HTTP/1.1" 200 -
  [06:21:55] [  http] "GET /api/drift HTTP/1.1" 200 -
  [06:21:56] [  http] "GET /api/drift HTTP/1.1" 200 -
  [06:21:57] [  http] "GET /api/aegis/stats?hours=24 HTTP/1.1" 200 -
  [06:21:57] [  http] "GET /api/aegis/stats?hours=24 HTTP/1.1" 200 -
  [06:21:57] [  http] "GET /api/aegis/healing-log?limit=15 HTTP/1.1" 200 -
  [06:21:57] [  http] "GET /api/aegis/recent-events?limit=15 HTTP/1.1" 200 -
  [06:21:57] [  http] "GET /api/aegis/healing-log?limit=15 HTTP/1.1" 200 -
  [06:21:57] [  http] "GET /api/aegis/recent-events?limit=15 HTTP/1.1" 200 -
  [06:21:57] [  http] "GET /api/drift HTTP/1.1" 200 -
  [06:21:58] [  http] "GET /api/aegis/stats?hours=24 HTTP/1.1" 200 -
  [06:21:58] [  http] "GET /api/aegis/healing-log?limit=15 HTTP/1.1" 200 -
  [06:21:58] [  http] "GET /api/aegis/recent-events?limit=15 HTTP/1.1" 200 -
  [06:21:58] [  http] "GET /api/drift HTTP/1.1" 200 -
  [06:21:59] [  http] "GET /api/drift HTTP/1.1" 200 -
  [06:21:59] [  http] "GET /api/status HTTP/1.1" 200 -
  [06:21:59] [  http] "GET /api/session HTTP/1.1" 200 -
  [06:21:59] [  http] "GET /api/sessions HTTP/1.1" 200 -
  [06:22:00] [  http] "GET /api/governor HTTP/1.1" 200 -
  [06:22:00] [  http] "GET /api/status HTTP/1.1" 200 -
  [06:22:00] [  http] "GET /api/drift HTTP/1.1" 200 -
  [06:22:01] [  http] "GET /api/session HTTP/1.1" 200 -
  [06:22:01] [  http] "GET /api/sessions HTTP/1.1" 200 -
  [06:22:01] [  http] "GET /api/drift HTTP/1.1" 200 -
  [06:22:01] [  http] "GET /api/governor HTTP/1.1" 200 -
  [06:22:02] [  http] "GET /api/drift HTTP/1.1" 200 -
  [06:22:02] [  http] "GET /api/status HTTP/1.1" 200 -
  [06:22:02] [  http] "GET /api/session HTTP/1.1" 200 -
  [06:22:02] [  http] "GET /api/sessions HTTP/1.1" 200 -
  [06:22:02] [  http] "GET /api/aegis/stats?hours=24 HTTP/1.1" 200 -
  [06:22:02] [  http] "GET /api/aegis/stats?hours=24 HTTP/1.1" 200 -
  [06:22:02] [  http] "GET /api/governor HTTP/1.1" 200 -
  [06:22:03] [  http] "GET /api/aegis/stats?hours=24 HTTP/1.1" 200 -
  [06:22:03] [  http] "GET /api/drift HTTP/1.1" 200 -
  [06:22:04] [  http] "GET /api/status HTTP/1.1" 200 -
  [06:22:04] [heartbeat] up 12m30s · model=ready · inferring · pending=0
  [06:22:04] [  http] "GET /api/drift HTTP/1.1" 200 -
  [06:22:04] [  http] "GET /api/session HTTP/1.1" 200 -
  [06:22:04] [  http] "GET /api/sessions HTTP/1.1" 200 -
  [06:22:05] [  http] "GET /api/drift HTTP/1.1" 200 -
  [06:22:06] [  http] "GET /api/drift HTTP/1.1" 200 -
  [06:22:07] [  http] "GET /api/status HTTP/1.1" 200 -
  [06:22:07] [  http] "GET /api/session HTTP/1.1" 200 -
  [06:22:07] [  http] "GET /api/sessions HTTP/1.1" 200 -
  [06:22:07] [  http] "GET /api/aegis/stats?hours=24 HTTP/1.1" 200 -
  [06:22:07] [  http] "GET /api/aegis/healing-log?limit=15 HTTP/1.1" 200 -
  [06:22:07] [  http] "GET /api/drift HTTP/1.1" 200 -
  [06:22:07] [  http] "GET /api/aegis/recent-events?limit=15 HTTP/1.1" 200 -
  [06:22:07] [  http] "GET /api/aegis/stats?hours=24 HTTP/1.1" 200 -
  [06:22:07] [  http] "GET /api/aegis/healing-log?limit=15 HTTP/1.1" 200 -
  [06:22:07] [  http] "GET /api/aegis/recent-events?limit=15 HTTP/1.1" 200 -
  [06:22:08] [  http] "GET /api/drift HTTP/1.1" 200 -
  [06:22:08] [  http] "GET /api/aegis/stats?hours=24 HTTP/1.1" 200 -
  [06:22:08] [  http] "GET /api/aegis/healing-log?limit=15 HTTP/1.1" 200 -
  [06:22:08] [  http] "GET /api/aegis/recent-events?limit=15 HTTP/1.1" 200 -
  [06:22:09] [  http] "GET /api/drift HTTP/1.1" 200 -
  [06:22:10] [  http] "GET /api/governor HTTP/1.1" 200 -
  [06:22:10] [  http] "GET /api/drift HTTP/1.1" 200 -
  [06:22:11] [  http] "GET /api/drift HTTP/1.1" 200 -
  [06:22:11] [  http] "GET /api/governor HTTP/1.1" 200 -
  [06:22:12] [  http] "GET /api/aegis/stats?hours=24 HTTP/1.1" 200 -
  [06:22:12] [  http] "GET /api/drift HTTP/1.1" 200 -
  [06:22:12] [  http] "GET /api/aegis/stats?hours=24 HTTP/1.1" 200 -
  [OV:base] ~860 tok, 6.7 tok/s
  [TENSION] xi=0.2568 gamma=0.7957 — synthesis (perspectives disagree)
  [06:22:13] [  http] "GET /api/aegis/stats?hours=24 HTTP/1.1" 200 -
[MANIFOLD] weights={'newton': 0.5001, 'quantum': 0.4999} xi=0.111 steering=shadow
[AAP] attractor=Fact eps=0.26 trust=1.000
[RENDER-AUDIT] ok overlap=96.30%
[PHASE6] Done: 5478 chars, 724 tokens
  [MEMORY] [generation] baseline=2674MB peak=2864MB (+190 transient) retained=+23MB in 209.1s (812 samples)
  [WORKER] Got result: response=5478 chars, adapter=newton
  [06:22:13] [  http] "GET /api/governor HTTP/1.1" 200 -
  [GOVERNOR] Response exceeded token budget (1370 est vs 400 budget).
WARNING:CodetteSubsystemUpgrade:[AEGIS] would-veto (SHADOW) — ubuntu=0.40 < 0.5 (η=0.93); passing through
  [AEGIS] would-block (SHADOW) η=0.9304 — enforcing nothing yet
  [COGNITION] ξ=0.2568 Γ=0.7957 η=0.9304 σ=0.0 fidelity=0.963 P=0.39 (all measured)
  [06:22:13] [  http] "POST /api/chat HTTP/1.1" 200 -
  [06:22:13] [  http] "GET /api/drift HTTP/1.1" 200 -
  [06:22:13] [  http] "GET /api/drift HTTP/1.1" 200 -
  [06:22:14] [  http] "GET /api/status HTTP/1.1" 200 -
  [06:22:15] [  http] "GET /api/session HTTP/1.1" 200 -
  [06:22:15] [  http] "GET /api/sessions HTTP/1.1" 200 -
  [WORKER] Processing query: What is the correct answer to this question: You perform a h...
INFO:reasoning_forge.behavior_governor:[GOVERNOR] Pre: identity=none (conf=0.15), memory=2 cocoons, tokens=400, compression=normal
  [GOVERNOR] identity=none (conf=0.15), memory=2 cocoons, tokens=400, compression=normal
  [WORKER] Using forge bridge (Phase 6/7)
[PHASE6] Query complexity: QueryComplexity.MEDIUM
[PHASE7] Route: debate,semantic_tension,specialization_tracking,memory_weighting,gamma_monitoring,synthesis
  [06:22:15] [  http] "GET /api/drift HTTP/1.1" 200 -
[PHASE6] Domain: chemistry, max_adapters: 2

  [OV] Route: newton + quantum (conf=0.64, keyword)
  [06:22:15] [  http] "GET /api/status HTTP/1.1" 200 -
  [06:22:16] [  http] "GET /api/session HTTP/1.1" 200 -
  [06:22:16] [  http] "GET /api/sessions HTTP/1.1" 200 -
  [06:22:16] [  http] "GET /api/drift HTTP/1.1" 200 -
  [06:22:17] [  http] "GET /api/drift HTTP/1.1" 200 -
  [06:22:17] [  http] "GET /api/status HTTP/1.1" 200 -
  [06:22:17] [  http] "GET /api/session HTTP/1.1" 200 -
  [06:22:17] [  http] "GET /api/aegis/stats?hours=24 HTTP/1.1" 200 -
  [06:22:17] [  http] "GET /api/aegis/healing-log?limit=15 HTTP/1.1" 200 -
  [06:22:17] [  http] "GET /api/aegis/recent-events?limit=15 HTTP/1.1" 200 -
  [06:22:17] [  http] "GET /api/aegis/stats?hours=24 HTTP/1.1" 200 -
  [06:22:17] [  http] "GET /api/sessions HTTP/1.1" 200 -
  [06:22:17] [  http] "GET /api/aegis/healing-log?limit=15 HTTP/1.1" 200 -
  [06:22:17] [  http] "GET /api/aegis/recent-events?limit=15 HTTP/1.1" 200 -
  [06:22:17] [  http] "GET /api/aegis/stats?hours=24 HTTP/1.1" 200 -
  [06:22:18] [  http] "GET /api/aegis/healing-log?limit=15 HTTP/1.1" 200 -
  [06:22:18] [  http] "GET /api/aegis/recent-events?limit=15 HTTP/1.1" 200 -
  [06:22:18] [  http] "GET /api/drift HTTP/1.1" 200 -
  [06:22:19] [  http] "GET /api/drift HTTP/1.1" 200 -
  [06:22:20] [  http] "GET /api/drift HTTP/1.1" 200 -
  [06:22:20] [  http] "GET /api/governor HTTP/1.1" 200 -
  [06:22:20] [  http] "GET /api/status HTTP/1.1" 200 -
  [06:22:20] [  http] "GET /api/session HTTP/1.1" 200 -
  [06:22:20] [  http] "GET /api/sessions HTTP/1.1" 200 -
  [06:22:21] [  http] "GET /api/drift HTTP/1.1" 200 -
  [06:22:22] [  http] "GET /api/governor HTTP/1.1" 200 -
  [06:22:22] [  http] "GET /api/aegis/stats?hours=24 HTTP/1.1" 200 -
  [06:22:22] [  http] "GET /api/aegis/stats?hours=24 HTTP/1.1" 200 -
  [06:22:22] [  http] "GET /api/drift HTTP/1.1" 200 -
  [06:22:23] [  http] "GET /api/aegis/stats?hours=24 HTTP/1.1" 200 -
  [06:22:23] [  http] "GET /api/drift HTTP/1.1" 200 -
  [06:22:23] [  http] "GET /api/governor HTTP/1.1" 200 -
  [06:22:23] [  http] "GET /api/status HTTP/1.1" 200 -
  [06:22:23] [  http] "GET /api/session HTTP/1.1" 200 -
  [06:22:23] [  http] "GET /api/sessions HTTP/1.1" 200 -
  [06:22:24] [  http] "GET /api/drift HTTP/1.1" 200 -
  [06:22:25] [  http] "GET /api/drift HTTP/1.1" 200 -
  [06:22:26] [  http] "GET /api/drift HTTP/1.1" 200 -
  [06:22:27] [  http] "GET /api/aegis/stats?hours=24 HTTP/1.1" 200 -
  [06:22:27] [  http] "GET /api/aegis/healing-log?limit=15 HTTP/1.1" 200 -
  [06:22:27] [  http] "GET /api/aegis/stats?hours=24 HTTP/1.1" 200 -
  [06:22:27] [  http] "GET /api/aegis/recent-events?limit=15 HTTP/1.1" 200 -
  [06:22:27] [  http] "GET /api/aegis/healing-log?limit=15 HTTP/1.1" 200 -
  [06:22:27] [  http] "GET /api/aegis/recent-events?limit=15 HTTP/1.1" 200 -
  [06:22:27] [  http] "GET /api/drift HTTP/1.1" 200 -
  [06:22:28] [  http] "GET /api/aegis/stats?hours=24 HTTP/1.1" 200 -
  [06:22:28] [  http] "GET /api/aegis/healing-log?limit=15 HTTP/1.1" 200 -
  [06:22:28] [  http] "GET /api/aegis/recent-events?limit=15 HTTP/1.1" 200 -
  [06:22:28] [  http] "GET /api/drift HTTP/1.1" 200 -
  [06:22:29] [  http] "GET /api/drift HTTP/1.1" 200 -
  [06:22:29] [  http] "GET /api/status HTTP/1.1" 200 -
  [06:22:30] [  http] "GET /api/session HTTP/1.1" 200 -
  [06:22:30] [  http] "GET /api/sessions HTTP/1.1" 200 -
  [06:22:30] [  http] "GET /api/governor HTTP/1.1" 200 -
  [06:22:30] [  http] "GET /api/drift HTTP/1.1" 200 -
  [06:22:31] [  http] "GET /api/status HTTP/1.1" 200 -
  [06:22:31] [  http] "GET /api/session HTTP/1.1" 200 -
  [06:22:31] [  http] "GET /api/sessions HTTP/1.1" 200 -
  [06:22:31] [  http] "GET /api/drift HTTP/1.1" 200 -
  [06:22:31] [  http] "GET /api/governor HTTP/1.1" 200 -
  [06:22:32] [  http] "GET /api/drift HTTP/1.1" 200 -
  [06:22:32] [  http] "GET /api/aegis/stats?hours=24 HTTP/1.1" 200 -
  [06:22:32] [  http] "GET /api/status HTTP/1.1" 200 -
  [06:22:32] [  http] "GET /api/session HTTP/1.1" 200 -
  [06:22:32] [  http] "GET /api/sessions HTTP/1.1" 200 -
  [06:22:32] [  http] "GET /api/aegis/stats?hours=24 HTTP/1.1" 200 -
  [06:22:33] [  http] "GET /api/aegis/stats?hours=24 HTTP/1.1" 200 -
  [06:22:33] [  http] "GET /api/governor HTTP/1.1" 200 -
  [06:22:33] [  http] "GET /api/drift HTTP/1.1" 200 -
  [06:22:34] [  http] "GET /api/drift HTTP/1.1" 200 -
  [06:22:34] [heartbeat] up 13m00s · model=ready · inferring · pending=0
  [06:22:35] [  http] "GET /api/drift HTTP/1.1" 200 -
  [06:22:35] [  http] "GET /api/drift HTTP/1.1" 200 -
  [06:22:35] [  http] "GET /api/aegis/healing-log?limit=15 HTTP/1.1" 200 -
  [06:22:35] [  http] "GET /api/aegis/stats?hours=24 HTTP/1.1" 200 -
  [06:22:35] [  http] "GET /api/aegis/recent-events?limit=15 HTTP/1.1" 200 -
  [06:22:35] [  http] "GET /api/governor HTTP/1.1" 200 -
  [06:22:35] [  http] "GET /api/drift HTTP/1.1" 200 -
  [06:22:35] [  http] "GET /api/aegis/healing-log?limit=15 HTTP/1.1" 200 -
  [06:22:35] [  http] "GET /api/aegis/stats?hours=24 HTTP/1.1" 200 -
  [06:22:35] [  http] "GET /api/aegis/recent-events?limit=15 HTTP/1.1" 200 -
  [06:22:35] [  http] "GET /api/governor HTTP/1.1" 200 -
  [06:22:36] [  http] "GET /api/status HTTP/1.1" 200 -
  [06:22:36] [  http] "GET /api/session HTTP/1.1" 200 -
  [06:22:36] [  http] "GET /api/sessions HTTP/1.1" 200 -
  [06:22:36] [  http] "GET /api/drift HTTP/1.1" 200 -
  [06:22:37] [  http] "GET /api/aegis/stats?hours=24 HTTP/1.1" 200 -
  [06:22:37] [  http] "GET /api/aegis/healing-log?limit=15 HTTP/1.1" 200 -
  [06:22:37] [  http] "GET /api/aegis/recent-events?limit=15 HTTP/1.1" 200 -
  [06:22:37] [  http] "GET /api/drift HTTP/1.1" 200 -
  [06:22:37] [  http] "GET /api/aegis/stats?hours=24 HTTP/1.1" 200 -
  [06:22:37] [  http] "GET /api/aegis/healing-log?limit=15 HTTP/1.1" 200 -
  [06:22:37] [  http] "GET /api/aegis/recent-events?limit=15 HTTP/1.1" 200 -
  [06:22:38] [  http] "GET /api/drift HTTP/1.1" 200 -
  [06:22:38] [  http] "GET /api/aegis/stats?hours=24 HTTP/1.1" 200 -
  [06:22:38] [  http] "GET /api/aegis/healing-log?limit=15 HTTP/1.1" 200 -
  [06:22:38] [  http] "GET /api/aegis/recent-events?limit=15 HTTP/1.1" 200 -
  [06:22:39] [  http] "GET /api/status HTTP/1.1" 200 -
  [06:22:39] [  http] "GET /api/drift HTTP/1.1" 200 -
  [06:22:39] [  http] "GET /api/session HTTP/1.1" 200 -
  [06:22:39] [  http] "GET /api/sessions HTTP/1.1" 200 -
  [06:22:40] [  http] "GET /api/drift HTTP/1.1" 200 -
  [06:22:40] [  http] "GET /api/governor HTTP/1.1" 200 -
  [06:22:40] [  http] "GET /api/drift HTTP/1.1" 200 -
  [06:22:41] [  http] "GET /api/governor HTTP/1.1" 200 -
  [06:22:42] [  http] "GET /api/aegis/stats?hours=24 HTTP/1.1" 200 -
  [06:22:42] [  http] "GET /api/drift HTTP/1.1" 200 -
  [06:22:42] [  http] "GET /api/aegis/stats?hours=24 HTTP/1.1" 200 -
  [06:22:42] [  http] "GET /api/governor HTTP/1.1" 200 -
  [06:22:43] [  http] "GET /api/aegis/stats?hours=24 HTTP/1.1" 200 -
  [06:22:43] [  http] "GET /api/drift HTTP/1.1" 200 -
  [06:22:43] [  http] "GET /api/drift HTTP/1.1" 200 -
  [06:22:45] [  http] "GET /api/status HTTP/1.1" 200 -
  [06:22:45] [  http] "GET /api/session HTTP/1.1" 200 -
  [06:22:45] [  http] "GET /api/sessions HTTP/1.1" 200 -
  [06:22:45] [  http] "GET /api/drift HTTP/1.1" 200 -
  [06:22:46] [  http] "GET /api/status HTTP/1.1" 200 -
  [06:22:46] [  http] "GET /api/session HTTP/1.1" 200 -
  [06:22:46] [  http] "GET /api/sessions HTTP/1.1" 200 -
  [06:22:46] [  http] "GET /api/drift HTTP/1.1" 200 -
  [OV:newton] ~337 tok, 10.9 tok/s
  [06:22:47] [  http] "GET /api/drift HTTP/1.1" 200 -
  [06:22:47] [  http] "GET /api/aegis/stats?hours=24 HTTP/1.1" 200 -
  [06:22:47] [  http] "GET /api/status HTTP/1.1" 200 -
  [06:22:47] [  http] "GET /api/aegis/healing-log?limit=15 HTTP/1.1" 200 -
  [06:22:47] [  http] "GET /api/aegis/recent-events?limit=15 HTTP/1.1" 200 -
  [06:22:47] [  http] "GET /api/session HTTP/1.1" 200 -
  [06:22:47] [  http] "GET /api/sessions HTTP/1.1" 200 -
  [06:22:47] [  http] "GET /api/aegis/healing-log?limit=15 HTTP/1.1" 200 -
  [06:22:47] [  http] "GET /api/aegis/stats?hours=24 HTTP/1.1" 200 -
  [06:22:47] [  http] "GET /api/aegis/recent-events?limit=15 HTTP/1.1" 200 -
  [06:22:48] [  http] "GET /api/aegis/healing-log?limit=15 HTTP/1.1" 200 -
  [06:22:48] [  http] "GET /api/aegis/stats?hours=24 HTTP/1.1" 200 -
  [06:22:48] [  http] "GET /api/aegis/recent-events?limit=15 HTTP/1.1" 200 -
  [06:22:48] [  http] "GET /api/drift HTTP/1.1" 200 -
  [06:22:49] [  http] "GET /api/drift HTTP/1.1" 200 -
  [06:22:50] [  http] "GET /api/drift HTTP/1.1" 200 -
  [06:22:50] [  http] "GET /api/governor HTTP/1.1" 200 -
  [06:22:51] [  http] "GET /api/drift HTTP/1.1" 200 -
  [06:22:52] [  http] "GET /api/governor HTTP/1.1" 200 -
  [06:22:52] [  http] "GET /api/status HTTP/1.1" 200 -
  [06:22:52] [  http] "GET /api/session HTTP/1.1" 200 -
  [06:22:52] [  http] "GET /api/sessions HTTP/1.1" 200 -
  [06:22:52] [  http] "GET /api/aegis/stats?hours=24 HTTP/1.1" 200 -
  [06:22:52] [  http] "GET /api/drift HTTP/1.1" 200 -
  [06:22:52] [  http] "GET /api/aegis/stats?hours=24 HTTP/1.1" 200 -
  [06:22:53] [  http] "GET /api/governor HTTP/1.1" 200 -
  [06:22:53] [  http] "GET /api/drift HTTP/1.1" 200 -
  [06:22:53] [  http] "GET /api/aegis/stats?hours=24 HTTP/1.1" 200 -
  [06:22:54] [  http] "GET /api/drift HTTP/1.1" 200 -
  [06:22:55] [  http] "GET /api/status HTTP/1.1" 200 -
  [06:22:55] [  http] "GET /api/drift HTTP/1.1" 200 -
  [06:22:55] [  http] "GET /api/session HTTP/1.1" 200 -
  [06:22:55] [  http] "GET /api/sessions HTTP/1.1" 200 -
  [06:22:56] [  http] "GET /api/drift HTTP/1.1" 200 -
  [06:22:57] [  http] "GET /api/aegis/stats?hours=24 HTTP/1.1" 200 -
  [06:22:57] [  http] "GET /api/aegis/stats?hours=24 HTTP/1.1" 200 -
  [06:22:57] [  http] "GET /api/aegis/healing-log?limit=15 HTTP/1.1" 200 -
  [06:22:57] [  http] "GET /api/aegis/recent-events?limit=15 HTTP/1.1" 200 -
  [06:22:57] [  http] "GET /api/aegis/healing-log?limit=15 HTTP/1.1" 200 -
  [06:22:57] [  http] "GET /api/aegis/recent-events?limit=15 HTTP/1.1" 200 -
  [06:22:57] [  http] "GET /api/drift HTTP/1.1" 200 -
  [06:22:58] [  http] "GET /api/aegis/stats?hours=24 HTTP/1.1" 200 -
  [06:22:58] [  http] "GET /api/aegis/healing-log?limit=15 HTTP/1.1" 200 -
  [06:22:58] [  http] "GET /api/aegis/recent-events?limit=15 HTTP/1.1" 200 -
  [06:22:58] [  http] "GET /api/drift HTTP/1.1" 200 -
  [06:22:59] [  http] "GET /api/drift HTTP/1.1" 200 -
  [06:23:00] [  http] "GET /api/status HTTP/1.1" 200 -
  [06:23:00] [  http] "GET /api/session HTTP/1.1" 200 -
  [06:23:00] [  http] "GET /api/sessions HTTP/1.1" 200 -
  [06:23:00] [  http] "GET /api/governor HTTP/1.1" 200 -
  [06:23:00] [  http] "GET /api/drift HTTP/1.1" 200 -
  [06:23:01] [  http] "GET /api/status HTTP/1.1" 200 -
  [06:23:01] [  http] "GET /api/session HTTP/1.1" 200 -
  [06:23:01] [  http] "GET /api/sessions HTTP/1.1" 200 -
  [06:23:01] [  http] "GET /api/drift HTTP/1.1" 200 -
  [06:23:01] [  http] "GET /api/governor HTTP/1.1" 200 -
  [06:23:02] [  http] "GET /api/drift HTTP/1.1" 200 -
  [06:23:02] [  http] "GET /api/aegis/stats?hours=24 HTTP/1.1" 200 -
  [06:23:02] [  http] "GET /api/status HTTP/1.1" 200 -
  [06:23:02] [  http] "GET /api/session HTTP/1.1" 200 -
  [06:23:02] [  http] "GET /api/sessions HTTP/1.1" 200 -
  [06:23:02] [  http] "GET /api/aegis/stats?hours=24 HTTP/1.1" 200 -
  [06:23:03] [  http] "GET /api/aegis/stats?hours=24 HTTP/1.1" 200 -
  [06:23:03] [  http] "GET /api/governor HTTP/1.1" 200 -
  [06:23:03] [  http] "GET /api/drift HTTP/1.1" 200 -
  [06:23:04] [  http] "GET /api/drift HTTP/1.1" 200 -
  [06:23:04] [heartbeat] up 13m30s · model=ready · inferring · pending=0
  [06:23:05] [  http] "GET /api/drift HTTP/1.1" 200 -
  [06:23:06] [  http] "GET /api/drift HTTP/1.1" 200 -
  [06:23:07] [  http] "GET /api/aegis/stats?hours=24 HTTP/1.1" 200 -
  [06:23:07] [  http] "GET /api/aegis/healing-log?limit=15 HTTP/1.1" 200 -
  [06:23:07] [  http] "GET /api/aegis/recent-events?limit=15 HTTP/1.1" 200 -
  [06:23:07] [  http] "GET /api/drift HTTP/1.1" 200 -
  [06:23:07] [  http] "GET /api/aegis/stats?hours=24 HTTP/1.1" 200 -
  [06:23:07] [  http] "GET /api/aegis/healing-log?limit=15 HTTP/1.1" 200 -
  [06:23:07] [  http] "GET /api/aegis/recent-events?limit=15 HTTP/1.1" 200 -
  [06:23:08] [  http] "GET /api/drift HTTP/1.1" 200 -
  [06:23:08] [  http] "GET /api/status HTTP/1.1" 200 -
  [06:23:08] [  http] "GET /api/aegis/stats?hours=24 HTTP/1.1" 200 -
  [06:23:08] [  http] "GET /api/aegis/healing-log?limit=15 HTTP/1.1" 200 -
  [06:23:08] [  http] "GET /api/aegis/recent-events?limit=15 HTTP/1.1" 200 -
  [06:23:08] [  http] "GET /api/session HTTP/1.1" 200 -
  [06:23:08] [  http] "GET /api/sessions HTTP/1.1" 200 -
  [06:23:09] [  http] "GET /api/drift HTTP/1.1" 200 -
  [06:23:10] [  http] "GET /api/drift HTTP/1.1" 200 -
  [06:23:10] [  http] "GET /api/governor HTTP/1.1" 200 -
  [06:23:11] [  http] "GET /api/drift HTTP/1.1" 200 -
  [06:23:11] [  http] "GET /api/status HTTP/1.1" 200 -
  [06:23:11] [  http] "GET /api/session HTTP/1.1" 200 -
  [06:23:11] [  http] "GET /api/governor HTTP/1.1" 200 -
  [06:23:11] [  http] "GET /api/sessions HTTP/1.1" 200 -
  [06:23:12] [  http] "GET /api/aegis/stats?hours=24 HTTP/1.1" 200 -
  [06:23:12] [  http] "GET /api/drift HTTP/1.1" 200 -
  [06:23:12] [  http] "GET /api/aegis/stats?hours=24 HTTP/1.1" 200 -
  [06:23:13] [  http] "GET /api/aegis/stats?hours=24 HTTP/1.1" 200 -
  [06:23:13] [  http] "GET /api/governor HTTP/1.1" 200 -
  [06:23:13] [  http] "GET /api/drift HTTP/1.1" 200 -
  [06:23:13] [  http] "GET /api/drift HTTP/1.1" 200 -
  [06:23:15] [  http] "GET /api/status HTTP/1.1" 200 -
  [06:23:15] [  http] "GET /api/session HTTP/1.1" 200 -
  [06:23:15] [  http] "GET /api/drift HTTP/1.1" 200 -
  [06:23:15] [  http] "GET /api/sessions HTTP/1.1" 200 -
  [06:23:16] [  http] "GET /api/status HTTP/1.1" 200 -
  [06:23:16] [  http] "GET /api/session HTTP/1.1" 200 -
  [06:23:16] [  http] "GET /api/sessions HTTP/1.1" 200 -
  [06:23:16] [  http] "GET /api/drift HTTP/1.1" 200 -
  [06:23:16] [  http] "GET /api/drift HTTP/1.1" 200 -
  [06:23:17] [  http] "GET /api/aegis/stats?hours=24 HTTP/1.1" 200 -
  [06:23:17] [  http] "GET /api/aegis/healing-log?limit=15 HTTP/1.1" 200 -
  [06:23:17] [  http] "GET /api/aegis/recent-events?limit=15 HTTP/1.1" 200 -
  [06:23:17] [  http] "GET /api/status HTTP/1.1" 200 -
  [06:23:17] [  http] "GET /api/aegis/stats?hours=24 HTTP/1.1" 200 -
  [06:23:17] [  http] "GET /api/aegis/healing-log?limit=15 HTTP/1.1" 200 -
  [06:23:17] [  http] "GET /api/aegis/recent-events?limit=15 HTTP/1.1" 200 -
  [06:23:18] [  http] "GET /api/session HTTP/1.1" 200 -
  [06:23:18] [  http] "GET /api/sessions HTTP/1.1" 200 -
  [06:23:18] [  http] "GET /api/aegis/stats?hours=24 HTTP/1.1" 200 -
  [06:23:18] [  http] "GET /api/aegis/healing-log?limit=15 HTTP/1.1" 200 -
  [06:23:18] [  http] "GET /api/aegis/recent-events?limit=15 HTTP/1.1" 200 -
  [06:23:18] [  http] "GET /api/drift HTTP/1.1" 200 -
  [06:23:19] [  http] "GET /api/drift HTTP/1.1" 200 -
  [06:23:19] [  http] "GET /api/drift HTTP/1.1" 200 -
  [06:23:20] [  http] "GET /api/governor HTTP/1.1" 200 -
  [06:23:21] [  http] "GET /api/drift HTTP/1.1" 200 -
  [OV:quantum] ~406 tok, 11.6 tok/s
  [TENSION] xi=0.0915 gamma=0.9162 — primary direct (perspectives agree)
[MANIFOLD] weights={'newton': 0.5, 'quantum': 0.5} xi=0.118 steering=shadow
[AAP] attractor=Fact eps=0.09 trust=0.940
[RENDER-AUDIT] ok overlap=97.06%
[PHASE6] Done: 577 chars, 743 tokens
  [MEMORY] [generation] baseline=2568MB peak=2568MB (+0 transient) retained=-596MB in 66.3s (257 samples)
  [WORKER] Got result: response=577 chars, adapter=newton
  [COGNITION] ξ=0.0915 Γ=0.9162 η=0.9435 σ=0.0 fidelity=0.9706 P=0.35 (all measured)
  [06:23:22] [  http] "GET /api/governor HTTP/1.1" 200 -
  [06:23:22] [  http] "POST /api/chat HTTP/1.1" 200 -
  [06:23:22] [  http] "GET /api/aegis/stats?hours=24 HTTP/1.1" 200 -
  [06:23:22] [  http] "GET /api/aegis/stats?hours=24 HTTP/1.1" 200 -
  [06:23:22] [  http] "GET /api/drift HTTP/1.1" 200 -
  [06:23:23] [  http] "GET /api/drift HTTP/1.1" 200 -
  [06:23:23] [  http] "GET /api/aegis/stats?hours=24 HTTP/1.1" 200 -
  [06:23:23] [  http] "GET /api/governor HTTP/1.1" 200 -
  [06:23:24] [  http] "GET /api/status HTTP/1.1" 200 -
  [WORKER] Processing query: What is the correct answer to this question: which of the fo...
INFO:reasoning_forge.behavior_governor:[GOVERNOR] Pre: identity=none (conf=0.15), memory=2 cocoons, tokens=400, compression=normal
  [GOVERNOR] identity=none (conf=0.15), memory=2 cocoons, tokens=400, compression=normal
  [WORKER] Using forge bridge (Phase 6/7)
[PHASE6] Query complexity: QueryComplexity.MEDIUM
[PHASE7] Route: debate,semantic_tension,specialization_tracking,memory_weighting,gamma_monitoring,synthesis
[PHASE6] Domain: chemistry, max_adapters: 2

  [OV] Route: newton + quantum (conf=0.86, keyword)
  [06:23:24] [  http] "GET /api/session HTTP/1.1" 200 -
  [06:23:24] [  http] "GET /api/sessions HTTP/1.1" 200 -
  [06:23:24] [  http] "GET /api/drift HTTP/1.1" 200 -
  [06:23:25] [  http] "GET /api/drift HTTP/1.1" 200 -
  [06:23:26] [  http] "GET /api/drift HTTP/1.1" 200 -
  [06:23:27] [  http] "GET /api/status HTTP/1.1" 200 -
  [06:23:27] [  http] "GET /api/aegis/stats?hours=24 HTTP/1.1" 200 -
  [06:23:27] [  http] "GET /api/aegis/stats?hours=24 HTTP/1.1" 200 -
  [06:23:27] [  http] "GET /api/aegis/healing-log?limit=15 HTTP/1.1" 200 -
  [06:23:27] [  http] "GET /api/aegis/recent-events?limit=15 HTTP/1.1" 200 -
  [06:23:27] [  http] "GET /api/session HTTP/1.1" 200 -
  [06:23:27] [  http] "GET /api/sessions HTTP/1.1" 200 -
  [06:23:27] [  http] "GET /api/aegis/healing-log?limit=15 HTTP/1.1" 200 -
  [06:23:27] [  http] "GET /api/aegis/recent-events?limit=15 HTTP/1.1" 200 -
  [06:23:27] [  http] "GET /api/drift HTTP/1.1" 200 -
  [06:23:28] [  http] "GET /api/aegis/stats?hours=24 HTTP/1.1" 200 -
  [06:23:28] [  http] "GET /api/aegis/healing-log?limit=15 HTTP/1.1" 200 -
  [06:23:28] [  http] "GET /api/aegis/recent-events?limit=15 HTTP/1.1" 200 -
  [06:23:28] [  http] "GET /api/drift HTTP/1.1" 200 -
  [06:23:29] [  http] "GET /api/drift HTTP/1.1" 200 -
  [06:23:30] [  http] "GET /api/governor HTTP/1.1" 200 -
  [06:23:30] [  http] "GET /api/status HTTP/1.1" 200 -
  [06:23:30] [  http] "GET /api/drift HTTP/1.1" 200 -
  [06:23:31] [  http] "GET /api/session HTTP/1.1" 200 -
  [06:23:31] [  http] "GET /api/sessions HTTP/1.1" 200 -
  [06:23:31] [  http] "GET /api/status HTTP/1.1" 200 -
  [06:23:31] [  http] "GET /api/drift HTTP/1.1" 200 -
  [06:23:31] [  http] "GET /api/session HTTP/1.1" 200 -
  [06:23:31] [  http] "GET /api/governor HTTP/1.1" 200 -
  [06:23:31] [  http] "GET /api/sessions HTTP/1.1" 200 -
  [06:23:32] [  http] "GET /api/drift HTTP/1.1" 200 -
  [06:23:32] [  http] "GET /api/aegis/stats?hours=24 HTTP/1.1" 200 -
  [06:23:32] [  http] "GET /api/aegis/stats?hours=24 HTTP/1.1" 200 -
  [06:23:33] [  http] "GET /api/status HTTP/1.1" 200 -
  [06:23:33] [  http] "GET /api/aegis/stats?hours=24 HTTP/1.1" 200 -
  [06:23:33] [  http] "GET /api/governor HTTP/1.1" 200 -
  [06:23:33] [  http] "GET /api/session HTTP/1.1" 200 -
  [06:23:33] [  http] "GET /api/sessions HTTP/1.1" 200 -
  [06:23:33] [  http] "GET /api/drift HTTP/1.1" 200 -
  [06:23:34] [  http] "GET /api/drift HTTP/1.1" 200 -
  [06:23:34] [heartbeat] up 14m00s · model=ready · inferring · pending=0
  [06:23:35] [  http] "GET /api/drift HTTP/1.1" 200 -
  [06:23:35] [  http] "GET /api/drift HTTP/1.1" 200 -
  [06:23:35] [  http] "GET /api/aegis/stats?hours=24 HTTP/1.1" 200 -
  [06:23:35] [  http] "GET /api/aegis/healing-log?limit=15 HTTP/1.1" 200 -
  [06:23:35] [  http] "GET /api/aegis/recent-events?limit=15 HTTP/1.1" 200 -
  [06:23:35] [  http] "GET /api/governor HTTP/1.1" 200 -
  [06:23:35] [  http] "GET /api/drift HTTP/1.1" 200 -
  [06:23:35] [  http] "GET /api/aegis/stats?hours=24 HTTP/1.1" 200 -
  [06:23:35] [  http] "GET /api/aegis/healing-log?limit=15 HTTP/1.1" 200 -
  [06:23:35] [  http] "GET /api/aegis/recent-events?limit=15 HTTP/1.1" 200 -
  [06:23:35] [  http] "GET /api/governor HTTP/1.1" 200 -
  [06:23:36] [  http] "GET /api/drift HTTP/1.1" 200 -
  [06:23:37] [  http] "GET /api/aegis/stats?hours=24 HTTP/1.1" 200 -
  [06:23:37] [  http] "GET /api/aegis/healing-log?limit=15 HTTP/1.1" 200 -
  [06:23:37] [  http] "GET /api/aegis/recent-events?limit=15 HTTP/1.1" 200 -
  [06:23:37] [  http] "GET /api/drift HTTP/1.1" 200 -
  [06:23:37] [  http] "GET /api/aegis/healing-log?limit=15 HTTP/1.1" 200 -
  [06:23:37] [  http] "GET /api/aegis/stats?hours=24 HTTP/1.1" 200 -
  [06:23:37] [  http] "GET /api/aegis/recent-events?limit=15 HTTP/1.1" 200 -
  [06:23:38] [  http] "GET /api/drift HTTP/1.1" 200 -
  [06:23:38] [  http] "GET /api/aegis/healing-log?limit=15 HTTP/1.1" 200 -
  [06:23:38] [  http] "GET /api/aegis/stats?hours=24 HTTP/1.1" 200 -
  [06:23:38] [  http] "GET /api/aegis/recent-events?limit=15 HTTP/1.1" 200 -
  [06:23:39] [  http] "GET /api/drift HTTP/1.1" 200 -
  [06:23:40] [  http] "GET /api/governor HTTP/1.1" 200 -
  [06:23:40] [  http] "GET /api/status HTTP/1.1" 200 -
  [06:23:40] [  http] "GET /api/drift HTTP/1.1" 200 -
  [06:23:40] [  http] "GET /api/session HTTP/1.1" 200 -
  [06:23:40] [  http] "GET /api/sessions HTTP/1.1" 200 -
  [06:23:41] [  http] "GET /api/drift HTTP/1.1" 200 -
  [06:23:41] [  http] "GET /api/governor HTTP/1.1" 200 -
  [06:23:42] [  http] "GET /api/aegis/stats?hours=24 HTTP/1.1" 200 -
  [06:23:42] [  http] "GET /api/aegis/stats?hours=24 HTTP/1.1" 200 -
  [06:23:42] [  http] "GET /api/drift HTTP/1.1" 200 -
  [06:23:43] [  http] "GET /api/aegis/stats?hours=24 HTTP/1.1" 200 -
  [06:23:43] [  http] "GET /api/governor HTTP/1.1" 200 -
  [06:23:43] [  http] "GET /api/status HTTP/1.1" 200 -
  [06:23:43] [  http] "GET /api/drift HTTP/1.1" 200 -
  [06:23:43] [  http] "GET /api/session HTTP/1.1" 200 -
  [06:23:43] [  http] "GET /api/sessions HTTP/1.1" 200 -
  [06:23:43] [  http] "GET /api/drift HTTP/1.1" 200 -
  [OV:newton] ~175 tok, 8.6 tok/s
  [06:23:45] [  http] "GET /api/drift HTTP/1.1" 200 -
  [06:23:46] [  http] "GET /api/status HTTP/1.1" 200 -
  [06:23:46] [  http] "GET /api/session HTTP/1.1" 200 -
  [06:23:46] [  http] "GET /api/drift HTTP/1.1" 200 -
  [06:23:46] [  http] "GET /api/sessions HTTP/1.1" 200 -
  [06:23:46] [  http] "GET /api/status HTTP/1.1" 200 -
  [06:23:46] [  http] "GET /api/drift HTTP/1.1" 200 -
  [06:23:47] [  http] "GET /api/session HTTP/1.1" 200 -
  [06:23:47] [  http] "GET /api/sessions HTTP/1.1" 200 -
  [06:23:47] [  http] "GET /api/aegis/stats?hours=24 HTTP/1.1" 200 -
  [06:23:47] [  http] "GET /api/aegis/recent-events?limit=15 HTTP/1.1" 200 -
  [06:23:47] [  http] "GET /api/aegis/healing-log?limit=15 HTTP/1.1" 200 -
  [06:23:47] [  http] "GET /api/aegis/stats?hours=24 HTTP/1.1" 200 -
  [06:23:47] [  http] "GET /api/aegis/healing-log?limit=15 HTTP/1.1" 200 -
  [06:23:47] [  http] "GET /api/aegis/recent-events?limit=15 HTTP/1.1" 200 -
  [06:23:48] [  http] "GET /api/aegis/stats?hours=24 HTTP/1.1" 200 -
  [06:23:48] [  http] "GET /api/aegis/healing-log?limit=15 HTTP/1.1" 200 -
  [06:23:48] [  http] "GET /api/aegis/recent-events?limit=15 HTTP/1.1" 200 -
  [06:23:48] [  http] "GET /api/status HTTP/1.1" 200 -
  [06:23:48] [  http] "GET /api/session HTTP/1.1" 200 -
  [06:23:48] [  http] "GET /api/sessions HTTP/1.1" 200 -
  [06:23:48] [  http] "GET /api/drift HTTP/1.1" 200 -
  [06:23:49] [  http] "GET /api/drift HTTP/1.1" 200 -
  [06:23:50] [  http] "GET /api/drift HTTP/1.1" 200 -
  [06:23:50] [  http] "GET /api/governor HTTP/1.1" 200 -
  [06:23:51] [  http] "GET /api/drift HTTP/1.1" 200 -
  [06:23:52] [  http] "GET /api/governor HTTP/1.1" 200 -
  [06:23:52] [  http] "GET /api/aegis/stats?hours=24 HTTP/1.1" 200 -
  [06:23:52] [  http] "GET /api/aegis/stats?hours=24 HTTP/1.1" 200 -
  [06:23:52] [  http] "GET /api/drift HTTP/1.1" 200 -
  [06:23:53] [  http] "GET /api/drift HTTP/1.1" 200 -
  [06:23:53] [  http] "GET /api/aegis/stats?hours=24 HTTP/1.1" 200 -
  [06:23:53] [  http] "GET /api/governor HTTP/1.1" 200 -
  [06:23:54] [  http] "GET /api/drift HTTP/1.1" 200 -
  [06:23:55] [  http] "GET /api/drift HTTP/1.1" 200 -
  [06:23:56] [  http] "GET /api/drift HTTP/1.1" 200 -
  [06:23:56] [  http] "GET /api/status HTTP/1.1" 200 -
  [06:23:56] [  http] "GET /api/session HTTP/1.1" 200 -
  [06:23:56] [  http] "GET /api/sessions HTTP/1.1" 200 -
  [06:23:57] [  http] "GET /api/aegis/stats?hours=24 HTTP/1.1" 200 -
  [06:23:57] [  http] "GET /api/aegis/stats?hours=24 HTTP/1.1" 200 -
  [06:23:57] [  http] "GET /api/aegis/healing-log?limit=15 HTTP/1.1" 200 -
  [06:23:57] [  http] "GET /api/aegis/recent-events?limit=15 HTTP/1.1" 200 -
  [06:23:57] [  http] "GET /api/aegis/healing-log?limit=15 HTTP/1.1" 200 -
  [06:23:57] [  http] "GET /api/aegis/recent-events?limit=15 HTTP/1.1" 200 -
  [06:23:57] [  http] "GET /api/drift HTTP/1.1" 200 -
  [06:23:58] [  http] "GET /api/aegis/stats?hours=24 HTTP/1.1" 200 -
  [06:23:58] [  http] "GET /api/aegis/healing-log?limit=15 HTTP/1.1" 200 -
  [06:23:58] [  http] "GET /api/aegis/recent-events?limit=15 HTTP/1.1" 200 -
  [06:23:58] [  http] "GET /api/drift HTTP/1.1" 200 -
  [06:23:59] [  http] "GET /api/status HTTP/1.1" 200 -
  [06:23:59] [  http] "GET /api/drift HTTP/1.1" 200 -
  [06:23:59] [  http] "GET /api/session HTTP/1.1" 200 -
  [06:23:59] [  http] "GET /api/sessions HTTP/1.1" 200 -
  [06:24:00] [  http] "GET /api/governor HTTP/1.1" 200 -
  [06:24:00] [  http] "GET /api/drift HTTP/1.1" 200 -
  [06:24:01] [  http] "GET /api/status HTTP/1.1" 200 -
  [06:24:01] [  http] "GET /api/drift HTTP/1.1" 200 -
  [06:24:01] [  http] "GET /api/session HTTP/1.1" 200 -
  [06:24:01] [  http] "GET /api/sessions HTTP/1.1" 200 -
  [06:24:01] [  http] "GET /api/governor HTTP/1.1" 200 -
  [OV:quantum] ~123 tok, 7.1 tok/s
  [TENSION] xi=0.0712 gamma=0.9336 — primary direct (perspectives agree)
[MANIFOLD] weights={'newton': 0.5, 'quantum': 0.5} xi=0.013 steering=shadow
[AAP] attractor=Fact eps=0.07 trust=0.780
[RENDER-AUDIT] ok overlap=97.06%
[PHASE6] Done: 1208 chars, 298 tokens
  [MEMORY] [generation] baseline=1966MB peak=2149MB (+183 transient) retained=-301MB in 37.8s (148 samples)
  [WORKER] Got result: response=1208 chars, adapter=newton
  [COGNITION] ξ=0.0712 Γ=0.9336 η=0.9515 σ=0.0 fidelity=0.9706 P=0.394 (all measured)
  [06:24:02] [  http] "GET /api/status HTTP/1.1" 200 -
  [06:24:02] [  http] "GET /api/drift HTTP/1.1" 200 -
  [06:24:02] [  http] "POST /api/chat HTTP/1.1" 200 -
  [06:24:02] [  http] "GET /api/session HTTP/1.1" 200 -
  [06:24:02] [  http] "GET /api/sessions HTTP/1.1" 200 -
  [06:24:02] [  http] "GET /api/aegis/stats?hours=24 HTTP/1.1" 200 -
  [06:24:02] [  http] "GET /api/aegis/stats?hours=24 HTTP/1.1" 200 -
  [06:24:03] [  http] "GET /api/governor HTTP/1.1" 200 -
  [06:24:03] [  http] "GET /api/aegis/stats?hours=24 HTTP/1.1" 200 -
  [06:24:03] [  http] "GET /api/status HTTP/1.1" 200 -
  [06:24:03] [  http] "GET /api/session HTTP/1.1" 200 -
  [06:24:03] [  http] "GET /api/drift HTTP/1.1" 200 -
  [06:24:03] [  http] "GET /api/sessions HTTP/1.1" 200 -
  [WORKER] Processing query: What is the correct answer to this question: Among the follo...
INFO:reasoning_forge.behavior_governor:[GOVERNOR] Pre: identity=none (conf=0.15), memory=2 cocoons, tokens=400, compression=normal
  [GOVERNOR] identity=none (conf=0.15), memory=2 cocoons, tokens=400, compression=normal
  [WORKER] Using forge bridge (Phase 6/7)
[PHASE6] Query complexity: QueryComplexity.MEDIUM
[PHASE7] Route: debate,semantic_tension,specialization_tracking,memory_weighting,gamma_monitoring,synthesis
[PHASE6] Domain: chemistry, max_adapters: 2

  [OV] Route: newton + quantum (conf=0.83, keyword)
  [06:24:04] [heartbeat] up 14m30s · model=ready · inferring · pending=0
  [06:24:04] [  http] "GET /api/drift HTTP/1.1" 200 -
  [06:24:04] [  http] "GET /api/drift HTTP/1.1" 200 -
  [06:24:06] [  http] "GET /api/drift HTTP/1.1" 200 -
  [06:24:07] [  http] "GET /api/aegis/stats?hours=24 HTTP/1.1" 200 -
  [06:24:07] [  http] "GET /api/aegis/stats?hours=24 HTTP/1.1" 200 -
  [06:24:07] [  http] "GET /api/aegis/healing-log?limit=15 HTTP/1.1" 200 -
  [06:24:07] [  http] "GET /api/aegis/recent-events?limit=15 HTTP/1.1" 200 -
  [06:24:07] [  http] "GET /api/drift HTTP/1.1" 200 -
  [06:24:07] [  http] "GET /api/aegis/recent-events?limit=15 HTTP/1.1" 200 -
  [06:24:07] [  http] "GET /api/aegis/healing-log?limit=15 HTTP/1.1" 200 -
  [06:24:08] [  http] "GET /api/drift HTTP/1.1" 200 -
  [06:24:08] [  http] "GET /api/aegis/stats?hours=24 HTTP/1.1" 200 -
  [06:24:08] [  http] "GET /api/aegis/recent-events?limit=15 HTTP/1.1" 200 -
  [06:24:08] [  http] "GET /api/aegis/healing-log?limit=15 HTTP/1.1" 200 -
  [06:24:09] [  http] "GET /api/drift HTTP/1.1" 200 -
  [06:24:10] [  http] "GET /api/governor HTTP/1.1" 200 -
  [06:24:10] [  http] "GET /api/drift HTTP/1.1" 200 -
  [06:24:11] [  http] "GET /api/drift HTTP/1.1" 200 -
  [06:24:11] [  http] "GET /api/governor HTTP/1.1" 200 -
  [06:24:12] [  http] "GET /api/status HTTP/1.1" 200 -
  [06:24:12] [  http] "GET /api/session HTTP/1.1" 200 -
  [06:24:12] [  http] "GET /api/sessions HTTP/1.1" 200 -
  [06:24:12] [  http] "GET /api/aegis/stats?hours=24 HTTP/1.1" 200 -
  [06:24:12] [  http] "GET /api/drift HTTP/1.1" 200 -
  [06:24:12] [  http] "GET /api/aegis/stats?hours=24 HTTP/1.1" 200 -
  [06:24:13] [  http] "GET /api/governor HTTP/1.1" 200 -
  [06:24:13] [  http] "GET /api/aegis/stats?hours=24 HTTP/1.1" 200 -
  [06:24:13] [  http] "GET /api/drift HTTP/1.1" 200 -
  [06:24:13] [  http] "GET /api/drift HTTP/1.1" 200 -
  [06:24:15] [  http] "GET /api/status HTTP/1.1" 200 -
  [06:24:15] [  http] "GET /api/session HTTP/1.1" 200 -
  [06:24:15] [  http] "GET /api/sessions HTTP/1.1" 200 -
  [06:24:15] [  http] "GET /api/drift HTTP/1.1" 200 -
  [06:24:16] [  http] "GET /api/status HTTP/1.1" 200 -
  [06:24:16] [  http] "GET /api/drift HTTP/1.1" 200 -
  [06:24:16] [  http] "GET /api/session HTTP/1.1" 200 -
  [06:24:16] [  http] "GET /api/sessions HTTP/1.1" 200 -
  [06:24:16] [  http] "GET /api/drift HTTP/1.1" 200 -
  [06:24:17] [  http] "GET /api/status HTTP/1.1" 200 -
  [06:24:17] [  http] "GET /api/aegis/stats?hours=24 HTTP/1.1" 200 -
  [06:24:17] [  http] "GET /api/aegis/healing-log?limit=15 HTTP/1.1" 200 -
  [06:24:17] [  http] "GET /api/aegis/recent-events?limit=15 HTTP/1.1" 200 -
  [06:24:17] [  http] "GET /api/session HTTP/1.1" 200 -
  [06:24:17] [  http] "GET /api/sessions HTTP/1.1" 200 -
  [06:24:17] [  http] "GET /api/aegis/stats?hours=24 HTTP/1.1" 200 -
  [06:24:17] [  http] "GET /api/aegis/healing-log?limit=15 HTTP/1.1" 200 -
  [06:24:17] [  http] "GET /api/aegis/recent-events?limit=15 HTTP/1.1" 200 -
  [06:24:18] [  http] "GET /api/aegis/stats?hours=24 HTTP/1.1" 200 -
  [06:24:18] [  http] "GET /api/aegis/healing-log?limit=15 HTTP/1.1" 200 -
  [06:24:18] [  http] "GET /api/aegis/recent-events?limit=15 HTTP/1.1" 200 -
  [06:24:18] [  http] "GET /api/status HTTP/1.1" 200 -
  [06:24:18] [  http] "GET /api/session HTTP/1.1" 200 -
  [06:24:18] [  http] "GET /api/sessions HTTP/1.1" 200 -
  [06:24:18] [  http] "GET /api/drift HTTP/1.1" 200 -
  [06:24:19] [  http] "GET /api/drift HTTP/1.1" 200 -
  [06:24:19] [  http] "GET /api/drift HTTP/1.1" 200 -
  [06:24:20] [  http] "GET /api/governor HTTP/1.1" 200 -
  [06:24:21] [  http] "GET /api/drift HTTP/1.1" 200 -
  [06:24:22] [  http] "GET /api/governor HTTP/1.1" 200 -
  [06:24:22] [  http] "GET /api/aegis/stats?hours=24 HTTP/1.1" 200 -
  [06:24:22] [  http] "GET /api/aegis/stats?hours=24 HTTP/1.1" 200 -
  [06:24:22] [  http] "GET /api/drift HTTP/1.1" 200 -
  [06:24:23] [  http] "GET /api/governor HTTP/1.1" 200 -
  [06:24:23] [  http] "GET /api/aegis/stats?hours=24 HTTP/1.1" 200 -
  [06:24:23] [  http] "GET /api/drift HTTP/1.1" 200 -
  [06:24:24] [  http] "GET /api/drift HTTP/1.1" 200 -
  [06:24:25] [  http] "GET /api/drift HTTP/1.1" 200 -
  [06:24:26] [  http] "GET /api/drift HTTP/1.1" 200 -
  [06:24:27] [  http] "GET /api/aegis/stats?hours=24 HTTP/1.1" 200 -
  [06:24:27] [  http] "GET /api/aegis/stats?hours=24 HTTP/1.1" 200 -
  [06:24:27] [  http] "GET /api/aegis/healing-log?limit=15 HTTP/1.1" 200 -
  [06:24:27] [  http] "GET /api/aegis/recent-events?limit=15 HTTP/1.1" 200 -
  [06:24:27] [  http] "GET /api/aegis/healing-log?limit=15 HTTP/1.1" 200 -
  [06:24:27] [  http] "GET /api/aegis/recent-events?limit=15 HTTP/1.1" 200 -
  [06:24:27] [  http] "GET /api/drift HTTP/1.1" 200 -
  [06:24:28] [  http] "GET /api/aegis/stats?hours=24 HTTP/1.1" 200 -
  [06:24:28] [  http] "GET /api/aegis/healing-log?limit=15 HTTP/1.1" 200 -
  [06:24:28] [  http] "GET /api/aegis/recent-events?limit=15 HTTP/1.1" 200 -
  [06:24:28] [  http] "GET /api/status HTTP/1.1" 200 -
  [06:24:28] [  http] "GET /api/drift HTTP/1.1" 200 -
  [06:24:28] [  http] "GET /api/session HTTP/1.1" 200 -
  [06:24:28] [  http] "GET /api/sessions HTTP/1.1" 200 -
  [06:24:29] [  http] "GET /api/drift HTTP/1.1" 200 -
  [06:24:30] [  http] "GET /api/governor HTTP/1.1" 200 -
  [06:24:30] [  http] "GET /api/drift HTTP/1.1" 200 -
  [06:24:31] [  http] "GET /api/status HTTP/1.1" 200 -
  [06:24:31] [  http] "GET /api/status HTTP/1.1" 200 -
  [06:24:31] [  http] "GET /api/session HTTP/1.1" 200 -
  [06:24:31] [  http] "GET /api/sessions HTTP/1.1" 200 -
  [06:24:31] [  http] "GET /api/session HTTP/1.1" 200 -
  [06:24:31] [  http] "GET /api/sessions HTTP/1.1" 200 -
  [06:24:31] [  http] "GET /api/drift HTTP/1.1" 200 -
  [06:24:31] [  http] "GET /api/governor HTTP/1.1" 200 -
  [06:24:32] [  http] "GET /api/drift HTTP/1.1" 200 -
  [06:24:32] [  http] "GET /api/aegis/stats?hours=24 HTTP/1.1" 200 -
  [06:24:32] [  http] "GET /api/aegis/stats?hours=24 HTTP/1.1" 200 -
  [06:24:32] [  http] "GET /api/status HTTP/1.1" 200 -
  [OV:newton] ~366 tok, 12.9 tok/s
  [06:24:33] [  http] "GET /api/session HTTP/1.1" 200 -
  [06:24:33] [  http] "GET /api/governor HTTP/1.1" 200 -
  [06:24:33] [  http] "GET /api/sessions HTTP/1.1" 200 -
  [06:24:33] [  http] "GET /api/aegis/stats?hours=24 HTTP/1.1" 200 -
  [06:24:33] [  http] "GET /api/status HTTP/1.1" 200 -
  [06:24:33] [  http] "GET /api/session HTTP/1.1" 200 -
  [06:24:33] [  http] "GET /api/sessions HTTP/1.1" 200 -
  [06:24:33] [  http] "GET /api/drift HTTP/1.1" 200 -
  [06:24:34] [  http] "GET /api/drift HTTP/1.1" 200 -
  [06:24:34] [heartbeat] up 15m00s · model=ready · inferring · pending=0
  [06:24:34] [  http] "GET /api/drift HTTP/1.1" 200 -
  [06:24:35] [  http] "GET /api/drift HTTP/1.1" 200 -
  [06:24:35] [  http] "GET /api/aegis/healing-log?limit=15 HTTP/1.1" 200 -
  [06:24:35] [  http] "GET /api/aegis/stats?hours=24 HTTP/1.1" 200 -
  [06:24:35] [  http] "GET /api/aegis/recent-events?limit=15 HTTP/1.1" 200 -
  [06:24:35] [  http] "GET /api/governor HTTP/1.1" 200 -
  [06:24:35] [  http] "GET /api/drift HTTP/1.1" 200 -
  [06:24:35] [  http] "GET /api/aegis/healing-log?limit=15 HTTP/1.1" 200 -
  [06:24:35] [  http] "GET /api/aegis/recent-events?limit=15 HTTP/1.1" 200 -
  [06:24:35] [  http] "GET /api/aegis/stats?hours=24 HTTP/1.1" 200 -
  [06:24:35] [  http] "GET /api/governor HTTP/1.1" 200 -
  [06:24:36] [  http] "GET /api/drift HTTP/1.1" 200 -
  [06:24:37] [  http] "GET /api/aegis/stats?hours=24 HTTP/1.1" 200 -
  [06:24:37] [  http] "GET /api/aegis/stats?hours=24 HTTP/1.1" 200 -
  [06:24:37] [  http] "GET /api/aegis/healing-log?limit=15 HTTP/1.1" 200 -
  [06:24:37] [  http] "GET /api/drift HTTP/1.1" 200 -
  [06:24:37] [  http] "GET /api/aegis/recent-events?limit=15 HTTP/1.1" 200 -
  [06:24:37] [  http] "GET /api/aegis/healing-log?limit=15 HTTP/1.1" 200 -
  [06:24:37] [  http] "GET /api/aegis/recent-events?limit=15 HTTP/1.1" 200 -
  [06:24:38] [  http] "GET /api/aegis/stats?hours=24 HTTP/1.1" 200 -
  [06:24:38] [  http] "GET /api/drift HTTP/1.1" 200 -
  [06:24:38] [  http] "GET /api/aegis/healing-log?limit=15 HTTP/1.1" 200 -
  [06:24:38] [  http] "GET /api/aegis/recent-events?limit=15 HTTP/1.1" 200 -
  [06:24:39] [  http] "GET /api/drift HTTP/1.1" 200 -
  [06:24:40] [  http] "GET /api/governor HTTP/1.1" 200 -
  [06:24:40] [  http] "GET /api/drift HTTP/1.1" 200 -
  [06:24:41] [  http] "GET /api/drift HTTP/1.1" 200 -
  [06:24:41] [  http] "GET /api/governor HTTP/1.1" 200 -
  [06:24:42] [  http] "GET /api/aegis/stats?hours=24 HTTP/1.1" 200 -
  [06:24:42] [  http] "GET /api/drift HTTP/1.1" 200 -
  [06:24:42] [  http] "GET /api/aegis/stats?hours=24 HTTP/1.1" 200 -
  [06:24:43] [  http] "GET /api/aegis/stats?hours=24 HTTP/1.1" 200 -
  [06:24:43] [  http] "GET /api/governor HTTP/1.1" 200 -
  [06:24:43] [  http] "GET /api/drift HTTP/1.1" 200 -
  [06:24:43] [  http] "GET /api/drift HTTP/1.1" 200 -
  [06:24:44] [  http] "GET /api/status HTTP/1.1" 200 -
  [06:24:44] [  http] "GET /api/session HTTP/1.1" 200 -
  [06:24:44] [  http] "GET /api/sessions HTTP/1.1" 200 -
  [06:24:45] [  http] "GET /api/drift HTTP/1.1" 200 -
  [06:24:46] [  http] "GET /api/status HTTP/1.1" 200 -
  [06:24:46] [  http] "GET /api/drift HTTP/1.1" 200 -
  [06:24:46] [  http] "GET /api/session HTTP/1.1" 200 -
  [06:24:46] [  http] "GET /api/sessions HTTP/1.1" 200 -
  [06:24:46] [  http] "GET /api/drift HTTP/1.1" 200 -
  [06:24:47] [  http] "GET /api/status HTTP/1.1" 200 -
  [06:24:47] [  http] "GET /api/aegis/stats?hours=24 HTTP/1.1" 200 -
  [06:24:47] [  http] "GET /api/aegis/healing-log?limit=15 HTTP/1.1" 200 -
  [06:24:47] [  http] "GET /api/aegis/recent-events?limit=15 HTTP/1.1" 200 -
  [06:24:47] [  http] "GET /api/session HTTP/1.1" 200 -
  [06:24:47] [  http] "GET /api/sessions HTTP/1.1" 200 -
  [06:24:47] [  http] "GET /api/status HTTP/1.1" 200 -
  [06:24:47] [  http] "GET /api/aegis/healing-log?limit=15 HTTP/1.1" 200 -
  [06:24:47] [  http] "GET /api/aegis/stats?hours=24 HTTP/1.1" 200 -
  [06:24:47] [  http] "GET /api/aegis/recent-events?limit=15 HTTP/1.1" 200 -
  [06:24:48] [  http] "GET /api/session HTTP/1.1" 200 -
  [06:24:48] [  http] "GET /api/sessions HTTP/1.1" 200 -
  [06:24:48] [  http] "GET /api/aegis/healing-log?limit=15 HTTP/1.1" 200 -
  [06:24:48] [  http] "GET /api/aegis/recent-events?limit=15 HTTP/1.1" 200 -
  [06:24:48] [  http] "GET /api/aegis/stats?hours=24 HTTP/1.1" 200 -
  [06:24:48] [  http] "GET /api/status HTTP/1.1" 200 -
  [06:24:48] [  http] "GET /api/session HTTP/1.1" 200 -
  [06:24:48] [  http] "GET /api/sessions HTTP/1.1" 200 -
  [06:24:48] [  http] "GET /api/drift HTTP/1.1" 200 -
  [06:24:49] [  http] "GET /api/drift HTTP/1.1" 200 -
  [06:24:49] [  http] "GET /api/drift HTTP/1.1" 200 -
  [06:24:50] [  http] "GET /api/governor HTTP/1.1" 200 -
  [06:24:51] [  http] "GET /api/drift HTTP/1.1" 200 -
  [06:24:52] [  http] "GET /api/governor HTTP/1.1" 200 -
  [06:24:52] [  http] "GET /api/aegis/stats?hours=24 HTTP/1.1" 200 -
  [06:24:52] [  http] "GET /api/drift HTTP/1.1" 200 -
  [06:24:52] [  http] "GET /api/aegis/stats?hours=24 HTTP/1.1" 200 -
  [06:24:53] [  http] "GET /api/governor HTTP/1.1" 200 -
  [06:24:53] [  http] "GET /api/drift HTTP/1.1" 200 -
  [06:24:53] [  http] "GET /api/aegis/stats?hours=24 HTTP/1.1" 200 -
  [OV:quantum] ~286 tok, 13.1 tok/s
  [TENSION] xi=0.0647 gamma=0.9392 — primary direct (perspectives agree)
  [06:24:54] [  http] "GET /api/drift HTTP/1.1" 200 -
[MANIFOLD] weights={'newton': 0.5001, 'quantum': 0.4999} xi=0.060 steering=shadow
[AAP] attractor=Fact eps=0.06 trust=0.860
[RENDER-AUDIT] ok overlap=97.22%
[PHASE6] Done: 2003 chars, 652 tokens
  [MEMORY] [generation] baseline=759MB peak=967MB (+208 transient) retained=-3MB in 50.4s (195 samples)
  [WORKER] Got result: response=2003 chars, adapter=newton
  [COGNITION] ξ=0.0647 Γ=0.9392 η=0.9571 σ=0.0 fidelity=0.9722 P=0.334 (all measured)
  [GLYPH] formed ['newton', 'quantum'] (turn 8, 2 total this session)
  [06:24:54] [  http] "POST /api/chat HTTP/1.1" 200 -
  [06:24:55] [  http] "GET /api/drift HTTP/1.1" 200 -
