{
  "state": {
    "confidence_threshold": 0.3963267063811246,
    "multi_perspective_threshold": 0.5667994139401897,
    "contraction_ratio": 0.867073032538319,
    "tension_threshold": 0.21050698192860753,
    "entanglement_alpha": 0.9,
    "adapter_boosts": {},
    "momentum_decay": 0.9,
    "adaptive_lr": true,
    "exploration_rate": 0.1
  },
  "best_state": {
    "confidence_threshold": 0.3963267063811246,
    "multi_perspective_threshold": 0.5667994139401897,
    "contraction_ratio": 0.867073032538319,
    "tension_threshold": 0.21050698192860753,
    "entanglement_alpha": 0.9,
    "adapter_boosts": {},
    "momentum_decay": 0.9,
    "adaptive_lr": true,
    "exploration_rate": 0.1
  },
  "best_score": 0.89983775,
  "temperature": 0.10677728501404324,
  "learning_rate": 0.02007096966037,
  "quality_window": [
    0.877845,
    0.885775,
    0.878345,
    0.7641899999999999,
    0.75764,
    0.7574449999999999,
    0.783195,
    0.7809649999999999,
    0.7615,
    0.75976,
    0.7592099999999999,
    0.7641899999999999,
    0.7641899999999999,
    0.8745649999999999,
    0.882445,
    0.9014449999999999,
    0.8967149999999999,
    0.87915,
    0.8774099999999999,
    0.8772599999999999
  ],
  "momentum": {},
  "parameters": {
    "min_signals": 5,
    "cooling_rate": 0.995,
    "adaptive_lr": true,
    "momentum_enabled": true
  }
}